order_item_id,order_id,product_id,quantity
1,2728,780,4
2,9819,841,4
3,6660,246,4
4,9731,804,3
5,8492,96,4
6,7269,845,3
7,4467,625,2
8,5098,398,4
9,1447,314,3
10,6292,836,2
11,9324,632,3
12,4085,95,3
13,5412,828,4
14,6609,319,2
15,3212,630,3
16,168,965,2
17,6208,812,1
18,9102,962,4
19,4396,785,4
20,6398,429,1
21,1995,678,2
22,2280,591,2
23,3982,681,2
24,4363,393,4
25,2251,191,1
26,3712,479,2
27,3775,498,3
28,873,397,1
29,3339,528,4
30,8060,942,3
31,8534,987,3
32,8123,514,2
33,844,951,3
34,5402,336,4
35,5334,692,4
36,6544,668,3
37,7543,515,4
38,9202,694,1
39,887,908,3
40,5527,69,2
41,6482,653,4
42,6953,268,3
43,9858,271,2
44,6787,938,2
45,2714,479,1
46,6024,421,1
47,4184,986,4
48,5819,198,3
49,4149,182,1
50,1007,299,2
51,1439,702,4
52,7260,257,4
53,1635,887,3
54,2250,52,2
55,5338,85,1
56,9366,995,3
57,356,824,3
58,6699,384,1
59,3858,230,3
60,8968,328,1
61,8904,90,3
62,3073,935,2
63,3045,727,4
64,6936,421,2
65,3051,875,4
66,9684,709,1
67,4574,132,2
68,3350,562,1
69,26,412,1
70,8281,631,1
71,8046,45,1
72,5958,155,2
73,9882,84,3
74,5728,471,3
75,9509,852,4
76,5929,633,1
77,5469,868,2
78,7751,20,2
79,5757,632,4
80,1568,981,1
81,4751,221,3
82,8255,842,2
83,734,320,1
84,7930,491,3
85,2024,227,1
86,7015,79,1
87,9755,770,2
88,2293,112,4
89,9008,602,4
90,4711,348,2
91,7536,113,3
92,7324,245,2
93,717,291,2
94,1355,625,2
95,7266,289,2
96,1426,184,4
97,6963,422,3
98,6524,877,1
99,2876,227,2
100,6582,89,4
101,5830,348,1
102,6858,782,2
103,4105,465,3
104,5436,347,2
105,6898,468,2
106,888,691,2
107,6639,645,4
108,942,148,4
109,5146,116,1
110,127,911,3
111,7154,564,4
112,683,437,1
113,5230,474,1
114,1164,995,2
115,1364,715,1
116,6277,465,2
117,2953,996,2
118,5980,819,2
119,9411,823,2
120,3791,18,3
121,4467,543,3
122,9548,718,3
123,1342,892,4
124,5421,485,1
125,7248,596,3
126,3086,149,1
127,8651,233,1
128,2424,278,2
129,6488,700,3
130,6755,768,3
131,5422,757,1
132,9397,26,2
133,566,312,1
134,1062,331,3
135,8920,517,1
136,5179,101,1
137,9942,227,2
138,4661,401,3
139,4061,230,4
140,3328,783,2
141,107,324,4
142,6035,717,3
143,3171,477,1
144,48,592,3
145,1959,416,3
146,3823,462,4
147,541,656,2
148,1572,806,4
149,176,849,3
150,7223,63,1
151,3014,350,2
152,9041,921,2
153,3477,943,4
154,1517,460,3
155,6238,542,1
156,7439,388,4
157,6144,38,3
158,9901,97,4
159,3879,992,2
160,501,782,1
161,938,703,3
162,5949,914,1
163,6201,622,2
164,4053,735,1
165,7998,603,2
166,6157,295,4
167,458,532,3
168,4915,45,4
169,5741,722,3
170,5816,848,2
171,5474,585,2
172,6040,479,1
173,8151,873,4
174,6041,7,3
175,6422,185,1
176,7684,551,3
177,6970,151,2
178,7376,114,2
179,6729,27,2
180,6276,807,1
181,1988,575,4
182,8398,882,1
183,1926,28,2
184,7144,859,1
185,9628,665,1
186,9660,286,1
187,9106,69,4
188,803,51,2
189,2228,512,4
190,2754,541,1
191,5648,952,4
192,7618,844,4
193,8123,804,1
194,1387,285,4
195,2198,715,4
196,8299,133,1
197,1724,577,3
198,6993,664,4
199,5013,445,1
200,8043,461,2
201,5210,985,3
202,6396,713,1
203,9714,838,2
204,2447,38,3
205,1969,995,2
206,6036,411,2
207,9322,957,4
208,4626,749,2
209,5763,46,1
210,8127,366,1
211,6954,479,3
212,8601,427,4
213,3099,372,1
214,9028,134,1
215,8030,745,4
216,4295,522,4
217,4623,512,4
218,9949,245,3
219,5458,671,3
220,3542,550,2
221,6109,396,4
222,2035,182,3
223,2370,792,1
224,1315,627,2
225,1009,714,4
226,4165,437,1
227,2437,391,4
228,1834,592,1
229,9316,431,2
230,3455,379,2
231,616,218,1
232,4020,784,4
233,9123,222,1
234,5259,657,4
235,8690,136,4
236,6127,238,2
237,5398,864,3
238,2916,434,2
239,873,140,3
240,8993,980,4
241,4155,492,1
242,1864,191,2
243,6607,606,2
244,4758,764,3
245,2003,463,2
246,9349,997,2
247,2090,141,2
248,1356,452,4
249,8368,442,3
250,133,813,2
251,9301,667,3
252,7199,383,1
253,5182,334,4
254,8110,743,4
255,9217,81,4
256,4926,209,1
257,2057,686,3
258,3469,310,3
259,3382,359,2
260,8240,948,1
261,1126,707,3
262,8110,361,1
263,9628,145,4
264,2588,52,3
265,8448,36,2
266,6235,606,3
267,7385,660,3
268,6844,191,3
269,3229,205,1
270,6668,549,4
271,7547,1000,1
272,8534,550,3
273,5317,17,4
274,9382,778,3
275,3733,793,3
276,4359,822,1
277,991,805,1
278,257,308,2
279,7976,799,4
280,4268,638,2
281,5715,286,2
282,1880,943,1
283,1750,872,1
284,8273,559,4
285,1862,220,2
286,9605,252,3
287,7345,995,3
288,3443,542,3
289,8238,910,1
290,1651,92,3
291,8184,39,2
292,4909,470,3
293,6482,55,1
294,6751,294,2
295,6298,192,3
296,5478,931,3
297,4651,427,2
298,54,934,2
299,2023,851,2
300,5599,727,3
301,6380,638,2
302,2361,680,2
303,9333,292,1
304,8032,857,1
305,7288,253,3
306,3754,283,4
307,6276,935,1
308,5580,854,3
309,7738,702,1
310,830,428,1
311,4094,949,1
312,844,453,3
313,1776,401,2
314,5527,137,1
315,4256,648,1
316,2906,1,2
317,2711,299,1
318,7989,347,4
319,1104,393,1
320,9952,346,4
321,4147,681,1
322,8664,750,3
323,4421,125,2
324,3578,691,2
325,7123,402,3
326,203,144,3
327,9786,820,1
328,5387,927,4
329,5235,566,1
330,7197,663,1
331,6115,745,4
332,8992,175,1
333,5394,182,3
334,9710,183,2
335,1404,834,1
336,1682,667,3
337,2622,585,3
338,8254,116,3
339,1805,292,1
340,1378,222,3
341,6501,923,2
342,9511,124,3
343,2760,423,3
344,2521,6,1
345,2659,841,1
346,1771,462,3
347,704,156,1
348,8292,663,3
349,5034,447,4
350,6607,373,3
351,8909,76,2
352,7592,192,1
353,4052,678,4
354,7489,909,3
355,9940,975,1
356,6822,320,3
357,9449,127,3
358,3136,815,2
359,1863,574,1
360,1559,101,2
361,1010,530,3
362,2252,223,1
363,5887,413,2
364,3864,297,2
365,8899,257,1
366,2055,152,3
367,6465,179,4
368,7809,854,1
369,3977,800,2
370,165,143,3
371,4046,960,3
372,2604,248,4
373,7226,820,1
374,7344,486,4
375,486,319,2
376,3243,668,4
377,6990,726,4
378,7697,310,1
379,8833,718,4
380,7976,884,2
381,1230,41,4
382,5539,183,3
383,849,21,2
384,3583,716,1
385,6069,875,1
386,306,705,4
387,2370,291,4
388,2254,353,3
389,2996,443,3
390,4741,907,1
391,7158,763,2
392,9725,183,4
393,7118,771,2
394,9518,565,3
395,3036,225,1
396,9034,174,2
397,6248,664,2
398,2727,796,4
399,9000,667,4
400,8454,22,4
401,651,281,2
402,3806,361,4
403,3785,81,3
404,9484,241,1
405,1322,743,4
406,9480,608,2
407,1326,667,2
408,5223,256,3
409,7661,738,1
410,5672,8,4
411,55,508,4
412,6144,7,3
413,9279,290,4
414,3242,802,3
415,7473,387,4
416,6793,129,1
417,3895,560,1
418,5331,934,3
419,1196,626,3
420,9052,287,3
421,4554,767,2
422,2669,922,3
423,9547,341,3
424,1652,201,2
425,567,761,3
426,1103,360,3
427,1578,596,4
428,3411,676,3
429,1798,943,1
430,425,611,4
431,8158,317,3
432,1758,689,2
433,7027,235,4
434,5825,752,1
435,5492,752,1
436,4126,67,4
437,3889,509,2
438,2305,243,3
439,2201,430,4
440,8231,806,4
441,648,727,2
442,2827,222,1
443,2293,529,1
444,7232,65,2
445,5789,968,3
446,7261,760,3
447,2278,978,1
448,1157,925,2
449,7230,768,3
450,9525,434,2
451,8160,913,2
452,1153,90,3
453,9935,862,2
454,3910,108,1
455,8767,516,4
456,2654,998,2
457,883,837,4
458,5478,801,3
459,432,28,2
460,8726,98,1
461,3989,722,4
462,4880,561,3
463,1519,694,1
464,730,133,1
465,8206,157,3
466,1242,724,3
467,389,558,1
468,7336,47,2
469,8484,269,4
470,1027,435,4
471,8732,457,2
472,3011,778,1
473,4613,582,4
474,177,215,2
475,338,287,2
476,5102,681,4
477,4192,219,2
478,5027,313,2
479,1712,45,4
480,5919,68,1
481,341,302,4
482,32,68,1
483,4789,114,2
484,1999,241,3
485,6003,342,4
486,9359,311,2
487,776,739,4
488,2405,702,2
489,3802,612,3
490,6935,774,4
491,2138,673,1
492,8014,387,1
493,8565,820,4
494,9073,928,4
495,8047,434,4
496,7176,940,3
497,1042,223,4
498,7614,673,1
499,2111,809,2
500,9937,550,1
501,8734,995,2
502,7479,659,2
503,684,285,4
504,3684,40,3
505,5919,120,3
506,5228,350,4
507,8353,828,1
508,7476,849,2
509,4597,117,1
510,8170,985,4
511,5107,746,1
512,4063,642,1
513,5699,898,4
514,5227,523,3
515,3158,929,1
516,8837,653,3
517,3907,678,4
518,2298,34,3
519,4570,848,3
520,9846,196,2
521,9561,188,4
522,1330,691,3
523,4124,32,4
524,3734,529,3
525,6890,918,4
526,139,144,1
527,7672,987,1
528,5819,202,4
529,9158,673,3
530,3046,57,3
531,5883,699,3
532,5515,774,2
533,5237,274,3
534,591,461,4
535,7472,480,2
536,2219,999,1
537,513,759,1
538,7464,799,2
539,150,948,3
540,355,788,3
541,8102,779,1
542,2045,802,2
543,4835,413,1
544,7268,376,4
545,8806,710,1
546,4580,98,1
547,5090,566,4
548,6699,496,1
549,8550,429,3
550,4480,153,4
551,2066,789,3
552,4926,844,4
553,972,713,3
554,9224,562,4
555,7701,85,1
556,257,121,4
557,7639,798,1
558,3784,249,2
559,5347,475,1
560,4674,676,3
561,3673,805,1
562,7596,251,2
563,5046,861,4
564,6933,792,4
565,4201,616,1
566,3503,655,1
567,4273,818,2
568,8412,104,4
569,7247,640,2
570,4279,414,2
571,4647,479,1
572,4629,876,1
573,1725,952,2
574,970,96,4
575,4726,251,2
576,4055,86,3
577,5854,706,4
578,6089,100,1
579,2721,475,3
580,9744,83,4
581,932,23,2
582,4444,248,4
583,4437,203,2
584,5802,910,4
585,7685,304,1
586,5417,216,4
587,2263,323,1
588,2537,211,1
589,1197,842,3
590,4225,112,1
591,1861,607,1
592,2253,29,4
593,190,501,1
594,4061,755,4
595,9553,209,1
596,542,370,2
597,2893,78,3
598,4339,168,4
599,7172,670,2
600,5989,836,2
601,9184,272,2
602,5177,794,4
603,1965,127,4
604,1781,987,3
605,9354,733,3
606,4426,753,2
607,6769,812,1
608,8749,282,3
609,5155,215,4
610,5190,549,2
611,6578,543,2
612,6042,62,1
613,4419,872,3
614,515,188,2
615,2189,200,3
616,9096,380,2
617,5699,524,1
618,3380,972,3
619,2809,521,1
620,5507,29,4
621,5180,47,4
622,8331,91,4
623,3471,370,3
624,4829,934,2
625,5868,186,3
626,7756,505,4
627,7905,260,3
628,4481,580,4
629,4335,814,2
630,556,314,4
631,4626,827,1
632,800,446,1
633,6333,582,2
634,6393,305,4
635,2063,984,4
636,5967,826,3
637,3407,509,4
638,9728,234,3
639,4756,669,4
640,340,597,1
641,2290,125,1
642,4165,25,4
643,2575,881,3
644,4150,830,3
645,3246,618,4
646,714,95,4
647,991,588,2
648,2316,863,3
649,7680,32,4
650,9236,147,4
651,2230,370,1
652,7814,304,2
653,2038,703,4
654,931,223,2
655,6091,61,2
656,9577,305,2
657,9790,521,3
658,4382,961,2
659,7536,571,3
660,2545,703,2
661,7003,93,4
662,9692,933,3
663,9338,425,3
664,5508,949,3
665,9905,716,3
666,5801,863,4
667,8308,897,1
668,2840,460,2
669,1790,505,3
670,2355,450,1
671,8669,235,2
672,2377,955,3
673,388,166,2
674,9826,989,2
675,6458,884,2
676,7796,397,1
677,7564,419,3
678,499,785,3
679,663,285,4
680,5511,680,3
681,1627,83,2
682,9052,387,2
683,8269,82,1
684,261,359,1
685,2226,725,2
686,8715,736,2
687,621,489,3
688,5547,602,3
689,2781,813,2
690,7248,799,4
691,8035,494,3
692,2992,212,2
693,5216,716,3
694,3556,933,2
695,7485,199,2
696,7217,533,2
697,9961,429,2
698,1308,845,3
699,1962,43,1
700,2261,389,1
701,8024,452,2
702,1110,264,2
703,4119,977,4
704,9327,683,4
705,5625,222,4
706,1119,370,3
707,7806,255,1
708,432,365,2
709,71,574,2
710,1074,570,4
711,3637,32,3
712,848,488,2
713,3817,479,4
714,3732,108,2
715,7805,198,3
716,1404,760,3
717,8474,349,1
718,2620,701,4
719,6114,622,1
720,8610,153,4
721,8915,734,1
722,5,623,1
723,7735,155,2
724,451,575,4
725,1400,893,2
726,1987,535,3
727,5689,185,2
728,9769,659,3
729,9343,424,1
730,2153,241,2
731,1236,833,3
732,8456,739,4
733,5748,118,4
734,5911,457,1
735,3240,172,2
736,226,839,1
737,7110,885,1
738,9913,290,1
739,7617,345,1
740,2774,978,3
741,1995,970,2
742,394,49,4
743,8409,641,4
744,8088,666,3
745,8449,718,4
746,5318,349,3
747,81,602,3
748,9422,772,1
749,4976,344,1
750,4861,634,4
751,2884,923,2
752,6404,423,3
753,6445,132,4
754,2917,514,4
755,5557,107,1
756,4720,786,2
757,645,316,2
758,9068,277,3
759,754,699,3
760,6576,150,1
761,7979,898,4
762,4273,679,2
763,4848,620,2
764,9405,926,3
765,1747,436,4
766,7359,263,1
767,7236,570,4
768,9235,524,3
769,8732,323,4
770,4436,636,1
771,1410,56,4
772,7156,469,2
773,7026,297,1
774,8258,459,2
775,9488,461,3
776,3550,466,4
777,859,75,2
778,4567,589,2
779,1795,442,3
780,5839,693,2
781,4239,253,4
782,8956,15,3
783,7216,3,3
784,644,495,2
785,6374,353,1
786,8339,859,4
787,6116,404,2
788,7080,922,2
789,823,854,2
790,2606,481,2
791,5609,795,4
792,1931,145,3
793,6380,913,4
794,3025,75,2
795,4083,5,1
796,9054,800,3
797,7502,676,3
798,9618,118,3
799,3836,146,3
800,2976,349,4
801,6237,21,1
802,9509,553,1
803,5467,939,4
804,8810,218,4
805,9925,48,2
806,506,208,3
807,1199,841,2
808,6647,347,2
809,2049,603,3
810,7106,750,3
811,9865,880,4
812,7229,836,1
813,8165,821,1
814,6983,46,1
815,8172,279,4
816,1628,852,3
817,3926,254,4
818,515,53,3
819,9688,82,4
820,5061,914,3
821,3228,397,4
822,1351,677,4
823,3906,516,4
824,7155,191,1
825,5862,914,4
826,8025,820,3
827,102,757,3
828,4178,996,3
829,8219,448,4
830,1998,537,2
831,4760,779,4
832,5040,69,3
833,2791,501,3
834,3832,643,1
835,4108,112,4
836,2837,429,2
837,4231,703,2
838,1347,649,2
839,2235,210,2
840,9442,891,2
841,2010,322,1
842,235,473,1
843,3468,882,2
844,111,297,3
845,8380,265,3
846,6880,465,4
847,1165,373,3
848,1810,752,4
849,6224,400,1
850,4862,324,4
851,8980,604,2
852,9450,87,1
853,6585,703,3
854,6072,451,4
855,8054,943,4
856,6546,955,3
857,7764,737,4
858,6306,411,3
859,7876,997,4
860,768,576,3
861,2060,9,3
862,2289,601,4
863,5093,338,3
864,3032,73,4
865,5960,64,3
866,9392,639,4
867,8671,138,4
868,2353,480,3
869,4901,759,3
870,2323,171,1
871,7064,79,3
872,666,425,2
873,9748,847,4
874,3804,661,4
875,4516,36,1
876,6225,820,4
877,2289,313,4
878,7075,208,1
879,4027,167,1
880,4210,254,1
881,3179,92,2
882,9285,841,2
883,3962,841,1
884,1295,112,1
885,8329,270,1
886,6562,363,3
887,8221,545,3
888,5622,536,4
889,5240,381,2
890,4744,365,2
891,9331,403,1
892,5630,77,3
893,3160,422,4
894,4145,355,4
895,8574,217,3
896,1194,960,4
897,9370,901,2
898,8220,468,1
899,3958,337,3
900,6512,979,4
901,7079,997,2
902,3332,828,3
903,8802,448,3
904,1119,476,2
905,5358,968,4
906,753,710,1
907,9831,630,1
908,7081,133,3
909,6957,957,3
910,7710,432,2
911,9698,201,4
912,8793,291,2
913,7072,538,3
914,1916,497,4
915,3134,445,4
916,9251,745,1
917,1483,833,1
918,2149,671,4
919,1263,622,1
920,5126,877,2
921,148,193,4
922,2603,104,2
923,2035,795,3
924,1233,586,1
925,4490,921,3
926,6271,176,3
927,4435,428,2
928,2466,37,1
929,6402,345,4
930,6686,223,2
931,9858,218,3
932,598,535,2
933,4718,194,2
934,6280,132,3
935,3942,690,1
936,4531,15,2
937,880,659,4
938,5143,321,3
939,1074,689,3
940,2616,63,2
941,4639,542,3
942,3107,772,3
943,808,500,3
944,6047,15,2
945,4043,965,2
946,8446,56,4
947,401,144,3
948,4421,5,3
949,3314,89,1
950,198,480,4
951,1577,686,2
952,3861,694,3
953,3958,962,2
954,8012,487,2
955,8021,447,3
956,5623,264,4
957,6519,67,4
958,2086,455,3
959,7796,970,2
960,5531,329,3
961,9133,949,1
962,4721,480,1
963,2945,931,4
964,6657,439,1
965,5564,913,2
966,9505,223,2
967,9949,273,2
968,7581,725,1
969,2275,985,1
970,5665,61,1
971,3403,906,3
972,3647,652,2
973,9329,52,4
974,2583,484,3
975,8262,186,3
976,7315,485,2
977,3527,722,1
978,2157,618,1
979,3622,461,1
980,9839,113,2
981,7236,355,2
982,9296,714,3
983,5162,474,1
984,4716,822,2
985,1381,809,1
986,6905,963,2
987,2905,35,4
988,5329,613,1
989,752,4,3
990,4120,195,4
991,4116,898,2
992,6428,274,3
993,4113,216,2
994,9232,828,4
995,9638,96,3
996,2415,161,1
997,924,475,2
998,2706,942,4
999,6521,736,2
1000,5229,161,4
1001,8334,49,4
1002,8936,328,4
1003,1744,58,2
1004,3087,554,3
1005,3573,41,1
1006,715,603,1
1007,983,682,4
1008,3469,650,2
1009,5606,527,4
1010,7797,955,4
1011,5419,291,4
1012,6057,565,4
1013,1976,491,2
1014,9057,674,3
1015,7578,670,1
1016,3954,297,3
1017,6901,654,2
1018,3609,189,3
1019,6203,363,4
1020,8657,292,1
1021,5476,304,4
1022,3289,341,1
1023,7628,321,4
1024,3343,322,1
1025,8433,376,1
1026,8188,406,4
1027,5882,721,3
1028,9502,419,3
1029,6748,13,1
1030,3747,723,2
1031,7336,762,3
1032,2515,187,4
1033,4458,529,3
1034,2289,91,1
1035,9240,164,2
1036,2096,334,1
1037,4352,347,3
1038,7864,940,3
1039,3244,465,2
1040,3766,497,4
1041,6771,47,3
1042,1149,292,2
1043,7040,315,2
1044,941,190,4
1045,758,559,1
1046,3616,810,4
1047,2544,184,2
1048,1997,17,2
1049,5927,654,2
1050,5102,914,2
1051,9931,157,2
1052,9951,654,3
1053,540,90,3
1054,9303,404,2
1055,9126,267,1
1056,7551,825,4
1057,9694,830,3
1058,3247,618,1
1059,8942,480,2
1060,4818,770,4
1061,6601,469,1
1062,825,974,4
1063,8287,160,3
1064,4972,409,4
1065,6425,387,3
1066,9208,228,4
1067,80,697,3
1068,3447,531,4
1069,8284,163,3
1070,269,543,3
1071,5496,594,2
1072,5476,807,4
1073,2707,585,4
1074,3021,387,4
1075,9267,769,2
1076,3453,827,2
1077,5365,459,2
1078,7993,251,3
1079,6765,944,2
1080,7760,985,1
1081,4432,479,2
1082,3153,800,2
1083,4151,654,3
1084,7053,427,4
1085,1727,48,3
1086,1641,960,3
1087,9823,747,4
1088,1425,560,1
1089,6201,891,4
1090,2766,515,4
1091,8519,713,4
1092,2776,279,3
1093,9898,916,3
1094,312,773,2
1095,5902,86,4
1096,5309,428,1
1097,3761,684,3
1098,4475,49,2
1099,3856,890,1
1100,8921,254,1
1101,1988,405,2
1102,4389,481,4
1103,9595,70,2
1104,3334,506,4
1105,9871,993,2
1106,9993,565,1
1107,1492,795,2
1108,2621,953,1
1109,1258,395,2
1110,1570,514,3
1111,2956,32,1
1112,2512,247,1
1113,5961,156,2
1114,1200,951,2
1115,3971,834,4
1116,3553,696,1
1117,4770,787,1
1118,9727,567,2
1119,1304,172,4
1120,746,188,2
1121,2003,563,4
1122,7929,192,1
1123,1842,188,3
1124,9903,19,2
1125,1601,680,4
1126,7962,651,3
1127,6535,926,1
1128,128,716,1
1129,1724,672,1
1130,7585,386,3
1131,3483,841,2
1132,4818,871,3
1133,8677,245,3
1134,3584,803,4
1135,1864,382,1
1136,5122,292,4
1137,4989,446,1
1138,1861,477,1
1139,9052,464,1
1140,2186,495,2
1141,8734,991,2
1142,544,865,3
1143,873,48,2
1144,8515,10,2
1145,4638,643,1
1146,2929,858,2
1147,2749,116,4
1148,207,26,3
1149,9836,892,2
1150,2916,272,1
1151,8952,240,2
1152,5740,192,4
1153,6298,165,3
1154,2418,672,1
1155,2688,91,2
1156,1831,102,4
1157,7657,578,3
1158,4754,170,2
1159,2744,912,4
1160,8096,696,1
1161,1664,768,1
1162,6569,457,1
1163,1851,823,4
1164,7673,814,4
1165,2224,976,1
1166,2942,328,1
1167,5458,194,4
1168,4204,773,2
1169,7083,454,2
1170,258,175,2
1171,669,630,3
1172,1371,495,3
1173,3420,657,1
1174,4636,969,1
1175,5915,811,2
1176,1272,623,3
1177,1217,63,3
1178,451,459,3
1179,5239,3,3
1180,8222,328,2
1181,8975,299,4
1182,8019,458,1
1183,3813,801,4
1184,8261,257,4
1185,7407,625,4
1186,812,752,1
1187,9161,671,2
1188,389,667,4
1189,6435,280,3
1190,661,348,2
1191,5275,336,1
1192,1380,510,2
1193,7240,172,4
1194,9748,454,2
1195,2254,562,2
1196,9253,27,1
1197,8965,930,2
1198,2138,12,3
1199,1769,93,2
1200,1036,847,2
1201,4189,29,4
1202,3203,871,4
1203,8752,32,1
1204,9774,41,3
1205,483,184,3
1206,680,411,3
1207,1053,68,4
1208,4476,877,4
1209,1273,737,1
1210,7552,51,4
1211,4449,554,3
1212,7208,581,4
1213,8360,570,4
1214,3199,646,1
1215,2680,916,3
1216,918,459,1
1217,5045,650,3
1218,8897,702,1
1219,4038,556,1
1220,9463,64,1
1221,1636,772,3
1222,5494,716,4
1223,8190,815,4
1224,7615,450,4
1225,1167,599,3
1226,2118,275,4
1227,475,99,4
1228,640,582,2
1229,1550,461,4
1230,5021,340,1
1231,7917,891,4
1232,658,133,2
1233,3370,569,1
1234,4122,721,3
1235,3769,313,4
1236,8271,895,2
1237,7216,472,2
1238,5286,883,2
1239,2438,61,3
1240,9635,660,2
1241,8719,275,4
1242,3863,370,4
1243,2862,470,2
1244,9957,898,2
1245,3522,644,3
1246,7744,914,1
1247,2678,717,3
1248,492,916,2
1249,9427,516,4
1250,6942,201,3
1251,6294,294,3
1252,4368,139,4
1253,4071,600,2
1254,5229,741,4
1255,5683,135,2
1256,9877,80,4
1257,7438,415,2
1258,2549,485,2
1259,5464,997,2
1260,3845,878,3
1261,49,962,4
1262,2590,58,1
1263,6735,435,2
1264,4028,277,1
1265,1912,269,2
1266,1506,384,4
1267,3216,262,3
1268,2901,996,4
1269,3470,411,2
1270,8654,570,4
1271,2982,909,2
1272,3195,374,4
1273,527,291,3
1274,4364,373,3
1275,1921,758,3
1276,3333,278,3
1277,2414,87,1
1278,1725,479,3
1279,4345,911,3
1280,4801,582,3
1281,7833,657,3
1282,2732,784,1
1283,9081,545,3
1284,2944,877,3
1285,6203,244,1
1286,6015,77,2
1287,1823,126,4
1288,4475,771,4
1289,2845,924,3
1290,6348,296,2
1291,9612,611,4
1292,2844,260,4
1293,3348,331,2
1294,8656,904,4
1295,6139,784,1
1296,5901,246,1
1297,1002,476,3
1298,1954,268,3
1299,1234,817,2
1300,4555,492,2
1301,3844,50,3
1302,7628,833,2
1303,4262,333,2
1304,1249,27,1
1305,2299,258,4
1306,4913,926,2
1307,7839,548,4
1308,2753,316,2
1309,778,838,1
1310,4402,648,4
1311,218,436,4
1312,9673,399,1
1313,434,387,4
1314,3971,768,4
1315,5072,622,1
1316,2410,819,1
1317,8502,935,4
1318,9794,979,1
1319,6321,347,1
1320,6959,80,3
1321,7173,86,3
1322,9525,10,1
1323,1761,923,2
1324,5218,3,2
1325,3130,84,4
1326,723,2,3
1327,864,192,4
1328,2705,572,4
1329,8380,986,2
1330,2190,116,2
1331,985,568,4
1332,1310,271,3
1333,2311,381,1
1334,7571,634,4
1335,6238,633,4
1336,8279,897,3
1337,2686,34,1
1338,1106,293,1
1339,4560,859,3
1340,2236,264,4
1341,227,658,4
1342,3651,863,4
1343,2779,253,4
1344,1110,736,3
1345,9484,378,2
1346,8501,722,3
1347,9814,726,3
1348,7487,999,3
1349,7710,715,4
1350,3496,917,4
1351,9975,516,2
1352,9717,236,1
1353,5571,322,4
1354,7830,589,4
1355,9844,657,2
1356,6389,455,4
1357,260,481,3
1358,1634,42,3
1359,9612,224,3
1360,8774,106,3
1361,73,791,3
1362,3767,584,1
1363,3873,350,4
1364,417,896,2
1365,8696,365,4
1366,6277,436,1
1367,6868,217,3
1368,5035,693,4
1369,6436,18,4
1370,5352,866,1
1371,2809,90,1
1372,1452,513,3
1373,2123,399,2
1374,2241,389,3
1375,4682,937,1
1376,8625,24,2
1377,4546,354,3
1378,998,514,3
1379,9938,649,2
1380,5270,416,3
1381,3939,345,2
1382,4529,657,2
1383,7711,792,4
1384,9679,339,1
1385,7328,741,4
1386,5940,793,3
1387,7517,918,2
1388,7961,897,3
1389,9178,832,3
1390,2535,339,1
1391,2793,175,3
1392,9025,850,3
1393,6870,469,1
1394,1349,676,4
1395,5319,792,2
1396,2586,873,4
1397,9650,770,2
1398,4486,577,4
1399,5370,899,2
1400,3425,806,4
1401,8133,261,1
1402,2330,62,2
1403,8471,348,3
1404,624,449,1
1405,965,574,3
1406,1470,351,1
1407,2112,290,2
1408,6797,578,3
1409,7697,911,3
1410,3628,858,3
1411,1134,725,2
1412,9966,892,4
1413,6146,723,2
1414,5468,165,3
1415,6836,73,3
1416,2144,741,4
1417,2746,23,3
1418,976,524,3
1419,2306,23,4
1420,4032,210,3
1421,6679,79,1
1422,8638,614,4
1423,8612,508,2
1424,7354,148,2
1425,6266,924,3
1426,9884,915,2
1427,3581,709,1
1428,4700,105,1
1429,7881,88,4
1430,791,252,2
1431,3792,63,3
1432,4783,289,1
1433,8670,666,3
1434,4093,430,4
1435,889,681,2
1436,261,646,2
1437,1429,228,4
1438,9066,554,1
1439,2595,701,1
1440,515,595,2
1441,6808,498,4
1442,8171,963,4
1443,7599,466,2
1444,6817,351,4
1445,6185,319,3
1446,5712,306,3
1447,954,214,3
1448,8262,114,3
1449,4098,207,3
1450,1820,111,1
1451,2290,391,2
1452,9408,323,3
1453,3366,241,1
1454,8805,634,2
1455,3149,708,2
1456,3090,669,1
1457,3372,374,1
1458,5101,998,3
1459,5511,765,1
1460,7611,24,2
1461,6169,257,1
1462,7081,142,4
1463,233,395,4
1464,4612,735,1
1465,5241,648,1
1466,4866,314,4
1467,7160,161,1
1468,6883,983,3
1469,9216,251,3
1470,2226,465,4
1471,4084,56,2
1472,9555,289,1
1473,7157,581,3
1474,7832,941,2
1475,5651,172,1
1476,2584,235,3
1477,8311,635,2
1478,7438,474,1
1479,2635,384,2
1480,8799,271,1
1481,9696,686,3
1482,9886,367,1
1483,6293,695,3
1484,9542,69,3
1485,5138,857,4
1486,4804,306,4
1487,4120,786,3
1488,2366,244,1
1489,495,265,1
1490,6069,174,3
1491,2560,898,4
1492,8119,552,3
1493,5411,262,4
1494,153,807,1
1495,8227,603,4
1496,7997,614,3
1497,739,128,3
1498,6157,463,1
1499,3744,434,4
1500,2348,777,3
1501,729,761,2
1502,8250,715,1
1503,939,817,3
1504,1257,473,4
1505,532,849,4
1506,3954,277,4
1507,703,690,2
1508,1735,424,1
1509,3631,680,3
1510,207,765,4
1511,9625,633,2
1512,1439,395,3
1513,5736,493,3
1514,2908,500,3
1515,4729,664,2
1516,8239,729,2
1517,2057,779,4
1518,8027,704,3
1519,1480,983,3
1520,856,434,4
1521,8538,958,1
1522,5694,368,4
1523,1800,710,3
1524,5977,856,4
1525,6823,83,4
1526,6793,574,3
1527,707,580,2
1528,6891,957,2
1529,6358,257,4
1530,232,350,3
1531,5138,123,4
1532,1910,885,1
1533,3590,213,3
1534,6805,193,2
1535,2158,268,3
1536,1223,524,2
1537,6115,405,4
1538,1104,608,2
1539,1336,972,2
1540,7040,926,4
1541,5111,572,4
1542,9499,498,3
1543,8612,494,4
1544,3248,88,4
1545,3678,60,3
1546,2655,507,1
1547,4258,726,2
1548,6369,585,2
1549,2957,781,3
1550,9231,750,1
1551,6914,257,2
1552,3852,5,1
1553,2198,495,3
1554,6642,601,1
1555,1813,500,4
1556,3340,997,1
1557,9928,93,4
1558,3994,478,1
1559,8588,372,3
1560,3707,832,4
1561,73,431,2
1562,2848,198,1
1563,6771,194,3
1564,6836,482,2
1565,5781,503,4
1566,6123,401,3
1567,2724,785,3
1568,1064,2,3
1569,138,859,1
1570,3557,876,2
1571,7681,209,1
1572,3572,771,2
1573,5056,786,2
1574,7283,312,4
1575,3392,767,3
1576,2087,700,2
1577,5596,860,4
1578,1325,119,2
1579,211,989,2
1580,8849,4,4
1581,9547,338,4
1582,2274,678,1
1583,9211,343,2
1584,1050,728,1
1585,1539,672,2
1586,8234,781,1
1587,7646,497,1
1588,3426,653,4
1589,6946,395,4
1590,3745,402,3
1591,7867,180,1
1592,4035,163,4
1593,5348,596,3
1594,5510,11,2
1595,3295,701,4
1596,807,735,2
1597,9851,285,1
1598,3686,503,3
1599,3584,354,2
1600,1764,676,2
1601,2545,728,3
1602,5619,130,4
1603,5408,425,4
1604,1608,597,3
1605,778,833,2
1606,894,379,4
1607,8214,466,1
1608,7473,809,1
1609,2062,718,4
1610,5403,156,3
1611,4786,815,1
1612,8201,365,2
1613,9821,980,2
1614,8318,515,2
1615,66,929,1
1616,5375,124,3
1617,9620,479,4
1618,8138,424,3
1619,9411,92,2
1620,6553,744,1
1621,6689,878,3
1622,7217,424,3
1623,2256,521,2
1624,2194,721,4
1625,1779,860,3
1626,4406,726,1
1627,2147,577,3
1628,9207,877,3
1629,9510,798,3
1630,3109,688,3
1631,5241,470,4
1632,6706,885,4
1633,1259,740,2
1634,8886,549,4
1635,5624,641,3
1636,270,796,1
1637,9546,872,1
1638,6022,609,3
1639,6559,763,4
1640,8448,193,2
1641,3413,578,3
1642,9686,775,2
1643,6286,827,1
1644,1918,594,3
1645,1425,158,4
1646,503,426,4
1647,1738,576,3
1648,3765,420,1
1649,8701,505,1
1650,7182,140,1
1651,2292,30,2
1652,3518,564,1
1653,1093,162,1
1654,9468,633,4
1655,6489,873,4
1656,7023,226,4
1657,2686,967,1
1658,3267,663,4
1659,3663,303,3
1660,8246,230,4
1661,5925,431,4
1662,16,472,1
1663,9492,645,1
1664,5694,416,3
1665,8035,825,3
1666,3176,604,4
1667,8014,490,1
1668,5205,267,4
1669,7383,207,2
1670,1244,402,3
1671,9782,6,3
1672,4433,436,4
1673,3950,736,1
1674,5797,530,4
1675,8746,128,1
1676,2636,339,2
1677,1549,140,2
1678,6921,860,4
1679,2094,324,3
1680,8116,797,1
1681,536,578,3
1682,8449,53,3
1683,232,870,1
1684,4815,396,1
1685,5169,623,4
1686,213,42,1
1687,1153,939,1
1688,573,462,2
1689,8505,519,3
1690,4222,402,4
1691,3798,646,3
1692,8129,290,2
1693,6585,772,2
1694,9401,652,1
1695,9085,619,3
1696,1715,216,1
1697,9411,544,3
1698,9425,388,4
1699,1109,537,2
1700,2351,112,2
1701,218,359,3
1702,2062,955,3
1703,2870,368,1
1704,1697,89,1
1705,3217,774,3
1706,9850,308,1
1707,9468,301,2
1708,9461,290,1
1709,2973,322,4
1710,9661,38,2
1711,2286,253,4
1712,6861,480,4
1713,7049,38,4
1714,2709,862,3
1715,1164,916,2
1716,5075,18,2
1717,9244,627,4
1718,9014,224,4
1719,4699,298,2
1720,350,541,1
1721,8365,202,4
1722,3913,165,2
1723,7336,723,1
1724,2956,395,4
1725,3971,523,2
1726,73,484,1
1727,5706,956,3
1728,9163,82,3
1729,1921,228,2
1730,1728,80,4
1731,8346,425,1
1732,5589,449,4
1733,6652,863,4
1734,8083,74,2
1735,9154,566,2
1736,547,896,2
1737,968,944,2
1738,8695,994,4
1739,5237,824,4
1740,4421,35,3
1741,8250,640,2
1742,3904,696,1
1743,3428,428,1
1744,6195,449,4
1745,8682,494,1
1746,9743,893,2
1747,4363,778,4
1748,2867,388,3
1749,5597,769,4
1750,1051,194,4
1751,4618,591,4
1752,7810,971,3
1753,5956,98,3
1754,5184,235,4
1755,5840,784,2
1756,5824,455,3
1757,4869,695,2
1758,5295,143,4
1759,9889,588,1
1760,1844,836,3
1761,1708,781,1
1762,1839,323,4
1763,7805,915,2
1764,3805,557,3
1765,1222,328,4
1766,7010,294,4
1767,8101,38,3
1768,988,677,4
1769,8718,10,2
1770,8258,753,2
1771,1110,881,2
1772,4247,445,3
1773,992,182,4
1774,5244,522,4
1775,846,255,3
1776,5638,386,2
1777,3950,875,2
1778,8856,592,2
1779,4002,308,3
1780,2268,286,3
1781,7407,55,3
1782,1264,325,3
1783,7709,874,2
1784,6594,197,1
1785,3319,824,2
1786,4413,694,2
1787,7602,91,4
1788,1804,682,4
1789,2633,733,4
1790,9503,958,4
1791,4112,493,4
1792,2947,976,2
1793,7691,26,2
1794,9118,353,3
1795,7694,574,4
1796,3038,424,1
1797,9352,889,2
1798,2013,816,2
1799,2931,742,3
1800,1480,791,2
1801,3653,143,1
1802,6419,190,3
1803,3943,702,3
1804,1554,934,3
1805,4499,350,3
1806,4559,66,2
1807,5215,552,2
1808,1402,268,1
1809,839,912,2
1810,5688,412,2
1811,459,208,2
1812,8276,155,4
1813,7780,196,3
1814,4961,892,1
1815,5053,458,4
1816,5903,454,1
1817,6990,849,4
1818,2282,95,2
1819,2421,799,3
1820,978,538,4
1821,2829,871,4
1822,8786,322,4
1823,4787,984,2
1824,4884,449,4
1825,829,702,2
1826,3456,21,2
1827,5923,558,4
1828,2902,534,3
1829,6473,479,2
1830,6438,215,1
1831,6499,208,2
1832,270,873,3
1833,6348,43,1
1834,7686,162,4
1835,2495,527,1
1836,3861,968,2
1837,6640,320,1
1838,8448,846,3
1839,8186,289,1
1840,1480,444,2
1841,4164,874,2
1842,567,235,1
1843,1001,731,1
1844,6361,422,2
1845,6150,442,2
1846,2355,537,3
1847,5945,858,3
1848,5014,75,3
1849,44,547,3
1850,7434,631,4
1851,2495,167,3
1852,1245,783,1
1853,31,524,3
1854,8636,438,1
1855,597,392,4
1856,717,758,1
1857,2993,888,4
1858,101,304,4
1859,9686,19,1
1860,7245,269,3
1861,3265,524,1
1862,6222,913,2
1863,5117,285,1
1864,392,427,4
1865,8055,559,3
1866,5234,482,2
1867,2417,931,1
1868,7055,358,1
1869,2912,934,3
1870,2505,919,2
1871,8599,586,2
1872,5678,273,3
1873,230,472,1
1874,1109,658,1
1875,7604,775,2
1876,8452,384,1
1877,2768,250,1
1878,5670,655,1
1879,6974,445,4
1880,1545,259,3
1881,3834,953,2
1882,3264,795,1
1883,8186,783,1
1884,4174,467,3
1885,5847,262,1
1886,2797,577,2
1887,4796,772,2
1888,2566,6,2
1889,8318,982,1
1890,5842,806,2
1891,780,522,3
1892,2273,114,4
1893,6431,561,1
1894,1970,996,2
1895,6834,622,4
1896,2724,343,1
1897,5368,778,1
1898,7819,755,2
1899,2227,286,1
1900,3796,909,3
1901,3910,56,2
1902,2766,375,1
1903,2759,499,3
1904,9837,407,2
1905,3928,575,2
1906,8288,984,3
1907,4845,49,2
1908,7895,658,4
1909,5813,264,2
1910,9767,599,3
1911,2530,864,3
1912,8595,20,2
1913,3683,27,4
1914,4173,841,1
1915,4711,570,4
1916,4028,850,2
1917,9680,665,1
1918,8444,327,1
1919,5451,998,1
1920,4463,960,4
1921,1734,343,1
1922,5161,121,2
1923,3464,478,4
1924,2792,108,1
1925,852,495,3
1926,4734,264,4
1927,9379,708,2
1928,9307,110,1
1929,7728,128,4
1930,4120,875,1
1931,485,206,3
1932,5842,404,3
1933,8683,406,3
1934,7976,773,2
1935,7846,301,3
1936,9812,388,4
1937,6178,969,1
1938,7250,139,2
1939,6452,388,1
1940,4788,872,4
1941,4315,107,2
1942,110,572,1
1943,8901,2,2
1944,7150,530,2
1945,8210,655,2
1946,5826,861,2
1947,8741,695,3
1948,78,314,2
1949,9517,253,3
1950,1917,412,1
1951,2241,406,3
1952,7916,998,4
1953,6119,136,4
1954,6861,575,3
1955,9158,958,1
1956,3556,683,1
1957,7002,202,4
1958,7699,536,1
1959,7536,323,2
1960,4287,855,1
1961,4072,347,2
1962,7987,395,3
1963,2568,625,2
1964,3608,12,2
1965,5864,247,3
1966,2223,759,4
1967,685,535,3
1968,3084,186,4
1969,3879,298,1
1970,1524,87,3
1971,9870,501,3
1972,7460,337,3
1973,8020,207,4
1974,7590,38,3
1975,9642,976,1
1976,9436,428,4
1977,8750,70,3
1978,5974,843,4
1979,5512,589,4
1980,7385,239,4
1981,1542,799,1
1982,3287,792,3
1983,348,352,4
1984,3369,931,4
1985,8871,926,1
1986,839,532,1
1987,4807,830,1
1988,8142,990,3
1989,7034,640,3
1990,3516,33,4
1991,2647,825,1
1992,8239,677,4
1993,7438,822,1
1994,6953,976,1
1995,6344,328,4
1996,2967,238,4
1997,4051,316,1
1998,1946,33,3
1999,8816,880,3
2000,7204,570,4
2001,7361,956,1
2002,2383,395,3
2003,7817,711,2
2004,8999,852,1
2005,9065,993,2
2006,9615,861,1
2007,2724,870,4
2008,9212,639,3
2009,2697,265,1
2010,6625,27,3
2011,1638,737,3
2012,9180,798,3
2013,6028,198,4
2014,3718,64,3
2015,3515,467,4
2016,3330,127,3
2017,6037,580,4
2018,8095,23,4
2019,2020,446,3
2020,4183,561,1
2021,4440,768,3
2022,38,5,1
2023,4453,38,4
2024,6056,421,1
2025,2442,245,1
2026,835,745,4
2027,5118,993,1
2028,7284,788,4
2029,2604,599,4
2030,8587,759,2
2031,2892,751,3
2032,5006,158,4
2033,3378,761,3
2034,4238,603,4
2035,9433,843,2
2036,6142,118,4
2037,3194,832,4
2038,6683,647,3
2039,4520,457,3
2040,8336,923,4
2041,9180,720,2
2042,7936,932,1
2043,981,860,3
2044,3073,998,2
2045,5810,664,1
2046,7048,710,4
2047,7530,124,3
2048,3196,732,4
2049,34,787,1
2050,7791,297,2
2051,329,264,1
2052,2586,359,4
2053,965,48,3
2054,1982,206,1
2055,6702,699,4
2056,8098,477,3
2057,2420,492,1
2058,7174,114,2
2059,7339,590,4
2060,1681,450,4
2061,3490,760,3
2062,152,421,3
2063,2924,714,4
2064,2577,584,1
2065,4819,216,1
2066,7981,931,4
2067,7568,408,2
2068,2752,869,4
2069,568,148,3
2070,5112,253,1
2071,6493,656,2
2072,9414,69,3
2073,8361,317,4
2074,4469,908,4
2075,2067,344,4
2076,888,846,3
2077,6291,827,4
2078,8395,162,1
2079,3346,447,1
2080,6403,711,1
2081,5248,728,3
2082,538,680,2
2083,6437,933,1
2084,3893,264,1
2085,7722,232,1
2086,2213,159,1
2087,7078,394,4
2088,7135,416,3
2089,4694,672,1
2090,5314,240,2
2091,4551,161,1
2092,6749,579,3
2093,3626,343,2
2094,2731,968,4
2095,1201,478,1
2096,5992,568,1
2097,3929,1000,1
2098,5455,464,2
2099,3061,119,2
2100,6196,795,4
2101,9141,776,4
2102,4860,366,3
2103,6100,137,4
2104,1806,323,1
2105,495,452,1
2106,5699,682,3
2107,8155,9,3
2108,2564,638,3
2109,592,576,4
2110,8710,505,3
2111,4740,95,2
2112,3129,352,4
2113,2840,956,3
2114,9197,407,2
2115,6540,253,3
2116,7060,26,1
2117,6274,664,2
2118,5485,682,3
2119,1031,375,1
2120,7907,820,4
2121,5952,78,2
2122,7777,899,3
2123,9634,343,2
2124,1097,856,2
2125,7444,822,2
2126,4377,784,3
2127,5477,543,1
2128,1084,640,4
2129,6933,705,2
2130,1835,203,3
2131,6831,782,1
2132,6500,284,4
2133,1261,328,2
2134,7071,789,3
2135,4068,155,2
2136,2090,868,3
2137,7368,41,1
2138,40,110,3
2139,8652,708,1
2140,2750,597,4
2141,1185,631,3
2142,714,793,3
2143,4035,459,3
2144,9074,683,1
2145,2225,916,4
2146,8444,113,4
2147,9855,256,1
2148,233,534,1
2149,5303,528,1
2150,5402,874,1
2151,8954,124,3
2152,264,198,2
2153,4631,730,1
2154,5570,35,1
2155,791,348,4
2156,3627,350,4
2157,9689,605,1
2158,3021,985,1
2159,3866,71,1
2160,6733,719,4
2161,9313,311,4
2162,362,912,2
2163,1231,165,3
2164,7048,986,4
2165,6915,795,3
2166,2363,518,1
2167,2442,723,3
2168,9274,537,2
2169,6497,796,2
2170,845,469,3
2171,8344,844,3
2172,9582,924,3
2173,9812,77,2
2174,6370,5,2
2175,8,251,2
2176,1295,742,3
2177,7090,379,4
2178,5800,508,1
2179,6875,401,3
2180,8045,872,1
2181,3459,24,3
2182,9416,639,3
2183,940,311,2
2184,8214,584,4
2185,4763,665,1
2186,6520,278,3
2187,647,542,4
2188,2363,897,3
2189,3114,814,2
2190,2083,868,2
2191,377,484,2
2192,4444,915,4
2193,6317,261,1
2194,3054,424,1
2195,3565,686,3
2196,5949,502,3
2197,5253,558,4
2198,1943,517,1
2199,5291,876,2
2200,9448,252,3
2201,593,531,2
2202,6046,278,3
2203,2307,692,4
2204,8438,544,3
2205,9251,559,1
2206,9659,177,1
2207,7101,627,4
2208,6110,391,2
2209,2913,380,4
2210,2328,975,4
2211,7137,705,2
2212,2276,246,4
2213,8829,242,1
2214,2852,482,3
2215,3780,928,3
2216,2012,546,2
2217,9951,721,3
2218,5558,651,4
2219,9192,841,1
2220,2638,927,2
2221,8421,19,1
2222,7445,510,1
2223,439,431,2
2224,9242,304,3
2225,291,137,4
2226,9362,294,3
2227,7452,229,3
2228,3499,285,1
2229,4619,714,2
2230,1200,32,2
2231,3052,973,2
2232,2027,847,4
2233,6996,990,4
2234,9390,653,1
2235,6956,433,4
2236,4211,482,4
2237,2225,770,1
2238,1599,82,1
2239,4838,2,2
2240,8345,257,2
2241,7673,867,2
2242,6460,19,1
2243,8950,458,4
2244,7794,805,3
2245,3633,193,3
2246,2335,137,3
2247,3470,606,2
2248,2125,138,3
2249,2100,369,4
2250,7814,462,2
2251,7471,468,3
2252,5933,457,3
2253,785,169,1
2254,8539,539,3
2255,3059,96,1
2256,4620,539,3
2257,7078,36,2
2258,6201,195,2
2259,9543,847,4
2260,8753,501,3
2261,2890,831,1
2262,4676,474,3
2263,9632,791,2
2264,6038,680,3
2265,7325,771,4
2266,918,902,4
2267,9441,719,2
2268,9663,182,3
2269,3955,134,1
2270,2462,997,3
2271,5088,418,1
2272,6877,730,4
2273,9701,974,3
2274,6743,765,4
2275,7410,538,1
2276,8517,780,4
2277,3527,735,4
2278,1285,895,2
2279,9408,334,3
2280,5375,805,2
2281,1060,118,3
2282,7180,178,2
2283,5443,985,1
2284,1432,634,3
2285,7547,219,4
2286,7986,585,4
2287,2256,411,2
2288,8277,938,4
2289,5785,300,4
2290,7615,584,1
2291,7843,568,2
2292,2215,21,1
2293,9014,736,1
2294,381,808,1
2295,1597,761,3
2296,2915,517,4
2297,6820,611,1
2298,6474,187,3
2299,1406,330,4
2300,5298,601,3
2301,1765,260,1
2302,9258,717,4
2303,7296,101,1
2304,8377,9,1
2305,4345,647,3
2306,8436,712,4
2307,3005,280,2
2308,2859,496,3
2309,9653,982,4
2310,6940,358,2
2311,4873,836,2
2312,736,973,3
2313,1884,468,1
2314,9607,476,2
2315,5438,66,2
2316,3558,886,3
2317,3370,778,2
2318,5367,238,4
2319,7591,383,4
2320,7931,510,4
2321,3485,257,2
2322,6358,819,3
2323,8717,875,4
2324,5287,50,2
2325,1141,10,3
2326,9672,449,1
2327,4207,2,4
2328,7822,77,2
2329,8356,31,4
2330,1399,963,1
2331,7887,863,3
2332,6461,403,4
2333,9900,782,4
2334,4473,486,2
2335,1477,471,1
2336,2790,297,2
2337,6034,400,4
2338,8200,673,2
2339,827,224,2
2340,5706,776,2
2341,6339,953,3
2342,2366,905,3
2343,5340,545,4
2344,6222,502,2
2345,5246,747,1
2346,7776,993,1
2347,908,678,4
2348,2882,536,2
2349,9755,305,4
2350,6325,275,4
2351,1180,188,4
2352,1445,267,2
2353,6634,687,2
2354,1759,790,4
2355,2885,882,4
2356,5469,404,3
2357,4189,229,1
2358,9553,327,1
2359,9915,857,3
2360,6443,911,4
2361,3567,17,1
2362,6454,206,4
2363,2378,729,1
2364,882,368,1
2365,6371,266,1
2366,7297,523,4
2367,909,893,3
2368,8216,111,1
2369,3351,759,3
2370,3202,895,4
2371,4037,619,4
2372,5979,954,2
2373,7910,945,2
2374,9760,325,4
2375,7220,472,4
2376,1003,343,3
2377,4886,530,1
2378,7770,92,2
2379,9631,943,4
2380,9978,784,1
2381,5336,300,2
2382,7836,10,1
2383,2086,588,2
2384,3554,795,1
2385,3476,132,4
2386,8345,586,2
2387,7717,835,3
2388,6893,21,2
2389,1055,256,4
2390,8930,865,3
2391,1241,369,4
2392,7898,86,2
2393,9954,70,3
2394,2831,718,3
2395,1035,740,3
2396,6778,771,1
2397,7749,447,3
2398,5505,572,2
2399,2542,226,3
2400,5924,905,2
2401,8959,331,4
2402,424,891,4
2403,3195,6,2
2404,2423,561,2
2405,9968,951,2
2406,3860,366,2
2407,8900,875,4
2408,8637,628,4
2409,1702,384,2
2410,5747,823,4
2411,4921,497,2
2412,6727,539,3
2413,8173,273,4
2414,4539,693,3
2415,5259,35,4
2416,2473,919,2
2417,1683,777,1
2418,2014,564,3
2419,808,539,1
2420,8845,492,3
2421,6605,758,3
2422,5745,769,1
2423,5545,556,1
2424,197,328,1
2425,1784,2,4
2426,7971,609,4
2427,4260,260,4
2428,7132,82,2
2429,7317,545,4
2430,6176,199,4
2431,4845,398,3
2432,3969,959,2
2433,3834,308,4
2434,7253,284,4
2435,3750,204,4
2436,9457,916,2
2437,2560,813,4
2438,2790,515,1
2439,1217,354,1
2440,2971,224,4
2441,4755,212,4
2442,4013,296,3
2443,824,331,2
2444,1890,615,3
2445,143,328,1
2446,4137,485,2
2447,6828,28,4
2448,9236,438,2
2449,9752,78,3
2450,5823,973,4
2451,7388,242,4
2452,6188,17,3
2453,9513,118,1
2454,7194,770,3
2455,7942,738,2
2456,6372,447,3
2457,3359,629,4
2458,8663,540,3
2459,8585,462,3
2460,8290,766,3
2461,5935,464,1
2462,4010,116,3
2463,4300,271,4
2464,1058,941,4
2465,3984,865,3
2466,2967,348,4
2467,4112,489,4
2468,7920,285,2
2469,7186,656,2
2470,1301,146,2
2471,8317,281,4
2472,7281,379,4
2473,1192,805,1
2474,8984,775,4
2475,5442,383,4
2476,9710,892,2
2477,2079,749,2
2478,9743,42,1
2479,979,332,1
2480,5238,294,3
2481,1857,449,2
2482,6223,330,3
2483,4660,34,3
2484,9295,69,2
2485,4543,311,2
2486,4759,419,2
2487,7690,106,2
2488,3088,625,2
2489,4047,961,1
2490,6659,345,2
2491,3313,381,2
2492,6037,628,4
2493,5141,956,1
2494,9345,406,2
2495,8254,191,1
2496,9739,414,1
2497,8608,502,4
2498,5329,649,4
2499,8262,668,2
2500,7801,195,4
2501,6962,254,1
2502,9634,955,4
2503,7466,225,2
2504,7166,866,4
2505,6749,28,4
2506,9329,511,3
2507,5489,1000,1
2508,906,703,3
2509,4546,373,1
2510,7270,722,2
2511,9841,410,2
2512,9991,917,1
2513,1339,18,4
2514,3790,728,2
2515,2418,415,3
2516,2421,460,2
2517,5663,297,4
2518,3893,17,3
2519,4986,687,1
2520,5755,436,4
2521,1984,70,4
2522,7243,328,2
2523,9570,565,4
2524,2697,285,3
2525,9071,93,4
2526,562,519,3
2527,118,507,3
2528,5168,784,2
2529,9022,826,1
2530,5974,201,4
2531,5550,634,4
2532,2326,448,2
2533,6078,35,4
2534,394,358,1
2535,3112,873,1
2536,6697,621,4
2537,7348,187,1
2538,2106,548,1
2539,5204,398,2
2540,9057,461,1
2541,3001,496,3
2542,3677,461,2
2543,1830,296,2
2544,5082,87,2
2545,7752,106,4
2546,3955,3,4
2547,3150,580,1
2548,8671,381,2
2549,547,418,3
2550,8223,210,4
2551,8453,952,1
2552,6937,454,2
2553,3260,549,4
2554,6973,345,4
2555,753,957,4
2556,7780,493,3
2557,5733,578,3
2558,7355,804,2
2559,5360,298,1
2560,50,327,4
2561,7888,922,2
2562,5797,13,3
2563,641,184,3
2564,8736,667,1
2565,423,644,3
2566,5331,542,4
2567,2479,217,3
2568,7937,516,3
2569,5895,804,4
2570,2441,48,1
2571,2506,296,1
2572,269,813,3
2573,1404,379,1
2574,7650,753,3
2575,9501,251,1
2576,6654,389,1
2577,8569,688,1
2578,7015,785,1
2579,1409,352,3
2580,6266,993,4
2581,1464,237,3
2582,273,722,3
2583,7217,680,3
2584,738,44,1
2585,5110,344,3
2586,556,972,2
2587,2132,642,4
2588,379,416,1
2589,6299,318,3
2590,3965,341,4
2591,5707,757,1
2592,3691,808,4
2593,3460,576,2
2594,6611,300,4
2595,2296,892,2
2596,4988,372,3
2597,8356,939,1
2598,7939,40,2
2599,3862,358,1
2600,4863,893,2
2601,4271,279,4
2602,6577,720,2
2603,9953,37,1
2604,572,267,3
2605,3469,606,1
2606,4477,719,4
2607,8124,648,2
2608,5181,107,3
2609,168,704,4
2610,1794,757,4
2611,835,579,4
2612,3454,76,4
2613,228,976,1
2614,6521,993,4
2615,8738,933,1
2616,3652,915,1
2617,3766,879,3
2618,6222,618,1
2619,2960,563,1
2620,5978,56,1
2621,6243,259,3
2622,4279,950,4
2623,6309,158,3
2624,7196,238,1
2625,2537,887,3
2626,3589,432,1
2627,2085,452,4
2628,9724,513,4
2629,6467,177,2
2630,9569,364,4
2631,9575,965,3
2632,8001,287,3
2633,609,569,1
2634,9242,664,4
2635,1962,478,2
2636,3613,92,3
2637,8128,97,4
2638,604,916,3
2639,2827,392,1
2640,4343,855,3
2641,7337,90,4
2642,5456,38,3
2643,4301,785,1
2644,6062,190,4
2645,4281,291,3
2646,8196,758,2
2647,9824,925,4
2648,9766,293,3
2649,4210,89,1
2650,3592,955,4
2651,9138,46,3
2652,9748,519,4
2653,7022,139,1
2654,9879,194,2
2655,7279,253,4
2656,5330,754,2
2657,5120,921,2
2658,7787,687,4
2659,40,722,4
2660,4610,676,1
2661,5096,448,3
2662,4428,4,2
2663,7133,711,1
2664,3119,361,2
2665,4628,159,3
2666,5788,350,4
2667,1415,571,2
2668,2350,837,4
2669,2498,852,1
2670,3405,547,3
2671,2014,884,3
2672,5648,75,1
2673,9432,684,3
2674,4476,953,2
2675,5932,792,2
2676,7885,348,1
2677,6026,412,1
2678,8365,927,3
2679,8612,945,2
2680,217,450,2
2681,7714,74,2
2682,6411,193,2
2683,5028,34,2
2684,3472,501,1
2685,4068,156,4
2686,7699,163,4
2687,4055,250,2
2688,6709,129,4
2689,7327,938,4
2690,7193,299,4
2691,5501,934,1
2692,9514,650,3
2693,6305,551,4
2694,7501,771,3
2695,9562,703,2
2696,9424,297,3
2697,9947,626,2
2698,1195,207,4
2699,8012,355,4
2700,2573,888,4
2701,6699,517,3
2702,9889,988,1
2703,5413,236,4
2704,6926,920,4
2705,8215,215,2
2706,521,196,1
2707,6502,127,2
2708,1759,496,4
2709,9780,16,3
2710,3987,310,1
2711,3398,568,2
2712,3104,205,1
2713,5225,815,1
2714,8391,17,1
2715,6522,413,3
2716,8857,838,1
2717,2581,256,4
2718,2215,551,1
2719,1954,893,2
2720,8205,542,3
2721,3178,74,1
2722,5794,283,2
2723,9231,496,1
2724,5890,497,2
2725,4262,829,1
2726,5203,594,1
2727,353,690,4
2728,6985,13,4
2729,3005,242,4
2730,5788,62,3
2731,6508,39,2
2732,6724,935,2
2733,2352,319,4
2734,9048,655,2
2735,2370,956,3
2736,1717,654,2
2737,6984,985,1
2738,4010,346,1
2739,6813,129,1
2740,989,543,3
2741,544,80,3
2742,7866,865,4
2743,290,405,2
2744,8577,66,1
2745,9247,627,4
2746,5797,189,4
2747,8700,406,4
2748,6131,51,2
2749,6861,566,1
2750,6412,571,2
2751,1864,298,1
2752,7251,977,2
2753,7718,201,1
2754,8610,703,4
2755,1356,946,3
2756,3239,593,1
2757,3196,634,1
2758,9876,916,2
2759,429,936,1
2760,5592,866,4
2761,2902,408,1
2762,7904,8,2
2763,4662,505,3
2764,8416,846,3
2765,7355,639,2
2766,1035,237,2
2767,7567,234,1
2768,5410,962,2
2769,2502,611,2
2770,2834,139,4
2771,2862,988,3
2772,4194,39,1
2773,4862,607,2
2774,9023,701,3
2775,8017,790,3
2776,4779,241,1
2777,8289,550,4
2778,5101,370,3
2779,7447,560,1
2780,941,487,2
2781,4418,772,4
2782,3551,410,4
2783,9809,856,2
2784,7833,863,3
2785,5890,654,3
2786,280,287,3
2787,8916,250,4
2788,5913,40,1
2789,8189,766,4
2790,514,632,1
2791,3085,119,4
2792,2373,98,1
2793,3720,785,3
2794,9627,724,1
2795,4633,198,2
2796,3875,113,3
2797,6892,595,4
2798,4336,19,1
2799,799,86,3
2800,6648,32,1
2801,3276,944,2
2802,5356,191,1
2803,7124,171,2
2804,6279,56,2
2805,1266,398,3
2806,2138,779,4
2807,6531,858,2
2808,3787,120,4
2809,1549,300,1
2810,9007,977,2
2811,3118,108,1
2812,1046,487,1
2813,7355,124,3
2814,5185,477,3
2815,757,343,1
2816,9892,682,3
2817,473,568,1
2818,9798,918,1
2819,94,862,3
2820,6768,790,4
2821,3814,653,3
2822,2578,822,4
2823,3701,374,3
2824,1426,484,4
2825,3910,371,2
2826,4322,113,2
2827,461,154,2
2828,8639,803,4
2829,7847,101,1
2830,6503,425,3
2831,6938,23,2
2832,4831,596,2
2833,3167,376,4
2834,7214,455,3
2835,1330,681,3
2836,9503,45,3
2837,7714,88,4
2838,5524,197,2
2839,2106,731,4
2840,8081,711,3
2841,2675,404,1
2842,5176,540,4
2843,8563,640,1
2844,6571,836,2
2845,1617,489,1
2846,5198,887,1
2847,1534,69,3
2848,2663,741,3
2849,1901,161,3
2850,8205,320,3
2851,5003,990,4
2852,7203,223,1
2853,3341,455,1
2854,7700,918,3
2855,1515,588,1
2856,6716,412,3
2857,5084,927,3
2858,877,556,3
2859,7793,759,1
2860,3147,261,1
2861,2003,666,1
2862,8077,413,1
2863,7562,30,4
2864,1709,212,1
2865,1858,107,2
2866,7405,219,2
2867,1483,681,1
2868,7456,167,1
2869,4005,988,3
2870,7703,602,4
2871,5860,978,4
2872,4253,13,1
2873,1043,584,1
2874,5197,298,2
2875,6535,741,1
2876,7172,567,2
2877,4767,77,1
2878,6901,891,3
2879,3372,278,2
2880,4964,984,1
2881,2001,260,4
2882,5196,899,3
2883,6485,966,4
2884,2368,282,2
2885,2080,235,1
2886,6971,917,3
2887,2070,761,1
2888,1299,433,3
2889,6560,57,2
2890,8496,827,3
2891,1603,643,3
2892,2439,244,3
2893,6924,401,3
2894,2407,67,4
2895,4697,435,3
2896,5321,193,2
2897,1615,970,4
2898,4430,595,3
2899,157,441,1
2900,5302,662,3
2901,1695,99,2
2902,7796,951,1
2903,3667,658,3
2904,6968,761,2
2905,1724,776,1
2906,8133,557,1
2907,7923,549,4
2908,9448,856,3
2909,7420,766,4
2910,877,115,2
2911,225,281,1
2912,5288,650,3
2913,4645,501,3
2914,8165,247,2
2915,4383,719,2
2916,6081,671,4
2917,4074,443,4
2918,565,97,4
2919,8225,791,3
2920,2560,857,3
2921,3956,79,4
2922,5240,50,3
2923,68,815,2
2924,7763,19,1
2925,1894,531,3
2926,6519,571,4
2927,4402,660,1
2928,5874,174,1
2929,5367,742,3
2930,533,614,3
2931,7915,944,2
2932,8228,70,3
2933,7323,748,2
2934,6400,408,1
2935,6500,970,2
2936,9935,621,2
2937,4719,79,4
2938,1555,93,3
2939,4414,37,4
2940,2909,758,4
2941,8402,662,1
2942,8365,546,1
2943,6452,515,2
2944,1459,781,1
2945,2460,984,1
2946,7543,960,3
2947,9875,143,2
2948,2625,215,2
2949,1333,190,3
2950,6393,498,4
2951,2245,355,1
2952,3510,532,3
2953,7028,127,4
2954,2865,706,4
2955,1903,981,3
2956,1507,195,3
2957,2859,509,4
2958,3091,148,2
2959,5170,667,4
2960,3810,717,4
2961,4168,185,1
2962,5072,740,2
2963,195,624,3
2964,3034,36,4
2965,9731,245,4
2966,4275,115,3
2967,8327,467,1
2968,4711,147,3
2969,826,881,3
2970,9283,140,3
2971,3707,976,1
2972,9416,373,3
2973,8969,504,4
2974,9959,820,2
2975,6478,303,2
2976,8005,216,4
2977,9585,357,4
2978,2441,228,1
2979,6919,984,1
2980,2092,597,2
2981,1394,246,3
2982,1699,105,1
2983,3922,672,2
2984,832,110,1
2985,7790,337,2
2986,6111,969,1
2987,2919,890,3
2988,6636,998,3
2989,8607,853,3
2990,1698,175,2
2991,2285,843,2
2992,2972,234,2
2993,547,572,4
2994,4085,537,3
2995,7775,61,3
2996,3395,599,1
2997,4073,492,1
2998,8631,999,3
2999,9206,900,4
3000,8507,211,4
3001,2777,127,2
3002,1829,435,2
3003,2303,385,1
3004,8452,7,2
3005,7314,70,3
3006,1749,640,2
3007,1221,948,4
3008,8904,309,3
3009,9807,558,2
3010,8853,4,2
3011,7279,654,3
3012,7171,910,2
3013,8909,127,1
3014,3660,813,2
3015,7298,63,3
3016,9419,273,4
3017,2770,314,3
3018,5131,316,1
3019,7203,877,4
3020,250,16,3
3021,3812,941,3
3022,5275,666,2
3023,3350,940,3
3024,9041,741,1
3025,2037,798,1
3026,9100,831,2
3027,9252,668,2
3028,8479,330,1
3029,2233,747,3
3030,8064,493,2
3031,5581,528,4
3032,5802,225,4
3033,1150,381,4
3034,4830,103,3
3035,3848,222,1
3036,7312,791,1
3037,6248,421,4
3038,8085,63,4
3039,3493,784,2
3040,1485,103,1
3041,7058,714,1
3042,1710,987,3
3043,5521,762,2
3044,419,610,2
3045,8030,211,1
3046,3119,262,1
3047,3775,500,4
3048,1265,996,4
3049,138,793,2
3050,7957,586,2
3051,451,425,1
3052,8823,595,2
3053,834,918,1
3054,4699,942,3
3055,8477,133,1
3056,7813,148,1
3057,6409,187,3
3058,7353,998,3
3059,2081,306,4
3060,9157,277,4
3061,3995,151,3
3062,5264,63,4
3063,5382,855,2
3064,9430,677,1
3065,5494,734,2
3066,6302,827,4
3067,1961,133,1
3068,7378,163,1
3069,5663,489,1
3070,3837,322,3
3071,184,943,1
3072,9313,619,4
3073,8841,881,3
3074,4550,330,4
3075,5352,975,4
3076,8825,799,1
3077,7328,270,3
3078,3039,35,3
3079,4265,57,3
3080,1392,998,3
3081,5339,430,4
3082,4598,10,2
3083,795,120,4
3084,8167,819,3
3085,9854,754,2
3086,581,947,1
3087,1173,230,3
3088,1286,311,1
3089,5720,756,1
3090,6351,646,4
3091,314,585,1
3092,4176,803,3
3093,7101,368,3
3094,8506,264,1
3095,804,14,1
3096,4814,39,1
3097,4799,731,4
3098,4176,870,3
3099,4128,639,4
3100,6309,542,2
3101,4845,750,4
3102,5751,175,3
3103,6657,20,3
3104,9038,595,2
3105,4621,406,4
3106,2205,324,4
3107,6915,62,1
3108,3153,544,1
3109,7709,617,3
3110,1297,92,1
3111,2796,684,1
3112,6293,362,2
3113,6110,62,1
3114,6032,580,3
3115,9858,24,3
3116,3937,112,3
3117,353,450,1
3118,8148,263,1
3119,7092,701,3
3120,7882,973,4
3121,6346,900,2
3122,1664,641,1
3123,3748,796,2
3124,4056,125,4
3125,6587,484,1
3126,2657,371,3
3127,6157,103,4
3128,8355,261,3
3129,4556,389,4
3130,4635,375,2
3131,4118,700,3
3132,1377,965,2
3133,3035,521,1
3134,1443,877,2
3135,7274,648,2
3136,4455,965,3
3137,8080,956,2
3138,9475,469,3
3139,9416,95,3
3140,4905,995,3
3141,328,911,1
3142,9412,677,3
3143,6300,348,3
3144,6639,241,2
3145,4739,574,4
3146,9178,19,4
3147,3997,490,4
3148,7821,429,3
3149,9375,482,2
3150,7419,544,1
3151,5270,255,3
3152,2426,360,1
3153,9223,103,4
3154,2009,434,2
3155,8819,586,4
3156,5024,453,4
3157,7500,443,4
3158,6559,772,1
3159,1338,603,1
3160,9854,195,3
3161,2682,390,3
3162,2068,351,2
3163,1856,460,4
3164,9493,509,1
3165,8700,813,3
3166,6889,771,4
3167,5220,589,1
3168,429,644,3
3169,7145,752,2
3170,9687,668,4
3171,7946,48,3
3172,4547,804,4
3173,7823,990,4
3174,1819,279,1
3175,5824,825,4
3176,7669,968,1
3177,2209,993,3
3178,300,714,1
3179,5898,378,3
3180,4196,633,3
3181,587,656,3
3182,7509,832,3
3183,2166,380,4
3184,3547,503,3
3185,4377,957,3
3186,5849,345,3
3187,7757,400,4
3188,3450,248,3
3189,4449,995,2
3190,53,726,3
3191,433,579,3
3192,3536,800,1
3193,7362,165,4
3194,7703,134,2
3195,7780,399,3
3196,8316,902,4
3197,987,970,3
3198,2582,754,4
3199,6605,24,2
3200,6714,948,4
3201,9997,554,1
3202,3071,797,4
3203,7130,698,3
3204,4329,554,2
3205,9832,986,3
3206,3221,709,3
3207,757,58,4
3208,9883,851,4
3209,1682,443,3
3210,3669,490,4
3211,7652,698,3
3212,2287,285,4
3213,1740,431,3
3214,9245,67,1
3215,6384,198,4
3216,9535,342,1
3217,7713,823,2
3218,5622,622,2
3219,5641,37,1
3220,6361,621,1
3221,5713,438,4
3222,8687,64,4
3223,8350,146,2
3224,877,490,1
3225,347,537,1
3226,3223,221,3
3227,9495,19,2
3228,3417,970,4
3229,4910,238,2
3230,7082,588,2
3231,4567,639,3
3232,1601,566,1
3233,1480,714,4
3234,9458,655,3
3235,1931,121,2
3236,9378,868,3
3237,6890,923,3
3238,646,254,1
3239,1753,556,2
3240,9066,474,1
3241,4312,446,3
3242,9669,358,1
3243,1346,670,2
3244,451,830,2
3245,3777,577,1
3246,6021,618,4
3247,7082,697,4
3248,9498,260,2
3249,3553,588,3
3250,3095,572,2
3251,7892,366,3
3252,2606,543,3
3253,6307,249,4
3254,7854,248,3
3255,9010,646,3
3256,880,753,2
3257,160,836,2
3258,7350,487,2
3259,1300,465,2
3260,1223,411,2
3261,5862,48,3
3262,5776,203,2
3263,6956,455,2
3264,4554,883,3
3265,8373,252,4
3266,2353,405,4
3267,7986,604,2
3268,8360,901,3
3269,9741,82,2
3270,8628,991,4
3271,7249,170,4
3272,7867,264,4
3273,8821,393,1
3274,853,302,1
3275,7260,389,2
3276,9779,387,4
3277,5137,188,3
3278,1644,762,3
3279,7964,226,1
3280,8418,52,2
3281,300,293,1
3282,4324,80,1
3283,7540,826,1
3284,9287,71,2
3285,9751,795,3
3286,4086,806,2
3287,7478,58,2
3288,6920,374,4
3289,8669,946,1
3290,4770,636,4
3291,3638,820,3
3292,5208,31,1
3293,9543,215,3
3294,3425,925,1
3295,1302,32,1
3296,5297,524,3
3297,6052,406,4
3298,3691,978,1
3299,3587,489,1
3300,759,742,1
3301,7556,282,2
3302,1512,927,4
3303,5890,425,1
3304,8187,239,1
3305,3030,967,1
3306,7296,219,4
3307,3492,242,4
3308,726,86,1
3309,1601,677,3
3310,9269,176,4
3311,2564,79,2
3312,2610,973,3
3313,255,1,4
3314,1268,214,4
3315,5483,277,4
3316,6601,55,2
3317,5130,876,1
3318,4438,256,3
3319,8889,740,1
3320,4535,849,4
3321,1368,66,1
3322,534,980,3
3323,5554,54,1
3324,5175,765,2
3325,1148,725,1
3326,9375,967,3
3327,6660,60,2
3328,7896,416,2
3329,4490,816,4
3330,7942,622,4
3331,6835,51,3
3332,4206,935,3
3333,6161,154,3
3334,7737,359,1
3335,4479,174,2
3336,5073,411,3
3337,933,397,3
3338,8196,425,1
3339,8062,346,3
3340,1735,757,2
3341,8170,796,4
3342,1792,813,1
3343,4917,576,1
3344,6270,57,3
3345,9116,22,1
3346,9299,512,3
3347,5802,933,4
3348,689,571,2
3349,6579,504,4
3350,5343,909,1
3351,4304,278,3
3352,1498,924,3
3353,4572,765,2
3354,4270,785,2
3355,6626,506,1
3356,8685,552,1
3357,5678,869,1
3358,1062,337,1
3359,3725,449,4
3360,2897,421,3
3361,7279,45,3
3362,2343,261,1
3363,6734,744,1
3364,4831,154,1
3365,7296,1000,4
3366,8831,81,4
3367,174,46,4
3368,8764,80,3
3369,3604,437,3
3370,9450,484,2
3371,3697,611,4
3372,6414,421,1
3373,777,321,3
3374,1991,887,4
3375,1369,331,1
3376,480,816,4
3377,7085,15,1
3378,7491,357,1
3379,8797,902,1
3380,90,921,4
3381,7754,567,3
3382,2934,520,3
3383,6025,372,4
3384,7157,106,4
3385,7917,494,1
3386,7102,439,4
3387,2151,705,1
3388,9898,744,2
3389,2898,567,2
3390,4906,601,1
3391,4243,211,1
3392,9698,815,2
3393,1815,372,2
3394,7414,975,2
3395,5957,638,4
3396,8762,228,2
3397,6928,977,4
3398,4594,804,1
3399,8584,695,1
3400,2795,704,1
3401,5658,608,3
3402,4696,705,4
3403,6408,606,1
3404,1485,181,2
3405,5608,774,4
3406,2115,63,2
3407,6799,99,1
3408,9165,553,1
3409,2437,367,4
3410,631,812,1
3411,6610,896,2
3412,775,753,4
3413,3948,469,1
3414,3711,924,3
3415,5523,634,3
3416,1731,326,1
3417,6414,449,4
3418,1260,447,4
3419,2486,587,4
3420,5689,555,4
3421,3160,396,1
3422,2176,800,3
3423,3990,883,4
3424,8413,500,2
3425,2365,829,1
3426,2428,183,3
3427,4521,369,1
3428,9005,968,1
3429,6345,630,3
3430,301,628,4
3431,9162,820,4
3432,3348,843,4
3433,1588,837,2
3434,4711,914,1
3435,917,53,1
3436,7161,399,3
3437,8846,300,3
3438,3947,873,2
3439,448,775,1
3440,4533,441,1
3441,3689,719,3
3442,6785,2,4
3443,626,394,3
3444,9261,883,2
3445,7706,382,1
3446,4664,290,4
3447,835,651,3
3448,9085,842,2
3449,946,270,4
3450,242,130,4
3451,8680,591,1
3452,2619,870,4
3453,6971,270,3
3454,1861,193,1
3455,783,329,1
3456,1938,917,3
3457,8044,337,3
3458,7901,215,1
3459,8880,290,2
3460,7942,315,1
3461,6272,164,2
3462,8215,334,1
3463,7282,168,3
3464,5157,230,2
3465,216,380,2
3466,8786,370,1
3467,5237,863,3
3468,919,120,2
3469,5399,161,3
3470,7670,83,1
3471,7172,567,4
3472,5662,14,3
3473,2001,214,1
3474,8694,651,3
3475,1439,526,1
3476,5880,767,1
3477,4744,105,2
3478,362,992,1
3479,8071,265,1
3480,4504,753,3
3481,1110,340,4
3482,9511,619,2
3483,3544,822,2
3484,7747,417,2
3485,6270,576,3
3486,7342,232,4
3487,3328,44,2
3488,6057,183,2
3489,9876,50,4
3490,840,376,4
3491,3256,422,1
3492,7192,83,2
3493,4943,850,1
3494,3336,489,2
3495,9991,866,3
3496,1419,141,3
3497,8769,834,1
3498,9298,228,4
3499,6380,593,3
3500,3108,442,3
3501,3401,992,4
3502,5734,695,2
3503,1377,674,3
3504,5163,710,3
3505,6109,976,4
3506,9043,779,1
3507,6032,33,3
3508,1784,939,3
3509,6251,719,2
3510,1767,547,4
3511,9021,593,4
3512,6732,800,2
3513,3930,1000,1
3514,2110,204,1
3515,4608,160,2
3516,3944,833,2
3517,8490,538,2
3518,1699,678,4
3519,67,787,2
3520,5315,28,2
3521,8121,17,3
3522,95,25,3
3523,4017,794,4
3524,6219,440,3
3525,7657,42,4
3526,2504,399,1
3527,2625,476,3
3528,7810,752,4
3529,6990,208,4
3530,8249,30,3
3531,3362,995,4
3532,3171,543,1
3533,9090,794,2
3534,3298,195,1
3535,9245,472,1
3536,1530,624,2
3537,4827,476,4
3538,826,647,4
3539,5930,102,4
3540,2271,107,1
3541,9232,520,4
3542,3083,414,4
3543,8641,957,2
3544,8282,665,1
3545,6941,558,4
3546,185,15,4
3547,6537,875,1
3548,2616,499,1
3549,5105,745,2
3550,6054,176,3
3551,6184,331,1
3552,6919,560,1
3553,7367,612,2
3554,2569,647,3
3555,1653,682,4
3556,9905,454,1
3557,3555,127,1
3558,9136,64,2
3559,4332,573,1
3560,8947,937,3
3561,4235,264,4
3562,9028,588,1
3563,4452,919,2
3564,3153,262,4
3565,5216,553,4
3566,7502,938,2
3567,6339,62,2
3568,1638,222,1
3569,8264,705,1
3570,6920,721,4
3571,6800,305,1
3572,5246,945,4
3573,4976,228,1
3574,8704,511,1
3575,3468,456,2
3576,5480,723,2
3577,7190,110,2
3578,6853,753,4
3579,379,295,1
3580,5467,806,3
3581,7973,554,1
3582,3850,647,4
3583,3282,732,1
3584,4649,839,2
3585,1957,861,4
3586,5542,398,2
3587,4426,493,3
3588,4130,253,2
3589,1823,509,2
3590,7366,232,1
3591,5765,665,4
3592,6693,446,2
3593,525,541,3
3594,230,944,4
3595,8534,281,4
3596,4147,919,1
3597,1884,341,4
3598,7357,302,4
3599,6328,143,1
3600,9829,630,4
3601,8373,679,3
3602,7004,352,2
3603,5179,925,3
3604,4927,154,3
3605,5474,576,4
3606,6585,466,2
3607,9997,183,1
3608,7590,166,2
3609,6882,484,3
3610,716,444,1
3611,1621,322,3
3612,1708,234,2
3613,7181,735,2
3614,9128,417,2
3615,3877,631,2
3616,3325,855,4
3617,2259,159,3
3618,4144,434,4
3619,3060,577,4
3620,7058,89,1
3621,3714,370,4
3622,6111,510,3
3623,9088,54,3
3624,3290,503,1
3625,5004,853,2
3626,6725,150,4
3627,3799,642,3
3628,67,664,4
3629,516,54,1
3630,2436,842,4
3631,6760,883,3
3632,6396,652,1
3633,9593,819,4
3634,1237,292,1
3635,9283,929,1
3636,105,49,1
3637,7041,402,3
3638,9714,894,3
3639,5062,348,3
3640,4074,40,1
3641,1575,486,3
3642,6556,134,4
3643,4885,883,2
3644,70,934,3
3645,2964,842,2
3646,5569,682,4
3647,3236,58,4
3648,3249,162,1
3649,6745,407,3
3650,6552,584,1
3651,752,768,4
3652,969,643,4
3653,1077,886,1
3654,8105,96,2
3655,4143,1,2
3656,5859,35,1
3657,6671,277,2
3658,2420,470,4
3659,4215,252,3
3660,9426,662,3
3661,6782,347,2
3662,7063,690,3
3663,998,868,3
3664,3154,292,4
3665,8034,689,3
3666,1304,84,4
3667,244,161,3
3668,9389,899,3
3669,3150,735,4
3670,5626,368,4
3671,5185,578,2
3672,973,267,1
3673,5641,903,3
3674,2682,986,2
3675,3743,51,1
3676,6544,946,3
3677,3785,21,2
3678,2194,618,4
3679,7504,722,3
3680,4832,659,3
3681,3724,234,2
3682,9719,720,3
3683,5654,696,4
3684,8607,439,4
3685,4627,900,1
3686,4833,878,4
3687,7446,133,3
3688,6445,737,3
3689,7878,154,2
3690,4847,106,1
3691,6719,462,1
3692,357,33,4
3693,9160,299,3
3694,2847,629,2
3695,9486,584,2
3696,1082,389,3
3697,2149,125,2
3698,8238,130,4
3699,5825,519,3
3700,9904,482,1
3701,2949,292,1
3702,29,351,3
3703,7694,578,1
3704,5926,786,3
3705,3746,271,3
3706,6208,359,1
3707,2415,790,2
3708,4700,210,3
3709,4510,58,4
3710,440,527,1
3711,6790,874,2
3712,1166,963,2
3713,9682,337,3
3714,3911,331,4
3715,8846,768,3
3716,5344,635,1
3717,7743,215,1
3718,2557,536,2
3719,1202,653,1
3720,1170,187,4
3721,5056,653,2
3722,1551,996,1
3723,5233,263,3
3724,8123,999,2
3725,7609,651,4
3726,850,500,1
3727,6061,877,1
3728,7274,26,3
3729,328,654,4
3730,2133,395,2
3731,3040,455,4
3732,2938,955,3
3733,3313,134,4
3734,5484,464,2
3735,55,981,4
3736,9935,538,1
3737,4184,757,4
3738,657,493,2
3739,7225,619,4
3740,8105,680,3
3741,2672,718,2
3742,9649,637,4
3743,3198,399,1
3744,8507,308,3
3745,4541,275,1
3746,9605,559,2
3747,8306,937,3
3748,7412,997,2
3749,8640,170,4
3750,2406,761,1
3751,1649,430,3
3752,1715,324,3
3753,2719,494,3
3754,7313,873,4
3755,1620,370,3
3756,3669,198,2
3757,1158,1000,4
3758,9407,964,2
3759,1168,813,2
3760,4895,837,4
3761,5399,919,4
3762,1042,632,4
3763,1553,880,4
3764,6218,370,1
3765,2335,116,1
3766,335,805,1
3767,2811,511,4
3768,5042,679,3
3769,8550,687,4
3770,925,787,1
3771,5752,124,2
3772,5335,233,1
3773,6911,198,1
3774,46,339,2
3775,8126,855,4
3776,9799,214,2
3777,9115,479,2
3778,8159,294,4
3779,3069,184,4
3780,8448,693,4
3781,5198,200,1
3782,1257,765,3
3783,2680,685,3
3784,3382,552,4
3785,2196,880,1
3786,7283,333,4
3787,9873,198,1
3788,5087,882,3
3789,4114,670,3
3790,1885,608,4
3791,4427,324,4
3792,2881,649,3
3793,3318,567,3
3794,104,990,2
3795,8080,458,1
3796,5813,462,2
3797,6784,541,3
3798,91,663,4
3799,964,329,1
3800,8875,160,3
3801,1453,662,1
3802,501,961,2
3803,1469,669,4
3804,7421,134,1
3805,7813,364,1
3806,4488,285,3
3807,6788,440,1
3808,6688,826,4
3809,7523,703,4
3810,157,992,1
3811,5455,56,3
3812,3844,279,1
3813,1330,2,2
3814,6426,670,3
3815,5607,465,4
3816,4983,473,3
3817,6870,865,4
3818,5944,764,4
3819,3156,743,2
3820,9633,659,4
3821,7860,998,3
3822,1370,783,1
3823,5531,3,4
3824,8514,333,1
3825,2489,248,2
3826,894,627,3
3827,6984,780,2
3828,1922,319,4
3829,384,885,4
3830,1601,858,4
3831,5480,226,4
3832,3601,857,1
3833,5276,209,3
3834,2702,557,1
3835,8041,727,1
3836,6847,153,2
3837,1023,957,4
3838,1826,361,1
3839,7848,115,1
3840,7076,408,1
3841,6510,619,1
3842,3609,444,4
3843,946,340,1
3844,4411,122,1
3845,7539,673,4
3846,7260,624,4
3847,3322,107,3
3848,6757,454,1
3849,9302,953,4
3850,798,563,4
3851,4443,631,4
3852,1135,884,2
3853,2451,620,2
3854,302,526,4
3855,8865,530,3
3856,7686,464,2
3857,4194,797,2
3858,7460,357,4
3859,8701,759,4
3860,8813,704,4
3861,2900,458,3
3862,8229,192,2
3863,201,894,1
3864,9337,731,4
3865,1062,921,3
3866,4217,500,3
3867,9674,364,1
3868,1895,832,2
3869,3541,394,4
3870,2481,745,1
3871,1076,856,3
3872,6257,457,1
3873,4539,19,2
3874,8761,187,3
3875,6648,316,1
3876,3932,461,1
3877,6884,812,3
3878,917,582,3
3879,2748,680,2
3880,1734,383,4
3881,3864,481,1
3882,3649,121,1
3883,5974,109,1
3884,3954,391,1
3885,432,283,4
3886,9735,50,3
3887,7082,752,3
3888,4611,613,3
3889,983,789,3
3890,8952,67,3
3891,1610,620,2
3892,4178,930,2
3893,8103,574,1
3894,1191,638,2
3895,7111,809,1
3896,346,639,4
3897,819,656,4
3898,8563,75,3
3899,5052,881,1
3900,7028,918,4
3901,6370,99,1
3902,7814,778,4
3903,2493,856,3
3904,2674,994,1
3905,6705,910,4
3906,822,571,1
3907,5609,759,3
3908,9083,158,3
3909,191,262,4
3910,7939,729,3
3911,7933,181,3
3912,111,35,2
3913,963,203,1
3914,5989,67,4
3915,1514,459,3
3916,9659,572,4
3917,2918,792,2
3918,5081,626,3
3919,7672,430,3
3920,1648,625,3
3921,9664,989,3
3922,8292,955,2
3923,2968,372,1
3924,9816,587,1
3925,1356,11,2
3926,6612,238,2
3927,4299,955,2
3928,2375,454,4
3929,7758,57,3
3930,9458,314,2
3931,6925,519,2
3932,3847,632,3
3933,6075,271,2
3934,4559,263,2
3935,1498,247,1
3936,1921,124,3
3937,5553,489,4
3938,9864,284,1
3939,6073,891,1
3940,3453,638,3
3941,6037,826,2
3942,2574,928,2
3943,7710,371,1
3944,8262,777,2
3945,9991,507,2
3946,1924,474,3
3947,2734,836,3
3948,2452,698,2
3949,2412,286,2
3950,4115,716,2
3951,1573,757,2
3952,9322,358,4
3953,9439,908,4
3954,5340,966,4
3955,2717,565,1
3956,8042,203,2
3957,6125,20,1
3958,6887,727,3
3959,5337,790,3
3960,8573,46,3
3961,8496,175,3
3962,683,488,2
3963,8510,389,2
3964,5986,753,3
3965,8546,452,2
3966,9447,194,4
3967,382,785,4
3968,2577,646,3
3969,8301,975,4
3970,3565,390,1
3971,8579,62,3
3972,5769,552,2
3973,2227,429,2
3974,3324,960,1
3975,6698,472,3
3976,330,66,1
3977,6064,203,2
3978,7361,766,1
3979,3524,856,3
3980,1564,850,3
3981,7272,489,3
3982,6222,872,4
3983,3466,754,4
3984,1471,243,4
3985,9669,602,4
3986,130,538,1
3987,5453,255,2
3988,8842,958,1
3989,2881,722,2
3990,3654,675,4
3991,5409,464,3
3992,3200,778,4
3993,6373,277,3
3994,5443,117,2
3995,5369,950,4
3996,2535,962,2
3997,2510,13,2
3998,4598,791,4
3999,4201,693,3
4000,2155,603,4
4001,2000,215,1
4002,7333,77,4
4003,727,938,4
4004,9344,607,2
4005,9916,614,3
4006,5569,77,1
4007,6297,674,2
4008,8499,738,2
4009,2309,73,4
4010,2388,998,4
4011,242,314,2
4012,7943,520,3
4013,8117,815,1
4014,938,252,4
4015,3124,650,1
4016,5904,386,3
4017,6803,935,2
4018,5177,642,1
4019,9524,393,3
4020,1202,144,2
4021,5229,173,1
4022,8986,911,4
4023,509,538,1
4024,1504,906,1
4025,7544,102,3
4026,9763,763,2
4027,3348,721,4
4028,421,251,4
4029,8378,31,3
4030,9149,679,3
4031,4278,801,3
4032,3432,822,4
4033,2201,799,1
4034,3251,178,4
4035,8100,508,4
4036,3481,885,2
4037,1191,733,1
4038,8263,57,3
4039,3817,525,3
4040,3944,48,4
4041,9339,992,4
4042,5398,982,4
4043,8399,734,3
4044,2894,121,1
4045,9112,778,1
4046,1077,831,4
4047,4576,474,2
4048,9804,94,2
4049,1717,126,2
4050,6332,366,4
4051,5066,397,1
4052,3559,59,2
4053,3482,110,2
4054,1183,502,1
4055,7337,806,1
4056,5054,182,2
4057,2303,506,3
4058,8617,558,1
4059,1301,546,3
4060,2733,25,4
4061,3583,25,3
4062,1907,391,3
4063,2135,887,4
4064,2744,898,4
4065,1466,567,1
4066,159,589,3
4067,3691,100,1
4068,305,997,1
4069,7532,617,2
4070,5307,66,2
4071,6504,889,2
4072,2558,200,1
4073,1232,221,4
4074,525,181,1
4075,9269,669,1
4076,9778,320,1
4077,1225,887,3
4078,6360,631,4
4079,1350,887,2
4080,6603,37,4
4081,8116,147,4
4082,2568,38,3
4083,5972,50,1
4084,7110,754,2
4085,5749,235,2
4086,3389,372,1
4087,1836,978,4
4088,3072,432,2
4089,5333,998,1
4090,585,320,3
4091,6191,961,1
4092,7952,251,1
4093,5951,682,1
4094,5537,103,2
4095,3627,674,2
4096,481,606,4
4097,7261,208,1
4098,9610,855,2
4099,4808,999,1
4100,7828,317,1
4101,3302,347,4
4102,6798,346,2
4103,3875,577,1
4104,3643,815,4
4105,3692,677,3
4106,7873,285,2
4107,3626,620,1
4108,9635,328,1
4109,192,29,3
4110,1671,402,2
4111,6180,500,3
4112,718,95,3
4113,7054,532,2
4114,1988,275,4
4115,5943,6,1
4116,3689,592,3
4117,6065,889,3
4118,8371,734,3
4119,6366,881,3
4120,2644,61,1
4121,8225,109,1
4122,2302,219,2
4123,36,98,4
4124,5703,108,1
4125,6652,762,1
4126,9730,115,4
4127,5719,34,4
4128,5629,123,2
4129,6388,835,4
4130,7753,650,3
4131,343,288,4
4132,1543,907,4
4133,2614,678,2
4134,8442,643,3
4135,3216,751,4
4136,5666,436,4
4137,2698,11,2
4138,58,264,4
4139,1317,912,1
4140,3726,393,3
4141,3728,292,4
4142,6171,771,3
4143,1449,259,3
4144,2338,740,4
4145,1885,703,4
4146,4841,346,2
4147,1056,885,3
4148,5953,595,3
4149,5819,16,1
4150,815,149,1
4151,6989,737,3
4152,4998,482,2
4153,5164,435,3
4154,2216,831,4
4155,2278,608,3
4156,3329,423,1
4157,623,977,1
4158,9266,534,2
4159,4278,332,1
4160,8545,120,3
4161,7056,681,3
4162,7241,43,2
4163,3246,429,1
4164,7204,303,1
4165,8061,61,4
4166,209,172,2
4167,5948,174,3
4168,5293,930,2
4169,1316,193,3
4170,1529,461,4
4171,3056,192,1
4172,9438,355,3
4173,1135,504,3
4174,4357,696,1
4175,1577,398,2
4176,7359,629,1
4177,5751,790,3
4178,9085,169,1
4179,7301,193,2
4180,3462,774,4
4181,1693,27,2
4182,9586,434,3
4183,7112,976,1
4184,2239,832,1
4185,6272,292,4
4186,4552,739,4
4187,7857,386,3
4188,7595,569,3
4189,6266,174,3
4190,783,569,3
4191,5784,60,1
4192,5009,254,2
4193,5836,480,1
4194,9505,593,2
4195,8432,443,1
4196,136,148,3
4197,5488,784,1
4198,4111,245,2
4199,5282,700,3
4200,2310,12,2
4201,3042,962,4
4202,5528,853,1
4203,8794,781,1
4204,9221,811,1
4205,5717,191,2
4206,9908,790,1
4207,5552,200,1
4208,7096,501,2
4209,246,752,2
4210,870,233,3
4211,305,108,4
4212,7779,476,4
4213,9708,146,1
4214,9531,886,1
4215,285,337,1
4216,8022,903,1
4217,9481,470,1
4218,9862,363,4
4219,4805,995,3
4220,5708,959,3
4221,402,871,4
4222,9685,967,1
4223,5070,254,4
4224,7111,483,2
4225,9049,659,3
4226,4026,120,3
4227,6106,424,4
4228,6957,623,3
4229,9822,937,4
4230,2679,577,4
4231,2951,755,4
4232,3713,169,4
4233,3579,172,3
4234,3742,501,1
4235,3124,693,1
4236,9355,683,1
4237,5349,419,4
4238,5262,700,1
4239,4351,65,2
4240,5050,196,1
4241,7346,407,2
4242,2463,973,4
4243,6303,831,1
4244,7069,35,3
4245,1422,598,1
4246,7714,812,1
4247,2624,698,3
4248,3049,887,2
4249,7009,768,2
4250,7233,257,2
4251,7578,256,1
4252,1104,224,1
4253,8611,270,2
4254,4707,77,2
4255,5644,881,4
4256,1955,825,4
4257,9201,147,4
4258,2038,67,1
4259,4702,473,4
4260,2795,26,4
4261,3359,262,4
4262,8826,494,2
4263,5633,320,1
4264,4597,845,3
4265,5718,813,4
4266,5003,463,2
4267,1053,668,1
4268,6496,525,3
4269,9707,181,4
4270,6594,237,4
4271,309,15,3
4272,3664,562,2
4273,743,128,3
4274,8963,684,3
4275,7765,520,1
4276,6629,383,4
4277,161,532,1
4278,4336,919,1
4279,8328,701,1
4280,2128,289,3
4281,6589,826,2
4282,9106,540,2
4283,7082,68,4
4284,3363,269,4
4285,557,950,4
4286,3565,783,4
4287,3304,81,3
4288,9241,200,1
4289,8459,88,2
4290,7397,933,2
4291,2486,604,2
4292,8522,763,1
4293,5006,348,1
4294,3756,4,2
4295,4542,582,1
4296,1326,412,3
4297,8030,423,3
4298,9514,190,4
4299,3238,575,4
4300,9093,830,1
4301,3334,899,2
4302,7784,665,2
4303,2644,651,4
4304,9149,106,1
4305,5961,354,2
4306,9497,190,3
4307,8256,548,2
4308,560,955,2
4309,1448,205,4
4310,7974,65,4
4311,842,668,2
4312,4004,516,3
4313,1191,936,4
4314,8538,466,4
4315,219,159,4
4316,5076,613,1
4317,7735,164,4
4318,4111,544,1
4319,63,347,1
4320,4067,602,1
4321,6840,493,1
4322,2845,544,2
4323,7279,625,2
4324,9859,664,3
4325,9296,229,1
4326,9113,915,2
4327,3012,807,4
4328,8469,99,3
4329,6975,586,3
4330,4095,608,3
4331,4016,848,4
4332,9668,529,2
4333,3981,970,2
4334,701,450,2
4335,4924,834,4
4336,1625,881,1
4337,5582,443,2
4338,3788,54,4
4339,8165,566,1
4340,1058,696,3
4341,6320,504,1
4342,1387,284,1
4343,2465,575,1
4344,4184,302,4
4345,1724,909,2
4346,609,576,2
4347,6879,132,3
4348,8987,458,3
4349,8255,338,4
4350,3045,220,4
4351,8922,663,4
4352,1151,492,2
4353,2129,817,4
4354,7524,993,4
4355,416,721,4
4356,3085,626,3
4357,1086,723,2
4358,6679,571,1
4359,6991,369,4
4360,4781,77,4
4361,9727,562,3
4362,3594,982,4
4363,6631,954,2
4364,4041,488,3
4365,6824,800,1
4366,8310,279,3
4367,3628,351,4
4368,7421,494,4
4369,8595,371,2
4370,9985,284,3
4371,8276,240,4
4372,1208,549,2
4373,7206,299,3
4374,8870,898,2
4375,3115,777,4
4376,615,289,2
4377,4402,274,3
4378,72,187,3
4379,6389,509,1
4380,2547,124,4
4381,8472,178,3
4382,9630,569,1
4383,6521,778,1
4384,56,986,2
4385,7179,739,4
4386,3414,783,2
4387,9652,299,1
4388,3651,855,1
4389,4982,220,4
4390,4186,93,2
4391,7161,626,1
4392,8397,749,4
4393,5224,327,1
4394,249,537,4
4395,1666,630,4
4396,51,888,4
4397,8232,212,2
4398,1312,241,2
4399,4981,34,2
4400,7717,814,3
4401,9635,298,2
4402,5882,924,1
4403,1081,909,4
4404,6120,460,3
4405,5979,328,4
4406,4937,534,4
4407,3477,650,2
4408,9098,73,1
4409,8117,686,1
4410,5585,404,1
4411,5528,323,4
4412,3444,536,3
4413,1898,53,4
4414,109,798,1
4415,7072,951,4
4416,1908,418,1
4417,5618,199,1
4418,7218,388,4
4419,342,824,2
4420,4806,299,3
4421,6171,616,4
4422,9665,94,1
4423,4807,219,2
4424,6342,888,4
4425,5377,470,3
4426,5931,270,4
4427,274,394,2
4428,4397,794,2
4429,6848,22,3
4430,3185,242,2
4431,5084,623,4
4432,9641,410,4
4433,823,560,1
4434,8420,478,3
4435,8480,570,1
4436,4726,111,3
4437,322,198,4
4438,3655,961,3
4439,8626,456,3
4440,5467,108,2
4441,6396,124,2
4442,7376,628,1
4443,2699,162,2
4444,361,616,3
4445,4822,221,1
4446,2676,87,2
4447,4501,871,3
4448,5413,852,4
4449,9940,626,1
4450,671,487,2
4451,5614,411,4
4452,9127,497,2
4453,4089,59,4
4454,3437,964,4
4455,5710,458,2
4456,7243,715,1
4457,6067,112,1
4458,4667,102,2
4459,6537,498,4
4460,7918,978,4
4461,7973,621,3
4462,9503,673,2
4463,2108,737,2
4464,4446,892,4
4465,7856,224,4
4466,1304,604,4
4467,7728,322,3
4468,7399,597,1
4469,2166,31,3
4470,5481,271,1
4471,2675,552,3
4472,4885,209,2
4473,6178,861,4
4474,6614,586,3
4475,1984,242,4
4476,6339,499,3
4477,8945,534,4
4478,8294,619,4
4479,9872,893,1
4480,8510,785,4
4481,8491,435,2
4482,9255,935,1
4483,4867,126,2
4484,5302,599,1
4485,4675,625,1
4486,4612,809,3
4487,4267,478,3
4488,3052,470,1
4489,7418,142,3
4490,4918,280,3
4491,2467,492,4
4492,1045,63,3
4493,4138,472,2
4494,9005,487,3
4495,899,468,3
4496,1481,894,2
4497,2031,954,3
4498,6256,817,1
4499,3920,460,2
4500,9157,964,1
4501,3742,322,4
4502,8573,973,1
4503,305,574,3
4504,8765,507,4
4505,7522,1,4
4506,5870,31,1
4507,3136,590,2
4508,9841,643,2
4509,5281,404,4
4510,7834,709,3
4511,6463,835,2
4512,1508,782,4
4513,7904,69,4
4514,2971,417,4
4515,7204,753,4
4516,1147,414,2
4517,3711,784,4
4518,3402,811,1
4519,3962,11,2
4520,2334,763,4
4521,2128,311,4
4522,4967,28,3
4523,6593,407,3
4524,4536,581,4
4525,7414,32,3
4526,3687,404,3
4527,4408,987,2
4528,4206,989,3
4529,4707,106,2
4530,1785,669,4
4531,6231,175,1
4532,8862,668,1
4533,1250,718,2
4534,8701,631,2
4535,4173,940,2
4536,8727,10,1
4537,9654,167,1
4538,5823,253,4
4539,5265,27,3
4540,5815,409,4
4541,6862,614,1
4542,629,950,1
4543,9849,174,2
4544,3083,92,3
4545,2180,826,3
4546,239,973,3
4547,2013,951,3
4548,7474,335,3
4549,2383,474,4
4550,8475,428,1
4551,2860,492,4
4552,9350,761,2
4553,3957,232,2
4554,5386,447,3
4555,2535,21,1
4556,9035,275,3
4557,5251,459,4
4558,6197,86,4
4559,2872,906,3
4560,870,749,4
4561,4610,67,1
4562,3503,80,3
4563,1033,652,4
4564,4026,685,2
4565,6684,378,2
4566,3473,262,4
4567,6054,718,3
4568,4612,440,1
4569,2089,838,1
4570,3611,780,3
4571,6740,466,2
4572,7137,267,3
4573,849,78,2
4574,8359,920,1
4575,4917,696,2
4576,5472,218,3
4577,4296,846,2
4578,5618,645,4
4579,2055,850,4
4580,39,509,1
4581,4065,801,3
4582,7449,815,3
4583,1196,251,3
4584,711,475,3
4585,1446,516,3
4586,303,384,2
4587,4267,54,3
4588,5166,788,3
4589,6844,730,3
4590,1280,135,1
4591,6579,632,1
4592,7058,112,1
4593,5715,790,4
4594,3581,655,4
4595,2549,337,2
4596,18,238,1
4597,5171,548,3
4598,6203,317,2
4599,9764,802,3
4600,4448,914,2
4601,8963,17,3
4602,4165,689,1
4603,1003,599,2
4604,3453,111,3
4605,784,979,4
4606,9179,509,2
4607,248,902,3
4608,3096,596,1
4609,622,246,3
4610,3428,969,2
4611,2607,902,4
4612,2330,26,3
4613,5969,788,3
4614,5673,962,4
4615,2420,910,3
4616,9946,510,3
4617,6301,816,3
4618,7252,560,2
4619,3760,609,2
4620,9870,595,3
4621,3401,74,1
4622,9476,699,3
4623,1302,995,3
4624,7290,561,4
4625,8696,944,2
4626,8673,963,1
4627,9272,349,4
4628,2951,744,2
4629,9896,457,2
4630,199,699,1
4631,9190,617,4
4632,5921,647,3
4633,6623,775,1
4634,7388,772,3
4635,5595,890,4
4636,2579,686,3
4637,6180,656,4
4638,59,918,2
4639,2565,459,1
4640,8754,827,4
4641,5844,533,4
4642,5378,55,1
4643,2166,36,4
4644,5594,908,2
4645,748,259,4
4646,9592,934,1
4647,7582,295,2
4648,9520,22,4
4649,4255,942,3
4650,7865,507,2
4651,2749,43,2
4652,4881,645,3
4653,4406,14,4
4654,3859,651,1
4655,9407,496,1
4656,8871,669,1
4657,1980,70,2
4658,950,776,2
4659,6514,501,2
4660,1180,753,4
4661,4140,951,2
4662,7104,85,4
4663,6802,679,4
4664,4499,496,1
4665,479,501,2
4666,5679,188,4
4667,5598,431,3
4668,2215,718,1
4669,8909,254,1
4670,3159,12,1
4671,1233,755,4
4672,1312,651,2
4673,2925,93,3
4674,2595,583,1
4675,974,860,4
4676,4837,72,4
4677,6186,729,3
4678,3454,973,1
4679,9009,387,1
4680,4863,152,2
4681,1580,408,4
4682,2299,218,2
4683,4927,392,3
4684,4601,486,1
4685,625,390,1
4686,6447,63,4
4687,7442,983,2
4688,8052,930,4
4689,8657,545,2
4690,1187,262,1
4691,8903,121,1
4692,983,471,2
4693,9963,27,3
4694,7716,636,1
4695,1716,672,1
4696,7473,63,3
4697,6402,278,4
4698,7022,758,3
4699,8837,645,3
4700,7448,775,3
4701,7371,607,1
4702,3691,825,2
4703,6529,644,4
4704,5247,649,3
4705,8016,955,1
4706,340,838,2
4707,7915,542,3
4708,8847,734,4
4709,5153,167,2
4710,705,551,1
4711,4736,324,2
4712,3172,271,2
4713,407,271,2
4714,427,807,4
4715,529,3,1
4716,2522,403,4
4717,5727,346,3
4718,7319,356,2
4719,7114,825,3
4720,1465,972,4
4721,3455,542,2
4722,5596,83,1
4723,7719,875,2
4724,3315,54,2
4725,5718,520,2
4726,1471,487,2
4727,6362,980,2
4728,4067,887,1
4729,8915,786,1
4730,4231,567,1
4731,8770,911,4
4732,1296,110,2
4733,6019,515,1
4734,4958,312,2
4735,985,408,3
4736,7610,945,4
4737,2079,95,1
4738,2188,456,1
4739,6631,529,1
4740,13,579,1
4741,7437,426,4
4742,3818,935,3
4743,2109,88,3
4744,2495,955,4
4745,7930,207,4
4746,1877,75,1
4747,7406,784,1
4748,6471,547,4
4749,8618,661,4
4750,4491,430,3
4751,1653,298,4
4752,3854,359,3
4753,7008,563,3
4754,3137,652,4
4755,4782,191,3
4756,2825,326,4
4757,7279,948,4
4758,8821,597,4
4759,7904,831,2
4760,9381,383,1
4761,6358,642,4
4762,558,230,2
4763,4083,673,4
4764,494,103,3
4765,279,904,3
4766,1013,696,4
4767,1257,360,1
4768,9993,969,4
4769,3646,145,2
4770,950,667,3
4771,7990,933,4
4772,2474,345,4
4773,1234,719,1
4774,5922,654,3
4775,3768,236,3
4776,1502,403,2
4777,9498,700,1
4778,7118,190,1
4779,5258,737,4
4780,6515,55,2
4781,438,994,1
4782,5757,965,1
4783,8553,221,3
4784,3278,281,2
4785,6676,256,3
4786,7129,541,1
4787,8558,511,4
4788,4077,292,4
4789,2376,302,3
4790,1542,721,4
4791,7599,397,2
4792,1546,820,4
4793,4756,248,1
4794,6670,293,4
4795,4939,134,2
4796,2295,401,2
4797,4946,536,4
4798,397,619,2
4799,9564,869,3
4800,1708,431,2
4801,9178,727,1
4802,9118,320,3
4803,4339,539,2
4804,6188,144,4
4805,7812,928,2
4806,3658,105,2
4807,5532,534,1
4808,2141,687,4
4809,6445,413,2
4810,4358,8,3
4811,1709,638,4
4812,4134,268,4
4813,6969,350,2
4814,2115,311,4
4815,6572,529,3
4816,1882,423,2
4817,1091,489,3
4818,1183,473,1
4819,4056,381,2
4820,9067,305,3
4821,4269,658,4
4822,478,729,3
4823,117,641,1
4824,5808,825,4
4825,4257,700,3
4826,8627,978,1
4827,7942,426,4
4828,5119,548,4
4829,8482,306,1
4830,3701,559,2
4831,1949,184,4
4832,7139,48,4
4833,8779,792,2
4834,3220,359,3
4835,8859,181,2
4836,4197,372,2
4837,4702,846,1
4838,6339,894,1
4839,3097,902,3
4840,4069,317,1
4841,7983,435,3
4842,5103,418,1
4843,4294,102,1
4844,9482,672,1
4845,535,670,1
4846,4799,690,4
4847,3644,582,1
4848,2776,849,2
4849,5135,533,3
4850,4616,574,1
4851,1623,138,4
4852,7780,76,2
4853,7249,502,1
4854,5271,395,3
4855,3189,848,1
4856,9678,99,4
4857,4617,278,4
4858,9338,932,3
4859,230,935,1
4860,3151,30,2
4861,2730,580,1
4862,6593,268,1
4863,9913,633,4
4864,5338,570,3
4865,540,159,2
4866,7612,431,3
4867,5275,130,4
4868,5227,569,4
4869,2122,538,1
4870,2763,244,4
4871,5247,430,2
4872,6784,45,1
4873,9084,9,3
4874,9497,557,1
4875,1969,884,1
4876,114,716,2
4877,1,1,3
4878,3197,468,2
4879,8949,996,4
4880,8584,754,4
4881,2626,805,2
4882,838,931,2
4883,166,466,1
4884,1007,880,1
4885,6949,585,2
4886,2725,210,4
4887,6201,968,4
4888,2742,116,3
4889,4410,71,3
4890,1111,999,1
4891,7297,3,2
4892,7444,752,2
4893,2731,852,3
4894,2535,679,4
4895,3550,341,2
4896,5020,598,2
4897,6398,206,4
4898,4413,631,3
4899,5754,624,1
4900,869,625,2
4901,3764,963,2
4902,5890,372,3
4903,7464,866,2
4904,8446,666,2
4905,4302,410,2
4906,8449,836,1
4907,7122,84,1
4908,5737,329,4
4909,5992,213,1
4910,2451,602,4
4911,1414,279,1
4912,9990,305,1
4913,7023,480,3
4914,2570,668,1
4915,3066,476,1
4916,4503,337,3
4917,8871,83,1
4918,9215,976,1
4919,7754,642,2
4920,8411,287,3
4921,8456,309,4
4922,4432,601,3
4923,704,862,1
4924,9443,890,2
4925,6896,189,4
4926,5679,753,1
4927,8082,673,2
4928,351,849,1
4929,9134,654,1
4930,5825,468,1
4931,1317,584,4
4932,4674,885,2
4933,5273,458,3
4934,2407,674,2
4935,5410,353,3
4936,6909,513,1
4937,8966,275,4
4938,9827,747,1
4939,24,107,3
4940,9210,114,2
4941,3459,390,2
4942,4477,721,2
4943,4808,636,3
4944,7922,695,1
4945,77,139,3
4946,1903,586,1
4947,6442,918,4
4948,2278,316,3
4949,6963,52,3
4950,7751,706,4
4951,2611,858,3
4952,8728,491,4
4953,4733,470,4
4954,3979,976,1
4955,8707,218,3
4956,7201,136,1
4957,1549,880,1
4958,606,734,4
4959,4094,274,4
4960,5037,643,1
4961,8273,15,3
4962,2206,47,2
4963,2571,200,1
4964,5178,800,4
4965,5641,468,2
4966,3520,796,4
4967,9098,794,2
4968,8213,870,4
4969,6196,353,4
4970,5897,746,3
4971,5686,143,3
4972,8339,424,3
4973,6295,898,3
4974,401,743,4
4975,6300,274,4
4976,8604,172,4
4977,5078,896,4
4978,1828,230,1
4979,841,56,2
4980,5627,361,3
4981,6639,657,3
4982,5580,869,2
4983,3911,293,4
4984,8352,358,2
4985,9585,272,3
4986,4716,467,1
4987,4697,838,1
4988,5102,381,1
4989,5390,683,4
4990,3474,784,2
4991,7904,42,4
4992,9886,932,3
4993,1736,874,1
4994,8562,107,4
4995,1977,203,4
4996,5964,671,3
4997,5337,578,3
4998,2680,183,1
4999,3129,253,2
5000,4732,79,4
5001,7570,737,1
5002,1327,533,1
5003,1769,731,4
5004,7234,714,4
5005,4826,964,2
5006,6210,53,3
5007,8938,639,1
5008,9718,533,3
5009,9890,159,4
5010,1628,265,2
5011,6810,588,3
5012,7706,259,2
5013,5010,795,4
5014,6397,714,2
5015,8285,428,1
5016,6406,648,1
5017,8626,682,4
5018,7527,393,3
5019,5184,537,1
5020,8842,300,2
5021,1332,809,4
5022,5212,167,1
5023,7325,858,1
5024,454,881,3
5025,3174,680,1
5026,2199,430,1
5027,6071,327,4
5028,4902,64,2
5029,8709,771,3
5030,5506,637,3
5031,8811,781,4
5032,6938,587,3
5033,6134,579,1
5034,2795,426,1
5035,3722,36,4
5036,8494,248,4
5037,3436,112,2
5038,5711,596,3
5039,1788,176,2
5040,4288,336,2
5041,3307,181,3
5042,8460,58,2
5043,4735,356,3
5044,8192,80,1
5045,6279,184,4
5046,4424,790,2
5047,5455,106,3
5048,9781,129,4
5049,3296,138,4
5050,897,158,2
5051,1633,476,3
5052,546,133,1
5053,729,986,4
5054,48,800,4
5055,6355,238,3
5056,4486,213,2
5057,4585,697,4
5058,34,186,4
5059,3409,252,3
5060,6523,285,1
5061,6611,654,2
5062,9707,825,4
5063,619,832,2
5064,5420,155,1
5065,5899,739,1
5066,4408,695,2
5067,5751,875,1
5068,7780,134,2
5069,6248,946,3
5070,714,270,3
5071,8782,373,2
5072,6365,53,2
5073,4028,342,3
5074,7711,158,2
5075,4203,37,3
5076,5902,823,2
5077,745,783,4
5078,1260,985,1
5079,3698,628,1
5080,70,273,3
5081,8698,935,2
5082,7755,373,2
5083,3217,275,1
5084,8300,504,1
5085,6129,429,2
5086,3588,343,3
5087,5861,412,2
5088,8342,380,1
5089,8615,789,2
5090,9119,267,2
5091,9238,797,4
5092,4868,543,4
5093,9501,574,1
5094,718,896,3
5095,5892,501,2
5096,3317,930,1
5097,7551,639,2
5098,6653,645,4
5099,16,592,3
5100,165,312,3
5101,7471,906,3
5102,430,106,4
5103,5155,16,3
5104,6757,696,4
5105,5686,801,3
5106,8452,610,1
5107,6517,331,4
5108,9679,509,2
5109,2684,207,2
5110,4743,187,1
5111,4130,246,1
5112,1004,409,2
5113,1050,588,1
5114,610,847,4
5115,9236,481,1
5116,4035,391,2
5117,5569,606,1
5118,1490,866,3
5119,2409,854,1
5120,2523,561,4
5121,1783,137,2
5122,3544,162,4
5123,1977,277,1
5124,2157,652,3
5125,5405,306,2
5126,2387,268,2
5127,2799,295,2
5128,367,153,2
5129,2155,793,1
5130,248,28,1
5131,3125,133,4
5132,8625,961,2
5133,8923,676,2
5134,4338,679,2
5135,5455,63,4
5136,9293,99,2
5137,5500,236,2
5138,9899,331,4
5139,1910,652,4
5140,6732,189,3
5141,8511,282,4
5142,7999,820,4
5143,4684,58,4
5144,7510,594,3
5145,3532,385,1
5146,4507,4,2
5147,5,658,4
5148,652,612,1
5149,6425,252,2
5150,6173,57,2
5151,7949,972,2
5152,1999,739,3
5153,6932,482,2
5154,6905,71,4
5155,3241,440,2
5156,9629,150,3
5157,5264,832,4
5158,7381,886,4
5159,3203,557,2
5160,4928,199,2
5161,1050,287,4
5162,2723,609,2
5163,2716,191,2
5164,8685,875,2
5165,3225,535,1
5166,3226,513,3
5167,2894,740,2
5168,3564,346,1
5169,6305,149,4
5170,450,790,3
5171,695,899,1
5172,4554,307,1
5173,2815,319,3
5174,2629,190,2
5175,4123,831,3
5176,6355,454,1
5177,8560,682,2
5178,9426,724,2
5179,5710,36,3
5180,6800,931,2
5181,3100,202,4
5182,4561,116,3
5183,3224,880,3
5184,9058,839,2
5185,3396,733,4
5186,8331,660,3
5187,1306,749,1
5188,5577,249,1
5189,9492,655,3
5190,5576,575,4
5191,5922,585,3
5192,970,521,2
5193,5659,829,4
5194,2116,231,2
5195,3131,15,1
5196,7898,5,4
5197,1148,571,4
5198,9880,833,3
5199,8241,846,3
5200,6453,698,4
5201,4672,478,3
5202,2756,761,1
5203,4406,561,2
5204,6009,978,4
5205,5949,43,4
5206,9362,140,2
5207,7506,865,1
5208,2830,341,2
5209,6046,823,3
5210,1693,816,1
5211,1018,914,3
5212,5818,757,4
5213,2916,670,3
5214,1175,147,4
5215,6688,457,4
5216,8314,27,3
5217,809,757,3
5218,9314,412,3
5219,7928,37,2
5220,3284,435,3
5221,2794,862,3
5222,5324,778,2
5223,2554,25,4
5224,5246,278,2
5225,2298,418,1
5226,4833,226,3
5227,962,713,2
5228,7840,73,3
5229,2448,911,3
5230,3115,814,1
5231,705,624,1
5232,5492,693,4
5233,8741,254,1
5234,5983,247,1
5235,3053,168,3
5236,2678,756,4
5237,4517,601,4
5238,4616,449,4
5239,1012,446,4
5240,6248,298,3
5241,2676,519,4
5242,3814,38,4
5243,491,472,1
5244,652,750,1
5245,601,112,2
5246,4823,860,3
5247,8581,790,1
5248,6094,402,3
5249,2111,108,1
5250,8344,494,3
5251,9608,669,1
5252,419,287,3
5253,9572,72,1
5254,1012,450,2
5255,3152,705,1
5256,4808,940,2
5257,505,291,2
5258,267,731,4
5259,4738,58,3
5260,1403,134,1
5261,967,470,1
5262,4498,702,2
5263,1230,30,3
5264,6070,805,1
5265,3556,91,3
5266,8556,526,4
5267,9006,325,1
5268,6342,426,1
5269,7056,456,3
5270,1897,274,1
5271,4340,535,2
5272,5662,960,1
5273,5442,413,1
5274,9287,360,1
5275,4356,737,2
5276,7502,486,1
5277,2558,67,3
5278,3774,553,4
5279,1882,108,3
5280,2002,121,1
5281,7118,179,4
5282,1577,263,2
5283,6059,632,2
5284,4314,115,1
5285,6438,108,4
5286,5335,11,3
5287,8175,192,3
5288,5698,221,1
5289,591,509,2
5290,8180,919,1
5291,3063,150,1
5292,7188,149,3
5293,522,559,3
5294,5258,834,2
5295,4926,949,1
5296,8992,530,4
5297,565,758,4
5298,9716,132,3
5299,3773,833,2
5300,6677,40,1
5301,245,945,2
5302,1219,854,1
5303,4406,792,1
5304,422,831,1
5305,2700,855,4
5306,1813,811,2
5307,3027,529,4
5308,5012,751,1
5309,5496,728,3
5310,2458,820,3
5311,4337,652,2
5312,4881,725,3
5313,721,153,4
5314,6986,267,2
5315,7852,249,4
5316,9753,875,4
5317,7166,916,3
5318,8990,65,1
5319,615,343,1
5320,2803,580,2
5321,7674,152,3
5322,3097,20,4
5323,8073,483,4
5324,8465,240,4
5325,7464,470,1
5326,190,506,1
5327,8367,708,2
5328,4120,984,1
5329,8247,625,2
5330,5874,86,2
5331,3130,761,1
5332,5824,466,2
5333,898,576,2
5334,4079,811,4
5335,6314,86,4
5336,2687,17,1
5337,7311,847,2
5338,9661,832,3
5339,1920,696,2
5340,6249,660,4
5341,950,903,4
5342,9609,434,1
5343,1433,872,1
5344,9088,278,1
5345,3922,640,1
5346,9306,185,4
5347,6408,920,4
5348,3545,776,4
5349,339,794,4
5350,3745,910,2
5351,3581,836,3
5352,722,401,4
5353,6626,659,4
5354,7016,9,3
5355,5804,21,1
5356,605,348,1
5357,9969,55,2
5358,706,427,2
5359,5910,50,1
5360,5759,1000,3
5361,7063,951,3
5362,5106,820,1
5363,9586,588,3
5364,1107,865,2
5365,4281,217,4
5366,1079,402,1
5367,6092,14,2
5368,9769,651,1
5369,7213,409,1
5370,9524,121,1
5371,5088,626,2
5372,6768,506,3
5373,9993,15,2
5374,2195,858,1
5375,7372,454,3
5376,9233,854,1
5377,1949,786,4
5378,7135,450,3
5379,6085,24,1
5380,4573,193,4
5381,5555,658,2
5382,1724,341,4
5383,5807,661,2
5384,2906,636,3
5385,860,734,2
5386,9158,404,1
5387,3242,970,1
5388,3489,435,4
5389,4770,569,4
5390,7244,871,3
5391,6483,484,3
5392,3333,791,3
5393,1229,910,3
5394,4069,265,4
5395,4661,207,2
5396,8135,2,1
5397,2799,59,4
5398,8941,46,1
5399,3400,505,1
5400,35,119,1
5401,4081,650,2
5402,91,515,2
5403,3922,264,1
5404,6636,10,1
5405,9451,476,3
5406,8013,722,3
5407,1865,908,4
5408,6531,87,1
5409,8171,902,4
5410,4272,320,3
5411,9818,50,3
5412,3660,803,3
5413,6532,735,1
5414,7114,982,2
5415,2051,707,2
5416,7639,707,4
5417,2167,442,1
5418,306,349,3
5419,617,174,4
5420,317,764,2
5421,8573,666,3
5422,6755,365,3
5423,9581,146,1
5424,8691,602,3
5425,6277,554,4
5426,4099,895,2
5427,3146,685,4
5428,4497,361,2
5429,9937,987,1
5430,8721,44,2
5431,3823,555,3
5432,9118,452,4
5433,1381,804,3
5434,4976,262,2
5435,3680,686,4
5436,3799,387,1
5437,1015,525,3
5438,7183,348,2
5439,7666,618,3
5440,7255,402,2
5441,1716,542,2
5442,4177,185,1
5443,214,163,3
5444,9727,170,4
5445,8802,960,3
5446,2574,868,2
5447,4840,410,1
5448,5200,72,2
5449,1825,774,4
5450,8060,413,1
5451,8570,954,4
5452,725,91,1
5453,6195,969,4
5454,5200,518,4
5455,8226,694,2
5456,5087,133,3
5457,6907,370,2
5458,9448,224,3
5459,4105,720,1
5460,4925,740,3
5461,5518,19,2
5462,9409,564,4
5463,3173,540,2
5464,4158,387,4
5465,9875,774,1
5466,8572,123,3
5467,4821,622,4
5468,714,141,4
5469,5419,231,2
5470,9108,727,2
5471,1258,353,2
5472,364,491,1
5473,7640,914,1
5474,696,816,3
5475,8633,713,4
5476,8461,436,1
5477,1241,368,1
5478,8448,728,2
5479,3912,953,3
5480,5223,73,2
5481,9932,541,2
5482,9878,662,3
5483,5687,280,1
5484,8323,214,2
5485,8130,574,1
5486,4986,667,4
5487,5040,149,3
5488,388,469,3
5489,3644,539,2
5490,751,841,2
5491,9746,365,1
5492,910,454,4
5493,7328,458,3
5494,5474,1,1
5495,5257,195,3
5496,7933,815,4
5497,978,668,2
5498,6431,880,4
5499,3424,223,4
5500,1114,276,2
5501,4149,484,3
5502,1386,365,1
5503,7120,753,2
5504,2455,631,3
5505,7156,426,1
5506,4510,521,2
5507,4333,669,2
5508,6826,309,3
5509,1232,455,2
5510,7367,698,3
5511,8118,486,2
5512,986,781,4
5513,1120,267,4
5514,484,82,4
5515,4177,785,1
5516,9757,387,3
5517,421,920,1
5518,1007,846,2
5519,5365,423,2
5520,5408,950,4
5521,2072,457,2
5522,9124,486,4
5523,7841,392,3
5524,4272,1,2
5525,3677,305,4
5526,1990,290,3
5527,1876,908,2
5528,7401,280,1
5529,2093,545,2
5530,6851,839,3
5531,7071,988,3
5532,2963,584,2
5533,6168,491,3
5534,6366,184,4
5535,6060,780,3
5536,5588,691,3
5537,228,240,3
5538,9571,650,2
5539,9914,460,3
5540,5866,338,2
5541,6543,673,3
5542,2778,186,1
5543,9477,269,4
5544,551,340,3
5545,4260,507,4
5546,5867,517,2
5547,10000,678,1
5548,1116,968,4
5549,6310,792,2
5550,7312,64,3
5551,3933,524,3
5552,2405,887,4
5553,1029,872,3
5554,8483,239,3
5555,4367,231,1
5556,2154,843,4
5557,3934,563,3
5558,5092,277,2
5559,4593,63,2
5560,4253,840,1
5561,4941,716,4
5562,8447,538,4
5563,9142,652,1
5564,8836,730,4
5565,6563,205,3
5566,2853,500,2
5567,5036,450,4
5568,1698,115,3
5569,7298,564,4
5570,3171,492,1
5571,5594,911,4
5572,2009,860,4
5573,2570,67,4
5574,3468,388,4
5575,1406,241,4
5576,3236,65,3
5577,329,716,2
5578,1235,583,1
5579,6518,436,4
5580,1971,435,2
5581,5091,765,4
5582,8939,536,4
5583,7857,902,4
5584,2823,959,1
5585,8229,142,2
5586,5113,476,2
5587,2064,264,4
5588,6633,668,4
5589,7209,44,4
5590,1680,402,4
5591,1508,654,3
5592,8501,682,3
5593,7541,625,2
5594,5472,468,3
5595,2827,197,3
5596,2480,612,1
5597,425,804,2
5598,4790,777,1
5599,3649,796,4
5600,3919,258,3
5601,4414,132,3
5602,7837,853,1
5603,1073,355,3
5604,8486,191,2
5605,1085,571,1
5606,9270,342,1
5607,7285,95,1
5608,7389,843,1
5609,7124,468,4
5610,7004,999,2
5611,1917,215,1
5612,6410,924,3
5613,5124,250,2
5614,3165,410,3
5615,2644,358,3
5616,133,876,2
5617,5911,251,2
5618,2865,835,1
5619,542,103,2
5620,5527,971,3
5621,6611,462,3
5622,9761,71,3
5623,9492,603,3
5624,9353,782,4
5625,7721,44,2
5626,1562,720,4
5627,31,370,4
5628,8731,674,2
5629,6058,566,2
5630,3058,43,1
5631,4355,821,2
5632,5403,314,3
5633,6363,824,2
5634,6489,896,4
5635,8361,528,2
5636,7159,513,4
5637,3855,430,3
5638,5111,737,3
5639,9496,520,1
5640,498,678,4
5641,3179,770,2
5642,6759,881,4
5643,3161,579,2
5644,445,387,1
5645,4502,144,3
5646,2406,631,2
5647,1252,92,2
5648,4364,458,3
5649,3482,658,3
5650,822,442,4
5651,8872,922,2
5652,980,590,2
5653,8236,492,2
5654,1945,97,2
5655,304,221,2
5656,9701,630,2
5657,9626,775,1
5658,1718,378,1
5659,6022,637,3
5660,4884,502,4
5661,1289,446,1
5662,6362,526,1
5663,3891,40,3
5664,505,7,3
5665,4426,892,4
5666,8533,18,1
5667,3287,122,3
5668,3461,940,2
5669,6821,1,3
5670,8088,269,2
5671,3044,105,1
5672,1962,932,3
5673,4360,589,3
5674,2131,592,1
5675,7766,610,1
5676,9771,389,1
5677,9868,886,1
5678,3850,389,3
5679,1078,502,4
5680,5194,978,2
5681,297,931,3
5682,9404,310,2
5683,6520,26,1
5684,1222,431,1
5685,1760,775,1
5686,5576,916,2
5687,6822,19,4
5688,4784,216,3
5689,5963,647,2
5690,4371,917,4
5691,3401,130,1
5692,49,871,4
5693,547,969,1
5694,6089,202,3
5695,3301,824,1
5696,5879,226,2
5697,5635,989,4
5698,2831,950,3
5699,9185,560,1
5700,4923,611,4
5701,708,272,4
5702,4527,565,3
5703,5288,365,1
5704,6628,584,2
5705,2671,735,3
5706,518,864,3
5707,7381,775,3
5708,1635,83,2
5709,6056,204,1
5710,25,241,1
5711,6496,834,4
5712,8153,452,1
5713,5903,159,1
5714,8313,936,3
5715,8263,871,4
5716,8695,897,1
5717,4279,712,2
5718,9931,267,2
5719,9666,15,1
5720,8435,694,2
5721,5351,793,3
5722,7931,527,2
5723,9974,733,1
5724,3142,490,1
5725,3512,464,4
5726,3378,770,1
5727,2514,53,3
5728,9041,810,4
5729,9288,658,3
5730,8510,364,2
5731,1009,468,3
5732,8528,470,1
5733,3095,263,1
5734,9708,358,1
5735,4486,15,3
5736,939,762,1
5737,9070,104,2
5738,6329,77,4
5739,549,3,1
5740,4525,528,3
5741,4988,746,1
5742,2215,699,2
5743,4110,519,1
5744,138,896,3
5745,5331,170,3
5746,5355,906,2
5747,9375,395,2
5748,5296,863,3
5749,7068,81,3
5750,4407,104,2
5751,9241,556,4
5752,1004,65,1
5753,3126,678,2
5754,1986,342,2
5755,9648,262,1
5756,8131,826,4
5757,1796,114,1
5758,5045,528,2
5759,2582,257,1
5760,9813,416,3
5761,2221,954,4
5762,1252,135,1
5763,6358,838,4
5764,9234,306,1
5765,989,2,1
5766,1054,169,2
5767,3593,713,1
5768,2009,430,4
5769,9498,846,4
5770,5526,378,4
5771,7614,928,2
5772,3060,227,2
5773,6361,518,3
5774,1630,301,2
5775,5035,289,4
5776,2784,180,1
5777,7974,271,1
5778,5142,205,1
5779,5616,748,3
5780,122,630,3
5781,2652,538,1
5782,7144,557,2
5783,6509,157,3
5784,7301,504,2
5785,1406,27,4
5786,3032,479,3
5787,2004,977,1
5788,6107,597,1
5789,5732,759,4
5790,9381,522,1
5791,6114,348,3
5792,1493,566,3
5793,9715,366,3
5794,2744,638,4
5795,4195,253,3
5796,2303,142,1
5797,7929,204,2
5798,9039,313,2
5799,4334,796,4
5800,2812,581,1
5801,2656,24,2
5802,1247,659,4
5803,2824,394,3
5804,1743,670,2
5805,4305,150,1
5806,5118,641,3
5807,8039,529,1
5808,4002,110,3
5809,5946,982,4
5810,2248,739,3
5811,3722,63,2
5812,991,905,2
5813,4598,871,1
5814,3599,17,1
5815,1894,116,2
5816,1080,289,4
5817,4954,853,3
5818,3030,86,3
5819,4069,477,4
5820,8228,695,1
5821,6084,344,2
5822,2182,913,4
5823,7771,25,2
5824,7003,55,3
5825,9231,478,4
5826,7751,628,4
5827,3012,360,4
5828,9694,447,3
5829,1276,66,2
5830,5697,16,4
5831,7119,806,3
5832,6232,463,2
5833,7328,724,4
5834,3113,223,4
5835,8291,27,1
5836,7257,116,1
5837,4632,512,3
5838,782,674,3
5839,3015,132,1
5840,1559,68,2
5841,7924,835,1
5842,4620,146,2
5843,6052,955,2
5844,3858,665,2
5845,3445,783,1
5846,4990,238,2
5847,1831,417,1
5848,7068,416,4
5849,5037,695,3
5850,6772,597,4
5851,650,500,1
5852,1836,619,3
5853,1114,811,1
5854,1929,379,4
5855,8932,925,4
5856,2104,246,1
5857,3232,507,1
5858,5276,663,3
5859,8451,411,1
5860,2979,412,3
5861,2134,216,4
5862,2913,742,3
5863,5553,817,3
5864,6166,759,2
5865,7307,71,3
5866,7565,663,4
5867,5676,886,1
5868,8506,687,1
5869,5849,662,4
5870,1073,70,4
5871,8661,265,3
5872,4573,51,1
5873,2559,751,4
5874,4268,793,3
5875,2786,283,3
5876,3786,453,2
5877,6653,400,4
5878,855,294,3
5879,8827,774,4
5880,7513,120,1
5881,8824,537,1
5882,6671,70,2
5883,8025,735,4
5884,3609,303,4
5885,7597,296,4
5886,7179,996,3
5887,6143,718,2
5888,7583,918,2
5889,3971,658,1
5890,8463,850,1
5891,5205,426,4
5892,5360,876,3
5893,1981,840,2
5894,5491,284,3
5895,5629,678,4
5896,9785,468,1
5897,7542,616,1
5898,7802,915,4
5899,906,853,3
5900,6116,346,2
5901,440,21,1
5902,7946,201,1
5903,4296,107,2
5904,7713,177,3
5905,9630,180,1
5906,3006,589,3
5907,6258,459,2
5908,4233,54,3
5909,5997,351,2
5910,5350,872,1
5911,8161,481,3
5912,8713,364,4
5913,5255,160,4
5914,5047,935,2
5915,4419,222,4
5916,5044,159,2
5917,2522,25,2
5918,2084,53,3
5919,1194,4,4
5920,4794,927,4
5921,688,469,2
5922,6161,349,2
5923,1011,977,1
5924,4565,526,4
5925,6872,49,4
5926,7396,974,2
5927,7195,175,3
5928,550,57,2
5929,2635,998,1
5930,9388,351,4
5931,3197,809,2
5932,971,384,1
5933,6922,746,3
5934,683,407,4
5935,1860,690,3
5936,8864,533,3
5937,4466,686,3
5938,2075,223,4
5939,4097,595,3
5940,1183,106,1
5941,545,814,2
5942,544,551,4
5943,8056,414,1
5944,4874,60,4
5945,2356,251,2
5946,1583,857,3
5947,1964,714,4
5948,5162,128,4
5949,7746,605,2
5950,9447,418,1
5951,5527,536,4
5952,5795,240,1
5953,4434,696,2
5954,4432,921,2
5955,2941,34,4
5956,765,924,3
5957,3556,81,1
5958,7462,469,2
5959,2720,147,4
5960,4159,633,3
5961,8302,581,2
5962,6558,499,3
5963,2694,554,4
5964,541,85,4
5965,6421,908,4
5966,8681,462,2
5967,8236,782,1
5968,1935,107,1
5969,3386,34,3
5970,2821,704,2
5971,3406,543,2
5972,5966,947,2
5973,2424,216,4
5974,8091,344,1
5975,4420,294,1
5976,6514,669,2
5977,3066,271,3
5978,9016,698,4
5979,8993,257,4
5980,568,286,1
5981,2775,429,1
5982,6489,742,3
5983,5323,647,3
5984,2127,479,2
5985,3218,675,4
5986,913,136,1
5987,4880,687,4
5988,1269,760,4
5989,571,320,4
5990,6227,75,1
5991,2439,989,4
5992,6009,270,3
5993,1353,602,1
5994,4345,204,4
5995,7618,888,1
5996,2736,633,4
5997,7511,947,1
5998,5410,11,2
5999,5266,424,2
6000,3894,973,4
6001,3062,772,3
6002,6505,684,3
6003,5333,828,4
6004,158,302,3
6005,1416,88,1
6006,6629,328,4
6007,3856,181,2
6008,6624,497,1
6009,1891,79,4
6010,8335,345,1
6011,2945,356,2
6012,7441,183,1
6013,6643,612,3
6014,2288,782,2
6015,2143,902,2
6016,5705,253,3
6017,1159,566,4
6018,5413,810,4
6019,6395,89,4
6020,6640,384,4
6021,2651,164,3
6022,5965,861,2
6023,7144,444,1
6024,8187,600,2
6025,3849,679,3
6026,781,527,2
6027,3187,484,2
6028,6429,871,1
6029,5762,854,2
6030,6375,425,4
6031,6268,660,1
6032,8882,968,1
6033,7887,603,3
6034,6834,344,2
6035,834,26,1
6036,3055,832,2
6037,7939,374,1
6038,3305,709,4
6039,259,288,4
6040,94,634,2
6041,9181,37,2
6042,3640,464,1
6043,4340,146,1
6044,3538,824,4
6045,4730,461,2
6046,8173,848,2
6047,9483,180,2
6048,6679,742,3
6049,9349,336,3
6050,2586,511,4
6051,2064,626,2
6052,4040,963,4
6053,9407,894,2
6054,2316,771,3
6055,488,696,4
6056,2849,818,1
6057,5663,627,1
6058,6824,943,1
6059,8212,27,1
6060,9828,548,1
6061,4306,20,2
6062,3787,404,2
6063,7170,151,3
6064,4951,338,2
6065,3043,496,3
6066,9868,266,2
6067,6385,501,2
6068,2194,707,4
6069,2941,190,2
6070,1670,820,3
6071,5707,244,2
6072,5245,52,1
6073,6429,634,2
6074,3046,581,4
6075,4156,371,1
6076,1399,722,4
6077,5542,835,1
6078,6916,5,4
6079,2843,794,3
6080,9714,803,3
6081,1741,231,2
6082,9521,436,4
6083,77,973,3
6084,7607,332,2
6085,9421,416,4
6086,4995,929,4
6087,1077,1000,1
6088,8390,88,2
6089,2206,675,1
6090,7430,159,2
6091,9394,122,1
6092,8804,270,4
6093,5401,949,3
6094,889,794,4
6095,3561,444,3
6096,1038,994,4
6097,7506,904,4
6098,5910,364,1
6099,9781,389,4
6100,9590,454,4
6101,1007,759,2
6102,2260,203,4
6103,4502,314,3
6104,1707,868,3
6105,3842,462,1
6106,4407,202,3
6107,2541,304,1
6108,6851,160,4
6109,3237,123,4
6110,7667,481,3
6111,4480,152,2
6112,2378,102,2
6113,4941,135,1
6114,9673,862,4
6115,3143,997,1
6116,9443,29,2
6117,4217,455,2
6118,1704,465,3
6119,1654,33,2
6120,9682,951,3
6121,8855,243,3
6122,242,519,2
6123,3853,173,4
6124,1657,25,3
6125,5146,213,3
6126,1435,989,2
6127,5208,666,4
6128,3306,689,3
6129,3690,68,4
6130,1276,620,1
6131,6238,236,2
6132,5706,268,4
6133,1395,719,3
6134,4268,887,2
6135,3984,960,2
6136,5303,310,1
6137,7943,821,4
6138,8922,586,2
6139,2411,34,4
6140,8838,137,3
6141,5587,792,1
6142,2847,952,3
6143,5679,472,1
6144,9121,428,1
6145,9244,680,1
6146,7000,762,2
6147,6049,965,3
6148,9780,620,2
6149,1750,943,3
6150,5280,255,4
6151,5550,103,2
6152,3556,943,4
6153,1819,806,2
6154,6788,478,3
6155,6325,84,4
6156,1647,440,1
6157,5222,280,2
6158,3712,464,1
6159,7932,771,2
6160,6268,481,1
6161,2082,511,3
6162,7928,5,4
6163,9921,771,3
6164,3922,824,1
6165,2853,111,4
6166,8662,835,3
6167,7,679,4
6168,7391,144,4
6169,7313,145,1
6170,4471,92,4
6171,2781,628,2
6172,1068,631,1
6173,6178,911,4
6174,9044,948,4
6175,5137,762,4
6176,4225,504,3
6177,234,910,1
6178,9954,841,2
6179,5958,353,2
6180,1978,464,3
6181,5345,819,1
6182,4268,401,1
6183,7119,115,3
6184,3834,555,3
6185,801,233,4
6186,2060,866,4
6187,7812,345,3
6188,5664,451,4
6189,9650,648,1
6190,9534,302,1
6191,4228,133,3
6192,1013,632,3
6193,6428,202,4
6194,922,224,3
6195,5278,165,2
6196,3111,119,2
6197,2435,633,4
6198,7966,525,2
6199,5058,208,3
6200,8779,717,3
6201,9486,111,4
6202,7638,420,2
6203,8393,371,4
6204,9431,152,2
6205,5474,730,3
6206,3713,500,4
6207,3214,432,4
6208,2894,515,4
6209,1589,79,4
6210,1899,989,4
6211,6078,882,2
6212,5612,612,3
6213,5687,200,3
6214,6051,827,1
6215,6964,682,3
6216,8234,798,2
6217,9944,270,4
6218,3858,801,1
6219,9941,588,4
6220,2466,534,3
6221,5330,712,3
6222,1990,458,2
6223,4903,935,2
6224,1396,320,1
6225,4315,163,1
6226,5837,259,3
6227,544,594,4
6228,7580,863,4
6229,2409,319,2
6230,9016,977,3
6231,8104,268,1
6232,5067,24,3
6233,2604,763,4
6234,7623,951,1
6235,3295,378,3
6236,7568,442,4
6237,3793,52,4
6238,7235,585,4
6239,5251,79,1
6240,9549,29,4
6241,5794,785,1
6242,4636,24,4
6243,2779,847,2
6244,4596,974,4
6245,1681,372,1
6246,4456,122,1
6247,8177,52,2
6248,9234,156,2
6249,863,602,2
6250,5206,91,2
6251,465,5,2
6252,9587,705,3
6253,734,66,1
6254,4979,452,3
6255,7304,181,1
6256,5693,380,3
6257,2074,247,4
6258,8258,193,1
6259,4137,628,4
6260,5652,492,3
6261,5134,386,3
6262,4646,140,4
6263,3800,201,2
6264,4025,796,3
6265,6790,351,1
6266,9351,941,1
6267,3395,731,3
6268,9199,205,1
6269,9162,142,3
6270,1462,214,1
6271,1926,433,1
6272,6646,678,3
6273,4309,824,1
6274,3299,375,2
6275,4763,950,1
6276,7952,700,4
6277,3186,209,3
6278,3830,958,1
6279,7437,114,2
6280,1637,641,2
6281,1508,821,4
6282,277,906,4
6283,3086,583,2
6284,3601,69,4
6285,7559,651,1
6286,1392,678,1
6287,8914,822,1
6288,2528,948,2
6289,8875,571,2
6290,6540,592,4
6291,103,789,2
6292,5831,461,3
6293,3929,802,3
6294,6932,318,3
6295,1046,926,1
6296,9925,672,2
6297,5713,299,4
6298,3029,536,4
6299,4080,607,4
6300,2664,314,1
6301,2570,238,3
6302,2358,59,2
6303,1153,487,3
6304,1234,268,3
6305,165,622,1
6306,9856,659,1
6307,3134,638,3
6308,7853,142,4
6309,3958,630,3
6310,3860,591,1
6311,403,393,4
6312,3711,226,2
6313,8515,189,4
6314,6292,994,3
6315,3546,971,3
6316,8852,686,1
6317,2917,709,3
6318,9446,399,4
6319,8539,631,2
6320,3858,986,3
6321,8976,354,3
6322,2989,28,1
6323,27,697,1
6324,5967,695,3
6325,4961,793,3
6326,9021,870,3
6327,8050,609,2
6328,65,458,3
6329,933,376,1
6330,9001,877,4
6331,229,997,2
6332,2207,175,1
6333,7407,468,3
6334,896,138,3
6335,4115,767,2
6336,9408,77,1
6337,3422,181,1
6338,4495,109,1
6339,3761,656,4
6340,2151,521,1
6341,898,154,4
6342,2824,610,3
6343,7341,335,3
6344,1875,160,4
6345,3517,475,1
6346,914,506,4
6347,3467,213,1
6348,2961,163,3
6349,1696,479,4
6350,7036,448,2
6351,1935,928,2
6352,8014,293,4
6353,2628,102,2
6354,3508,311,3
6355,9456,912,3
6356,9204,182,3
6357,6519,960,3
6358,6517,164,1
6359,9504,978,2
6360,9797,958,3
6361,9802,34,3
6362,4866,77,3
6363,8167,374,2
6364,7193,438,2
6365,7404,780,2
6366,5716,985,4
6367,4786,789,3
6368,8904,439,3
6369,8155,448,4
6370,9561,367,3
6371,8138,498,1
6372,5269,121,4
6373,5986,964,1
6374,6494,476,4
6375,4589,886,3
6376,1092,102,3
6377,9600,657,1
6378,5129,632,2
6379,5430,423,4
6380,46,318,2
6381,6960,269,4
6382,8185,633,3
6383,760,869,1
6384,4906,706,4
6385,6673,860,1
6386,6386,226,2
6387,8267,381,1
6388,4846,105,4
6389,2331,782,4
6390,5411,1,2
6391,453,655,2
6392,2958,343,2
6393,1801,189,2
6394,9193,13,2
6395,9517,837,3
6396,4350,717,4
6397,2203,920,4
6398,6194,250,3
6399,1572,909,3
6400,8381,476,3
6401,9669,874,4
6402,1501,323,1
6403,2156,690,3
6404,4519,379,2
6405,8949,321,2
6406,3720,340,3
6407,9347,624,1
6408,7099,605,3
6409,3652,967,3
6410,9832,730,3
6411,2346,137,4
6412,5271,82,2
6413,115,586,1
6414,1078,562,1
6415,8136,684,3
6416,9424,469,2
6417,1037,126,1
6418,4705,916,4
6419,3913,215,4
6420,418,579,1
6421,882,323,1
6422,4618,689,3
6423,9916,770,4
6424,1672,634,4
6425,4411,64,1
6426,5934,632,4
6427,6014,796,2
6428,4289,933,3
6429,5860,615,3
6430,2754,92,1
6431,4911,167,1
6432,8339,927,3
6433,1472,898,2
6434,8935,643,4
6435,5252,278,1
6436,7623,561,4
6437,2852,333,3
6438,571,724,3
6439,5093,123,3
6440,1980,621,1
6441,9401,210,4
6442,6057,855,4
6443,7633,3,4
6444,9491,389,1
6445,6586,95,4
6446,9617,283,1
6447,3462,779,3
6448,1648,176,3
6449,9120,210,4
6450,9846,321,3
6451,9634,850,3
6452,8817,993,2
6453,7937,475,1
6454,6705,598,2
6455,2236,426,1
6456,6138,398,3
6457,9799,30,4
6458,342,872,2
6459,8149,435,1
6460,319,12,2
6461,3692,363,1
6462,2253,28,3
6463,5988,601,4
6464,9561,113,3
6465,7690,211,3
6466,9846,268,2
6467,9216,355,4
6468,3284,210,4
6469,5875,581,3
6470,9704,710,1
6471,3978,750,4
6472,8663,510,1
6473,1852,575,1
6474,1433,123,2
6475,3829,816,4
6476,9996,334,2
6477,3416,207,1
6478,4358,241,2
6479,4514,84,4
6480,205,686,4
6481,1611,149,4
6482,8245,497,4
6483,3932,252,4
6484,671,862,1
6485,3146,692,2
6486,2830,755,1
6487,8315,961,2
6488,2967,901,1
6489,5002,289,3
6490,3920,883,3
6491,1839,619,4
6492,8437,795,1
6493,6806,902,3
6494,9604,362,4
6495,1826,823,1
6496,4767,996,2
6497,5583,638,1
6498,244,721,2
6499,8376,302,2
6500,2181,282,1
6501,8169,45,1
6502,8834,820,2
6503,1568,245,4
6504,8065,693,3
6505,3435,264,1
6506,3673,912,1
6507,5594,757,4
6508,9404,175,3
6509,1489,510,2
6510,3654,252,3
6511,8529,118,2
6512,6693,513,2
6513,2659,49,1
6514,5484,878,2
6515,7971,632,4
6516,9061,377,3
6517,6620,180,1
6518,1515,395,4
6519,143,650,1
6520,6834,169,1
6521,8424,141,1
6522,2175,275,1
6523,7489,860,4
6524,7090,292,3
6525,3492,399,2
6526,9422,131,1
6527,4018,910,3
6528,719,649,1
6529,1719,246,3
6530,4200,947,4
6531,8877,942,3
6532,444,605,2
6533,9232,85,3
6534,8336,964,3
6535,5833,279,3
6536,9729,450,2
6537,5764,302,4
6538,2404,675,1
6539,4733,502,3
6540,5024,129,1
6541,7337,857,3
6542,6749,237,3
6543,9615,2,3
6544,6296,334,1
6545,4645,309,3
6546,5000,431,3
6547,7947,317,1
6548,4791,757,3
6549,2623,325,2
6550,8383,775,4
6551,4883,389,3
6552,282,907,2
6553,408,257,2
6554,1347,488,3
6555,2544,79,2
6556,9765,101,2
6557,7158,720,4
6558,5575,267,2
6559,3517,500,4
6560,7926,917,2
6561,7231,756,1
6562,5932,258,2
6563,2675,264,1
6564,2690,325,1
6565,3336,873,2
6566,4507,776,1
6567,3049,295,4
6568,2252,185,2
6569,7460,936,2
6570,714,456,3
6571,1128,614,4
6572,5662,222,4
6573,808,966,1
6574,7039,242,2
6575,3846,611,4
6576,7472,215,2
6577,6109,164,1
6578,11,544,3
6579,8675,194,4
6580,5992,365,2
6581,6801,967,2
6582,2607,971,1
6583,8642,619,3
6584,6055,901,1
6585,999,571,3
6586,8314,578,1
6587,8647,126,1
6588,9858,636,3
6589,2972,575,1
6590,8142,838,2
6591,4675,139,1
6592,6746,262,2
6593,3285,674,3
6594,5561,193,3
6595,3203,193,3
6596,9238,694,4
6597,1619,788,4
6598,2091,641,1
6599,4431,52,2
6600,3036,299,2
6601,4539,794,2
6602,524,887,1
6603,1328,698,4
6604,3686,115,4
6605,3158,227,2
6606,4807,664,2
6607,63,674,4
6608,2797,314,3
6609,7867,515,2
6610,9386,755,1
6611,7962,122,2
6612,1370,933,2
6613,5994,508,4
6614,9833,80,1
6615,2401,311,1
6616,9321,516,2
6617,7713,784,2
6618,4604,298,3
6619,2892,39,4
6620,6290,585,1
6621,5828,147,2
6622,1397,93,4
6623,8078,519,3
6624,1749,437,4
6625,5871,875,1
6626,1747,901,1
6627,863,382,3
6628,4863,997,1
6629,2359,478,4
6630,6388,61,1
6631,2072,228,1
6632,6373,141,3
6633,7723,377,1
6634,402,35,1
6635,3533,396,4
6636,8806,358,4
6637,5116,245,4
6638,3880,562,3
6639,7390,995,1
6640,8959,276,3
6641,8240,77,4
6642,3718,882,1
6643,2890,110,2
6644,9704,825,1
6645,8782,163,2
6646,6670,199,4
6647,2198,339,1
6648,1530,143,1
6649,3369,978,1
6650,864,158,4
6651,2505,239,4
6652,404,372,1
6653,6285,802,4
6654,4831,571,2
6655,5742,164,2
6656,9434,164,3
6657,4610,870,4
6658,5516,977,3
6659,8099,386,2
6660,1260,443,1
6661,4865,380,3
6662,9752,976,1
6663,3381,395,3
6664,3692,364,3
6665,2598,854,2
6666,7225,164,3
6667,7160,435,4
6668,6292,764,2
6669,2743,420,4
6670,6388,76,4
6671,4983,660,4
6672,9635,13,3
6673,5828,770,3
6674,2722,775,2
6675,4821,742,2
6676,709,369,4
6677,4272,994,2
6678,6001,296,4
6679,8723,54,4
6680,4454,235,4
6681,1362,633,4
6682,656,712,2
6683,4753,871,4
6684,3640,71,1
6685,7016,48,1
6686,5702,390,3
6687,3843,910,3
6688,3034,950,1
6689,1571,791,3
6690,4587,832,2
6691,4180,5,1
6692,5691,24,3
6693,3501,861,4
6694,997,721,4
6695,8980,28,2
6696,5545,540,3
6697,5772,515,2
6698,6999,268,3
6699,4308,649,4
6700,6113,784,4
6701,9412,579,4
6702,4259,137,3
6703,4792,945,2
6704,9518,664,1
6705,4969,219,4
6706,8687,172,4
6707,5352,414,3
6708,9588,507,3
6709,1012,827,4
6710,8561,883,4
6711,7885,949,2
6712,5201,239,1
6713,8382,110,3
6714,8683,6,4
6715,7194,535,3
6716,6114,111,1
6717,9871,925,2
6718,2601,823,3
6719,6763,494,1
6720,9220,632,2
6721,7605,345,2
6722,3545,450,1
6723,333,899,1
6724,2407,746,3
6725,6319,196,3
6726,1209,821,4
6727,5749,464,1
6728,6001,209,2
6729,681,577,2
6730,6165,79,2
6731,330,67,3
6732,5108,827,4
6733,4483,810,1
6734,7904,162,3
6735,1163,674,1
6736,3463,438,4
6737,5376,544,1
6738,6351,582,2
6739,2519,727,3
6740,653,73,1
6741,7473,80,2
6742,555,769,2
6743,7939,29,4
6744,1661,542,3
6745,6752,854,4
6746,9684,59,4
6747,7801,819,2
6748,7796,222,1
6749,6819,822,2
6750,7331,354,2
6751,8034,317,4
6752,776,87,1
6753,266,993,4
6754,9983,934,4
6755,7712,300,1
6756,27,609,4
6757,902,65,2
6758,2168,380,4
6759,6247,762,1
6760,8916,9,4
6761,1537,4,3
6762,3993,831,4
6763,672,7,4
6764,1022,850,1
6765,1643,7,2
6766,2302,136,1
6767,2774,720,4
6768,9169,849,2
6769,686,327,1
6770,586,125,1
6771,8947,931,1
6772,6207,580,2
6773,4401,744,1
6774,86,802,4
6775,7590,447,4
6776,1062,41,1
6777,4614,629,3
6778,1301,84,4
6779,3759,857,2
6780,9153,154,2
6781,5945,115,4
6782,4216,792,2
6783,9668,960,3
6784,8305,647,4
6785,1992,444,4
6786,2390,112,1
6787,7942,21,2
6788,5354,260,3
6789,9750,400,3
6790,5355,37,2
6791,4513,946,2
6792,1371,865,2
6793,5335,854,3
6794,8600,52,3
6795,7645,971,3
6796,5386,3,2
6797,4824,146,3
6798,2267,429,2
6799,4016,989,3
6800,2940,233,1
6801,7585,645,3
6802,4711,516,4
6803,8155,966,1
6804,3184,158,1
6805,2533,18,4
6806,1477,707,2
6807,2135,15,2
6808,1735,797,4
6809,7367,436,4
6810,4589,315,2
6811,2915,523,4
6812,9088,12,4
6813,3200,630,1
6814,720,944,3
6815,7085,236,1
6816,9480,937,4
6817,6839,401,4
6818,7160,179,4
6819,519,648,2
6820,9973,870,4
6821,5110,865,1
6822,681,264,4
6823,2016,425,3
6824,9755,336,3
6825,5255,654,3
6826,4992,932,4
6827,5639,480,4
6828,1934,252,4
6829,1823,353,2
6830,4173,172,4
6831,8225,765,2
6832,2860,534,4
6833,3523,150,2
6834,7675,786,4
6835,6984,984,3
6836,4212,775,3
6837,2099,512,3
6838,9733,789,3
6839,7019,706,3
6840,5616,644,3
6841,961,194,1
6842,458,160,1
6843,4920,240,4
6844,6812,335,3
6845,5884,921,2
6846,9079,567,2
6847,3524,140,2
6848,5008,809,3
6849,4010,224,3
6850,6351,428,2
6851,2171,793,4
6852,5978,789,4
6853,6039,311,2
6854,87,997,2
6855,8965,1,1
6856,3307,239,4
6857,6500,75,1
6858,5988,689,4
6859,7895,995,1
6860,1627,937,3
6861,1461,118,1
6862,5835,767,1
6863,6234,858,2
6864,3472,71,3
6865,3988,625,3
6866,2629,562,1
6867,1854,367,4
6868,6636,346,1
6869,9452,795,1
6870,6167,207,4
6871,5969,24,3
6872,7196,840,2
6873,1979,893,3
6874,1055,40,1
6875,1018,32,3
6876,4832,227,1
6877,582,143,4
6878,7998,231,2
6879,232,694,4
6880,5504,407,3
6881,2393,458,4
6882,3092,567,1
6883,8621,178,4
6884,3239,957,2
6885,6449,830,4
6886,6836,755,2
6887,1646,90,3
6888,4039,82,1
6889,7517,348,2
6890,9777,516,4
6891,1285,283,1
6892,4361,871,2
6893,7076,739,3
6894,2196,607,2
6895,504,814,4
6896,4216,749,4
6897,1836,289,2
6898,8294,752,2
6899,8295,894,1
6900,6768,510,3
6901,2202,708,3
6902,5090,894,1
6903,5829,546,3
6904,7776,266,2
6905,9137,810,3
6906,8005,899,3
6907,2189,816,4
6908,2654,668,3
6909,5468,837,4
6910,9240,570,2
6911,3067,948,3
6912,5569,354,3
6913,433,746,3
6914,2481,126,1
6915,155,116,3
6916,9692,626,4
6917,1941,113,4
6918,7300,540,3
6919,4584,381,2
6920,9272,757,1
6921,5676,451,4
6922,6297,956,2
6923,7064,609,2
6924,3522,243,3
6925,3953,949,1
6926,533,764,2
6927,5676,756,3
6928,3201,610,3
6929,3004,888,3
6930,6559,710,2
6931,7446,863,4
6932,3575,109,2
6933,5879,162,3
6934,5934,544,4
6935,524,126,2
6936,1557,756,1
6937,1025,456,3
6938,1998,503,2
6939,3380,374,2
6940,6739,146,3
6941,9227,648,2
6942,2038,345,1
6943,5568,440,3
6944,5104,226,4
6945,8973,488,1
6946,7498,955,1
6947,3785,332,2
6948,5711,918,1
6949,925,936,3
6950,4565,552,2
6951,5420,444,2
6952,7929,219,4
6953,4598,204,2
6954,2043,441,1
6955,2527,1,2
6956,9002,431,4
6957,9149,301,2
6958,7736,493,3
6959,1686,323,2
6960,6505,674,4
6961,2241,49,4
6962,5796,37,4
6963,6153,631,1
6964,2105,751,3
6965,6485,531,3
6966,9264,882,3
6967,4773,81,4
6968,4680,842,2
6969,3367,102,1
6970,1428,328,4
6971,8879,326,3
6972,467,175,4
6973,2051,102,1
6974,6442,734,1
6975,4023,769,4
6976,4094,174,2
6977,6052,758,1
6978,9009,334,2
6979,2370,609,1
6980,7005,839,3
6981,6537,96,2
6982,1014,857,4
6983,3940,819,4
6984,1287,664,3
6985,8375,297,3
6986,4440,316,2
6987,486,5,4
6988,4789,802,3
6989,7385,756,4
6990,7683,943,3
6991,1985,664,3
6992,6884,842,3
6993,1643,514,2
6994,1591,412,2
6995,3288,776,2
6996,6012,228,2
6997,7104,202,1
6998,5448,468,3
6999,7592,705,4
7000,6617,896,1
7001,7426,60,2
7002,5515,24,4
7003,6256,438,4
7004,731,959,4
7005,9431,657,3
7006,316,528,3
7007,2425,437,1
7008,775,431,4
7009,6103,355,2
7010,2228,395,3
7011,8134,278,1
7012,4255,66,2
7013,4457,15,3
7014,3203,583,4
7015,8527,291,2
7016,5216,598,4
7017,821,8,1
7018,1102,566,2
7019,127,924,4
7020,1732,397,2
7021,8703,909,1
7022,9707,221,2
7023,7812,84,1
7024,8290,607,2
7025,9160,862,1
7026,8754,490,2
7027,1579,424,3
7028,45,100,1
7029,7625,755,3
7030,7481,432,1
7031,1681,524,1
7032,8519,442,4
7033,5234,768,2
7034,2067,422,2
7035,5017,612,1
7036,5469,132,2
7037,2754,523,1
7038,6615,894,4
7039,5522,813,1
7040,7988,971,4
7041,3292,80,2
7042,1368,867,4
7043,4746,584,2
7044,1896,246,3
7045,2255,731,4
7046,6992,820,2
7047,5647,351,2
7048,8059,434,3
7049,1026,96,2
7050,5251,448,4
7051,5531,113,4
7052,3515,611,1
7053,7468,174,4
7054,1567,786,3
7055,4127,548,2
7056,6774,177,1
7057,3199,295,1
7058,3839,804,3
7059,385,193,2
7060,4641,412,1
7061,7757,319,4
7062,8275,452,3
7063,7305,309,3
7064,7011,717,3
7065,4991,726,3
7066,8829,146,1
7067,8443,868,4
7068,3567,630,2
7069,1733,777,2
7070,5406,928,3
7071,8358,557,4
7072,7719,287,1
7073,5757,60,2
7074,1067,349,1
7075,3408,318,4
7076,6119,56,4
7077,5296,710,4
7078,9219,942,4
7079,3591,559,4
7080,4367,301,4
7081,8061,81,2
7082,5046,89,2
7083,5562,763,2
7084,8498,856,2
7085,4320,885,1
7086,418,435,3
7087,7516,847,2
7088,7300,432,4
7089,6008,432,2
7090,699,898,4
7091,8173,647,1
7092,3872,914,2
7093,3507,385,4
7094,7979,466,3
7095,5102,868,1
7096,549,884,3
7097,3326,600,4
7098,1999,768,1
7099,8516,191,1
7100,201,224,3
7101,577,638,2
7102,5495,755,2
7103,7821,754,1
7104,7957,203,2
7105,869,217,1
7106,177,448,4
7107,6465,289,4
7108,5893,99,3
7109,7781,521,4
7110,7652,539,3
7111,5729,875,4
7112,5825,477,4
7113,1398,102,3
7114,9811,89,4
7115,9857,863,3
7116,6828,69,1
7117,6154,604,2
7118,3692,654,3
7119,1580,22,2
7120,2178,781,4
7121,8467,986,4
7122,6431,533,4
7123,8881,995,3
7124,2394,19,1
7125,3752,192,4
7126,5423,62,2
7127,815,900,3
7128,2291,268,1
7129,1584,280,2
7130,645,752,4
7131,6669,383,1
7132,3653,222,3
7133,2913,860,3
7134,9834,383,4
7135,7164,55,2
7136,9335,428,1
7137,497,553,3
7138,9294,169,4
7139,881,309,3
7140,3376,535,4
7141,8893,455,4
7142,1145,147,4
7143,6737,503,4
7144,2496,117,2
7145,5494,308,3
7146,6620,769,1
7147,4600,739,2
7148,1975,353,2
7149,8391,642,2
7150,4984,572,3
7151,4015,953,1
7152,2921,892,1
7153,523,533,3
7154,9454,945,1
7155,5109,49,1
7156,2874,287,1
7157,7392,33,2
7158,6627,734,3
7159,3004,906,2
7160,8044,741,2
7161,3568,80,2
7162,4898,837,2
7163,5101,65,3
7164,7207,127,4
7165,6448,167,1
7166,7870,803,4
7167,9922,875,3
7168,2312,985,2
7169,1615,36,1
7170,8111,140,4
7171,4384,555,2
7172,1326,726,3
7173,1424,925,4
7174,5523,21,4
7175,9297,432,2
7176,1314,231,2
7177,4487,704,1
7178,4497,601,4
7179,1316,638,4
7180,5227,95,4
7181,6426,176,4
7182,1506,283,3
7183,7934,53,4
7184,5185,949,4
7185,8314,447,2
7186,3510,453,3
7187,7350,474,1
7188,7588,126,2
7189,1079,590,2
7190,9914,807,1
7191,8072,389,4
7192,18,682,4
7193,186,2,2
7194,2806,663,4
7195,9461,883,4
7196,2635,755,3
7197,5015,345,2
7198,7250,518,3
7199,3211,1,1
7200,3595,621,4
7201,8204,653,1
7202,6883,802,3
7203,6941,920,3
7204,9242,315,1
7205,8856,425,3
7206,9848,667,4
7207,4453,617,2
7208,2924,8,2
7209,9525,145,2
7210,6195,567,4
7211,8212,483,1
7212,3392,482,3
7213,6098,994,4
7214,8705,377,3
7215,5369,496,4
7216,5314,220,1
7217,9503,147,3
7218,6858,295,2
7219,296,933,1
7220,3646,133,2
7221,2840,355,4
7222,6073,20,3
7223,1246,142,2
7224,6907,403,3
7225,3909,709,3
7226,50,586,3
7227,5165,379,4
7228,3808,101,3
7229,9341,155,4
7230,6913,182,2
7231,4150,504,4
7232,7021,3,2
7233,9101,156,1
7234,7886,985,1
7235,998,51,2
7236,4180,324,4
7237,4471,116,4
7238,9627,246,4
7239,7838,618,2
7240,3668,774,2
7241,4027,518,2
7242,3210,540,4
7243,7039,568,2
7244,9040,737,4
7245,8553,595,2
7246,5661,526,1
7247,7331,216,4
7248,8824,105,4
7249,5712,185,2
7250,4088,341,1
7251,8048,828,2
7252,7864,557,4
7253,3815,751,3
7254,2181,117,1
7255,6176,965,3
7256,9779,414,1
7257,3228,952,2
7258,4741,181,3
7259,943,555,4
7260,7598,158,2
7261,6691,679,4
7262,3033,548,1
7263,927,461,4
7264,7215,468,4
7265,8820,874,4
7266,7261,687,2
7267,9860,494,1
7268,8729,70,1
7269,5880,668,4
7270,4338,930,4
7271,8215,973,2
7272,3559,34,3
7273,3532,709,4
7274,4598,44,4
7275,2586,998,3
7276,2299,398,1
7277,907,727,2
7278,3959,156,3
7279,9112,710,4
7280,8161,193,4
7281,5738,112,3
7282,9924,114,4
7283,6447,84,2
7284,2314,595,3
7285,352,410,2
7286,5970,996,4
7287,2990,271,4
7288,6603,869,2
7289,9821,564,3
7290,7796,784,2
7291,6501,677,3
7292,566,12,4
7293,2292,567,3
7294,3713,521,3
7295,8597,794,1
7296,443,593,4
7297,7106,921,2
7298,4387,661,3
7299,269,953,3
7300,1062,893,3
7301,471,318,4
7302,3662,354,4
7303,6140,280,2
7304,4704,975,3
7305,3848,391,3
7306,9263,402,1
7307,1008,500,4
7308,9403,620,4
7309,7480,146,2
7310,2633,145,4
7311,5038,892,4
7312,1386,775,3
7313,3965,243,1
7314,172,152,4
7315,183,140,4
7316,5953,760,1
7317,7803,863,4
7318,7707,783,4
7319,9225,250,1
7320,5230,111,3
7321,5872,247,4
7322,9738,694,1
7323,1918,953,4
7324,8450,913,1
7325,2539,780,1
7326,8159,351,1
7327,896,26,4
7328,1326,974,3
7329,5996,543,3
7330,9313,225,2
7331,2354,888,3
7332,4197,327,3
7333,7146,347,2
7334,3476,186,2
7335,1572,311,3
7336,4582,786,1
7337,3106,637,3
7338,1400,932,4
7339,6587,578,2
7340,3418,961,1
7341,3908,565,1
7342,5191,445,3
7343,9622,935,1
7344,7891,14,3
7345,7133,613,3
7346,1068,14,4
7347,3419,422,1
7348,1044,828,2
7349,8502,873,4
7350,4773,43,1
7351,1047,465,2
7352,408,704,4
7353,9469,814,2
7354,8690,149,1
7355,4513,322,2
7356,8933,452,4
7357,2212,518,2
7358,122,800,2
7359,9053,294,1
7360,5909,148,1
7361,8233,368,1
7362,5250,393,1
7363,9170,959,2
7364,1751,585,1
7365,2454,669,4
7366,875,269,3
7367,8656,581,4
7368,5341,270,1
7369,8978,997,3
7370,4463,985,1
7371,9736,895,2
7372,8907,967,4
7373,5787,316,4
7374,1137,638,2
7375,8186,657,1
7376,6108,260,4
7377,5015,543,4
7378,606,345,4
7379,6236,157,2
7380,450,879,1
7381,6088,402,1
7382,9576,665,3
7383,4460,642,4
7384,1771,370,1
7385,1596,142,2
7386,5481,54,4
7387,6468,644,3
7388,6163,444,1
7389,5900,30,3
7390,342,855,3
7391,6105,713,4
7392,7016,338,4
7393,8812,913,2
7394,7804,587,2
7395,9563,99,3
7396,7988,273,2
7397,7564,156,1
7398,3125,334,2
7399,1355,711,4
7400,300,607,1
7401,441,142,4
7402,6924,929,3
7403,8145,73,3
7404,3069,258,2
7405,2759,83,1
7406,1217,833,1
7407,2143,448,4
7408,2190,241,4
7409,7374,197,1
7410,3592,972,2
7411,122,627,2
7412,1602,270,3
7413,2663,256,4
7414,8750,944,1
7415,3397,317,4
7416,3554,820,2
7417,2961,528,4
7418,4330,649,2
7419,5971,427,3
7420,6610,988,4
7421,6782,779,1
7422,5467,943,1
7423,515,51,3
7424,9113,590,3
7425,3527,558,1
7426,5368,481,3
7427,871,935,1
7428,5145,277,2
7429,8905,705,3
7430,7440,554,1
7431,9173,651,1
7432,7879,465,3
7433,1747,819,3
7434,8692,533,1
7435,5695,686,1
7436,4833,278,4
7437,6658,95,3
7438,4138,114,4
7439,1528,37,1
7440,6663,941,3
7441,6800,864,2
7442,6481,401,4
7443,8788,567,3
7444,4760,878,3
7445,5449,241,4
7446,3602,510,4
7447,6973,444,3
7448,9904,636,3
7449,9823,47,2
7450,3746,283,3
7451,2176,239,1
7452,7011,186,2
7453,6246,440,3
7454,8362,867,3
7455,1765,540,4
7456,1585,320,4
7457,2625,562,2
7458,6618,224,3
7459,8807,964,1
7460,6129,770,2
7461,3290,89,3
7462,1345,646,2
7463,1266,694,2
7464,5661,442,1
7465,1791,969,4
7466,79,168,4
7467,8303,297,4
7468,3075,305,3
7469,7476,851,2
7470,7301,175,2
7471,3714,789,1
7472,7907,782,4
7473,1248,625,4
7474,9136,165,2
7475,5673,535,3
7476,8564,971,3
7477,3229,124,2
7478,5147,713,4
7479,4988,16,4
7480,5038,458,3
7481,453,887,4
7482,3200,625,4
7483,2482,589,4
7484,1710,764,4
7485,5689,418,3
7486,7198,497,1
7487,6306,128,2
7488,4738,269,2
7489,5388,128,1
7490,8291,39,3
7491,4272,342,3
7492,1277,600,2
7493,4742,107,3
7494,2120,527,4
7495,3882,319,3
7496,100,69,4
7497,1428,687,4
7498,786,913,4
7499,4128,622,1
7500,4986,314,3
7501,3480,252,4
7502,5727,864,2
7503,329,99,3
7504,6246,628,1
7505,4524,446,1
7506,6220,702,3
7507,1255,360,4
7508,3734,193,4
7509,6971,918,3
7510,119,742,1
7511,3304,274,1
7512,8052,519,1
7513,256,634,1
7514,7979,114,3
7515,7896,658,1
7516,4901,926,3
7517,1666,320,3
7518,1617,287,3
7519,5356,545,2
7520,8891,499,2
7521,6286,563,1
7522,7652,180,4
7523,6986,744,1
7524,8479,51,3
7525,3953,917,1
7526,6269,848,3
7527,8675,144,4
7528,2784,201,1
7529,9741,619,1
7530,7466,951,1
7531,5108,741,4
7532,4514,257,3
7533,53,242,1
7534,113,387,1
7535,4288,367,1
7536,9998,630,1
7537,8383,86,4
7538,3781,217,1
7539,468,182,4
7540,6187,245,2
7541,7488,188,2
7542,3388,801,4
7543,3637,853,4
7544,5309,61,3
7545,3401,150,4
7546,735,340,1
7547,4266,476,2
7548,5844,216,3
7549,2308,169,4
7550,5998,267,2
7551,859,989,3
7552,3428,985,4
7553,3111,788,3
7554,6049,99,2
7555,5681,829,4
7556,4850,149,4
7557,971,649,4
7558,1015,733,1
7559,9996,576,4
7560,2562,479,3
7561,182,718,3
7562,1470,265,2
7563,1876,939,4
7564,4768,94,1
7565,9962,630,1
7566,3279,445,3
7567,6880,318,1
7568,2563,715,3
7569,4728,907,2
7570,7013,42,1
7571,6763,131,2
7572,2741,194,3
7573,3337,369,4
7574,9982,936,2
7575,8811,662,3
7576,9391,308,3
7577,9213,579,2
7578,2550,334,1
7579,7907,286,4
7580,5277,181,3
7581,7295,470,3
7582,6524,376,3
7583,1674,167,3
7584,7138,207,2
7585,7015,503,4
7586,6938,356,4
7587,955,216,1
7588,54,81,2
7589,2091,643,1
7590,4021,230,4
7591,5840,805,2
7592,4289,183,1
7593,4937,295,2
7594,5502,296,3
7595,7440,296,2
7596,6963,907,2
7597,9207,710,2
7598,5932,155,3
7599,4692,221,1
7600,3151,961,3
7601,4078,955,3
7602,2833,988,1
7603,5767,65,4
7604,3207,697,3
7605,6223,431,1
7606,7087,976,2
7607,4191,482,1
7608,5865,488,3
7609,6803,913,1
7610,282,559,1
7611,1259,40,2
7612,332,167,2
7613,1681,733,2
7614,3435,597,3
7615,5954,110,2
7616,1582,881,4
7617,9770,525,2
7618,2235,196,2
7619,9102,364,3
7620,1618,269,2
7621,2692,420,2
7622,2181,423,2
7623,1865,303,3
7624,5234,208,4
7625,1744,345,1
7626,4370,330,1
7627,6436,501,4
7628,8090,564,1
7629,1286,696,1
7630,5783,780,1
7631,3409,183,4
7632,8794,306,2
7633,3207,929,2
7634,6443,195,3
7635,5822,813,3
7636,6792,626,1
7637,3402,197,4
7638,9219,723,2
7639,1419,36,3
7640,7282,85,4
7641,4053,181,2
7642,8982,103,3
7643,4806,349,3
7644,2256,465,4
7645,7161,655,2
7646,6242,7,2
7647,3527,338,4
7648,4657,23,2
7649,239,638,4
7650,8337,622,1
7651,9826,742,3
7652,204,494,4
7653,8118,961,4
7654,9331,586,2
7655,8596,974,1
7656,9331,662,1
7657,9309,298,4
7658,4471,399,1
7659,2840,241,1
7660,9808,713,1
7661,592,146,3
7662,1492,371,3
7663,1853,507,3
7664,8515,779,4
7665,3568,921,4
7666,3453,342,2
7667,3322,170,4
7668,562,134,4
7669,6692,986,4
7670,8219,444,3
7671,8837,854,3
7672,3483,72,1
7673,6312,166,1
7674,973,730,4
7675,5809,884,1
7676,4993,718,3
7677,7564,212,4
7678,5959,701,3
7679,3293,81,1
7680,5570,363,4
7681,8115,68,1
7682,3358,697,1
7683,2358,473,3
7684,9393,425,1
7685,9130,943,3
7686,8979,393,4
7687,9960,194,3
7688,8543,307,2
7689,4192,924,2
7690,3086,103,3
7691,9296,284,3
7692,2738,760,1
7693,2766,354,4
7694,744,435,2
7695,81,775,1
7696,9037,46,3
7697,783,669,1
7698,5194,128,3
7699,1702,299,1
7700,5870,807,1
7701,9149,358,1
7702,1298,721,2
7703,4363,491,3
7704,2647,994,4
7705,3591,803,4
7706,4173,74,2
7707,2815,824,4
7708,4968,464,2
7709,5248,709,3
7710,3592,717,2
7711,4676,349,2
7712,9826,951,4
7713,215,868,3
7714,2073,260,1
7715,8797,978,1
7716,7431,290,3
7717,2265,377,2
7718,9359,717,4
7719,8650,667,3
7720,3044,464,4
7721,8244,877,2
7722,314,583,1
7723,8980,664,1
7724,2711,157,3
7725,6295,400,1
7726,4255,905,2
7727,8797,41,4
7728,27,166,1
7729,9962,781,4
7730,9617,723,1
7731,9952,446,2
7732,5865,888,1
7733,5213,638,1
7734,1226,481,3
7735,3494,242,1
7736,7207,57,2
7737,5740,917,2
7738,3920,511,4
7739,28,545,4
7740,843,316,2
7741,7663,782,4
7742,5663,564,4
7743,2951,788,3
7744,3250,479,1
7745,8067,142,1
7746,1882,332,2
7747,3935,233,1
7748,122,205,2
7749,5516,974,4
7750,9428,935,4
7751,4451,456,3
7752,1101,196,2
7753,1147,946,1
7754,5846,94,4
7755,8244,233,3
7756,8838,769,3
7757,2587,145,4
7758,7084,203,1
7759,6029,310,2
7760,289,608,1
7761,3381,658,3
7762,9313,121,2
7763,1247,365,4
7764,5614,201,4
7765,7080,509,1
7766,3395,411,3
7767,6861,903,2
7768,5386,86,3
7769,5322,173,2
7770,8439,773,2
7771,3483,143,3
7772,3545,851,3
7773,8381,676,3
7774,3064,844,4
7775,9309,217,3
7776,9767,870,4
7777,5822,997,4
7778,7473,323,2
7779,3625,355,2
7780,1955,686,4
7781,3,700,4
7782,4821,7,4
7783,4726,91,2
7784,3216,952,1
7785,5300,288,1
7786,2549,316,3
7787,7541,516,2
7788,137,905,4
7789,5473,15,1
7790,6552,202,2
7791,8151,650,1
7792,3106,667,3
7793,9358,118,3
7794,1675,887,1
7795,5673,129,4
7796,9916,644,4
7797,3294,841,4
7798,4876,172,4
7799,2504,748,1
7800,3072,934,4
7801,4285,701,3
7802,4668,208,4
7803,7970,429,4
7804,7103,491,3
7805,6388,491,2
7806,6331,611,4
7807,3187,5,1
7808,3809,212,2
7809,2173,500,2
7810,1551,850,4
7811,20,176,4
7812,7930,124,4
7813,1156,304,3
7814,1541,878,3
7815,1960,316,4
7816,5812,433,1
7817,6813,757,1
7818,3422,558,3
7819,9555,972,3
7820,2462,408,1
7821,6861,528,2
7822,2584,994,4
7823,9279,321,4
7824,1174,315,1
7825,177,580,4
7826,6268,72,3
7827,2781,636,2
7828,2590,750,3
7829,7403,541,1
7830,8965,517,3
7831,710,434,1
7832,3134,57,2
7833,4680,754,4
7834,1167,81,2
7835,808,141,4
7836,3483,26,2
7837,3840,895,3
7838,9393,853,3
7839,1596,711,2
7840,9709,642,2
7841,577,476,2
7842,2412,202,1
7843,3354,249,3
7844,9068,154,2
7845,3676,591,3
7846,1108,109,1
7847,3951,642,4
7848,7694,942,2
7849,8865,844,4
7850,9857,162,4
7851,9033,480,4
7852,7170,965,2
7853,4029,401,1
7854,9034,732,3
7855,2988,134,4
7856,6687,337,1
7857,4991,262,3
7858,8340,386,3
7859,7529,278,2
7860,388,920,4
7861,2544,840,1
7862,6261,541,1
7863,5070,693,3
7864,9274,630,1
7865,9628,518,4
7866,2314,52,2
7867,9670,527,1
7868,1032,214,1
7869,78,531,3
7870,3894,945,2
7871,9585,123,3
7872,1380,594,1
7873,1237,718,4
7874,9682,421,2
7875,3196,22,3
7876,22,466,3
7877,9363,983,3
7878,866,889,3
7879,4635,245,2
7880,7226,100,2
7881,9346,572,1
7882,2328,724,3
7883,4321,781,1
7884,6707,89,4
7885,9698,219,4
7886,2931,280,1
7887,8514,759,3
7888,1879,968,4
7889,3812,136,2
7890,8290,107,2
7891,8029,15,3
7892,7910,730,3
7893,1253,39,2
7894,7797,421,2
7895,2871,425,3
7896,9847,275,1
7897,5347,132,3
7898,8751,216,3
7899,1371,822,4
7900,3839,323,4
7901,8471,76,1
7902,6740,290,3
7903,7107,421,3
7904,7846,109,2
7905,2796,702,1
7906,1647,795,1
7907,2913,853,1
7908,5545,534,3
7909,1979,860,1
7910,9027,377,1
7911,1979,847,1
7912,1537,293,4
7913,748,135,2
7914,6074,256,3
7915,9701,995,4
7916,8346,167,1
7917,1596,804,3
7918,789,551,1
7919,2304,710,2
7920,5515,440,2
7921,1337,409,4
7922,6268,405,1
7923,2341,464,1
7924,6506,575,2
7925,7589,542,3
7926,7677,525,4
7927,1469,559,1
7928,3257,865,2
7929,5033,511,4
7930,749,357,1
7931,207,664,3
7932,7772,239,1
7933,9090,32,2
7934,8474,169,1
7935,3532,117,1
7936,4884,859,2
7937,5097,645,1
7938,4930,756,2
7939,343,281,3
7940,5065,391,4
7941,8725,642,3
7942,2404,816,3
7943,9218,423,2
7944,4921,594,1
7945,349,953,1
7946,9679,463,4
7947,8618,738,2
7948,4043,284,3
7949,119,63,3
7950,1704,634,3
7951,1463,683,1
7952,3246,645,1
7953,3514,27,4
7954,6373,880,4
7955,1156,489,1
7956,6343,720,1
7957,6353,702,4
7958,9116,752,3
7959,6780,319,2
7960,508,954,4
7961,2073,544,3
7962,8574,941,1
7963,8387,109,4
7964,9406,403,2
7965,3709,800,3
7966,4169,919,3
7967,914,335,3
7968,7208,146,3
7969,8167,775,4
7970,2804,85,2
7971,9351,420,2
7972,6615,157,1
7973,9551,77,4
7974,125,974,3
7975,9572,694,3
7976,1795,489,2
7977,3174,70,1
7978,1025,450,1
7979,6396,434,4
7980,3978,838,4
7981,2199,103,3
7982,9090,590,2
7983,5666,526,3
7984,836,827,3
7985,7888,41,3
7986,7481,91,2
7987,6825,326,4
7988,5677,394,3
7989,1653,697,4
7990,5170,405,4
7991,6875,469,1
7992,5492,470,1
7993,1363,842,1
7994,2300,40,4
7995,295,108,1
7996,5532,642,2
7997,6017,584,4
7998,8037,647,2
7999,6706,187,3
8000,5556,141,3
8001,7544,432,1
8002,5726,29,2
8003,3073,356,3
8004,8774,49,4
8005,1075,517,4
8006,8463,759,2
8007,165,839,3
8008,3345,287,2
8009,2639,607,4
8010,8851,383,2
8011,2143,847,1
8012,55,67,2
8013,3589,923,2
8014,158,579,1
8015,4597,8,1
8016,4052,502,4
8017,5648,568,3
8018,9294,678,1
8019,1738,914,3
8020,695,897,3
8021,7089,341,1
8022,2426,855,3
8023,7375,562,4
8024,611,689,1
8025,5324,626,1
8026,2344,699,4
8027,9861,578,1
8028,4444,401,2
8029,6471,620,1
8030,9747,782,1
8031,8460,784,2
8032,8548,431,3
8033,8694,773,2
8034,6233,137,4
8035,9614,932,4
8036,1303,423,2
8037,6371,977,4
8038,7783,907,1
8039,7462,940,4
8040,5215,190,4
8041,9348,724,3
8042,2948,706,4
8043,1627,367,3
8044,8852,648,4
8045,8846,558,1
8046,4339,99,2
8047,4225,336,2
8048,7286,771,4
8049,581,371,1
8050,8737,824,4
8051,5536,955,3
8052,671,330,4
8053,2672,272,3
8054,8754,83,4
8055,7241,529,3
8056,410,104,2
8057,9405,116,2
8058,8611,473,1
8059,7181,944,3
8060,1323,306,2
8061,360,104,2
8062,4530,857,3
8063,3471,566,2
8064,8943,680,1
8065,5090,18,3
8066,6397,182,3
8067,7779,546,4
8068,3212,815,3
8069,7210,950,2
8070,3534,421,2
8071,7890,938,2
8072,3811,49,1
8073,3964,314,3
8074,4862,318,4
8075,8193,291,2
8076,2927,856,1
8077,689,887,3
8078,4849,982,4
8079,9210,429,1
8080,7982,472,2
8081,938,801,4
8082,9278,955,1
8083,9387,636,1
8084,9358,626,3
8085,6502,457,4
8086,1117,477,1
8087,9777,589,3
8088,1935,95,1
8089,3529,732,3
8090,6619,747,2
8091,5219,495,4
8092,2179,71,1
8093,9750,35,2
8094,8630,27,3
8095,7433,777,3
8096,6122,24,1
8097,898,784,3
8098,4880,281,1
8099,5643,437,4
8100,3904,43,3
8101,7354,918,2
8102,8141,382,4
8103,2536,822,2
8104,357,168,1
8105,7390,327,2
8106,9198,218,1
8107,5250,199,4
8108,480,121,2
8109,7834,726,4
8110,474,990,4
8111,3027,5,2
8112,2502,913,3
8113,8511,623,2
8114,2307,233,4
8115,7891,939,3
8116,6889,504,4
8117,4440,958,4
8118,6357,887,3
8119,3351,851,2
8120,4544,120,3
8121,8280,290,2
8122,6858,666,1
8123,7975,452,3
8124,7803,890,3
8125,7164,813,3
8126,8678,347,4
8127,8998,381,4
8128,4904,376,1
8129,9532,184,3
8130,2254,460,2
8131,4348,396,2
8132,9167,976,3
8133,1495,409,3
8134,2366,188,4
8135,3405,335,1
8136,1417,564,4
8137,7874,544,4
8138,3941,266,1
8139,4485,292,4
8140,7950,452,3
8141,7290,964,4
8142,3225,599,4
8143,1268,977,1
8144,3167,69,4
8145,2934,510,4
8146,9315,972,4
8147,898,896,4
8148,8837,518,4
8149,7178,684,3
8150,2863,975,1
8151,5416,703,1
8152,5316,482,3
8153,6610,180,2
8154,1142,415,2
8155,4291,791,4
8156,5415,95,4
8157,5210,791,1
8158,5672,239,1
8159,2174,66,3
8160,1176,693,2
8161,8541,129,4
8162,769,545,4
8163,8340,438,3
8164,1771,943,3
8165,7155,859,4
8166,870,803,1
8167,8097,15,3
8168,9285,243,4
8169,7588,38,1
8170,5485,379,2
8171,3015,397,3
8172,1276,756,2
8173,4309,396,3
8174,5487,158,3
8175,7968,575,4
8176,3206,942,3
8177,1880,389,2
8178,2287,6,2
8179,2607,818,4
8180,2038,85,2
8181,1323,513,1
8182,981,147,1
8183,4556,616,1
8184,523,738,3
8185,7256,998,3
8186,5454,369,4
8187,7961,253,3
8188,3549,154,2
8189,3751,905,1
8190,3085,131,1
8191,9008,812,2
8192,6814,400,3
8193,8480,255,3
8194,9628,526,1
8195,8592,279,4
8196,9838,529,4
8197,3381,142,4
8198,5172,523,3
8199,5488,438,2
8200,7770,110,2
8201,7639,55,2
8202,4251,937,3
8203,6429,870,3
8204,5697,578,1
8205,9862,63,4
8206,6542,953,1
8207,9399,305,4
8208,8593,204,1
8209,6827,151,4
8210,4768,416,3
8211,8226,918,4
8212,2908,275,3
8213,4924,399,2
8214,1346,146,3
8215,2291,704,1
8216,9490,970,2
8217,7513,314,2
8218,9292,848,1
8219,9649,529,1
8220,1311,147,2
8221,624,187,1
8222,5591,672,1
8223,2269,661,3
8224,1283,216,4
8225,8350,286,1
8226,5320,298,1
8227,6353,686,3
8228,2707,236,4
8229,129,2,4
8230,8162,488,3
8231,1267,630,1
8232,758,211,2
8233,2596,988,4
8234,436,488,2
8235,4702,779,4
8236,8348,765,3
8237,3930,165,4
8238,7663,979,3
8239,8716,318,4
8240,4460,652,2
8241,1272,796,1
8242,3422,144,2
8243,3801,558,3
8244,4220,249,4
8245,7122,982,4
8246,3869,57,3
8247,8979,352,2
8248,1265,636,4
8249,4549,781,3
8250,9872,983,4
8251,8938,153,2
8252,4448,211,1
8253,2232,697,1
8254,2446,365,3
8255,8216,514,2
8256,2760,706,2
8257,344,489,1
8258,4379,114,2
8259,5405,479,1
8260,6760,462,1
8261,7492,511,2
8262,4918,260,3
8263,4923,754,4
8264,5340,670,4
8265,1138,106,2
8266,1806,383,4
8267,8625,854,4
8268,3456,120,1
8269,2139,306,2
8270,6344,824,3
8271,5199,616,4
8272,3782,586,3
8273,7003,542,3
8274,6082,526,2
8275,1631,827,1
8276,9381,15,2
8277,5673,569,3
8278,8249,730,4
8279,2216,388,2
8280,3072,712,4
8281,5734,36,2
8282,8043,650,1
8283,9928,159,4
8284,5009,189,1
8285,110,178,2
8286,9008,800,4
8287,2661,952,1
8288,8006,256,4
8289,6786,957,3
8290,9325,988,4
8291,686,388,3
8292,9484,728,1
8293,1917,577,4
8294,4377,226,2
8295,5661,424,2
8296,3096,596,3
8297,437,177,1
8298,1267,883,1
8299,8336,483,1
8300,724,984,1
8301,657,551,2
8302,2930,131,1
8303,5881,242,2
8304,2734,44,2
8305,9435,736,3
8306,6283,785,1
8307,8670,585,1
8308,4776,435,4
8309,1162,870,4
8310,1910,856,1
8311,1510,293,4
8312,8791,186,3
8313,7632,845,3
8314,9262,629,1
8315,1996,927,4
8316,3137,582,1
8317,6426,429,3
8318,955,754,4
8319,8437,544,3
8320,7571,735,4
8321,635,188,4
8322,3226,125,4
8323,326,245,3
8324,872,158,3
8325,5575,16,4
8326,3265,130,4
8327,997,956,3
8328,2532,865,3
8329,1443,677,4
8330,9969,834,3
8331,5144,442,3
8332,6252,550,4
8333,6208,479,4
8334,4168,422,1
8335,4556,170,3
8336,137,18,1
8337,222,857,1
8338,3469,779,4
8339,4311,196,4
8340,8366,278,4
8341,1600,18,4
8342,3937,520,2
8343,3121,982,2
8344,2413,333,2
8345,3657,493,4
8346,2695,658,2
8347,3426,738,2
8348,4401,338,1
8349,1895,351,3
8350,1944,483,4
8351,6634,378,4
8352,8832,432,4
8353,1287,44,1
8354,586,20,3
8355,9806,89,1
8356,8679,919,4
8357,2666,660,3
8358,8186,623,2
8359,3527,641,2
8360,4938,521,1
8361,4673,58,2
8362,6468,994,4
8363,3692,89,3
8364,5696,649,3
8365,8614,49,1
8366,8248,493,3
8367,8164,791,3
8368,7552,337,1
8369,3474,113,2
8370,9037,140,2
8371,8048,56,3
8372,4500,263,4
8373,8782,956,3
8374,271,108,2
8375,8875,90,2
8376,8300,376,3
8377,1789,563,3
8378,2900,631,2
8379,2636,974,4
8380,4585,331,4
8381,753,68,4
8382,7354,256,2
8383,7982,677,1
8384,1095,49,4
8385,5921,198,4
8386,725,355,3
8387,9257,499,1
8388,3013,485,2
8389,1295,643,1
8390,8750,160,4
8391,2704,663,4
8392,7666,322,4
8393,9796,621,1
8394,7116,712,1
8395,4927,119,4
8396,6361,11,3
8397,6296,413,1
8398,1392,840,2
8399,9022,592,2
8400,1425,724,1
8401,7878,321,4
8402,4985,225,3
8403,9210,829,2
8404,367,600,4
8405,5272,229,2
8406,6184,203,1
8407,4291,593,2
8408,8219,645,4
8409,9485,97,4
8410,1968,676,4
8411,5240,663,4
8412,8937,443,2
8413,4102,924,3
8414,4504,818,4
8415,4584,684,2
8416,2827,30,4
8417,9303,913,2
8418,5544,793,3
8419,8663,793,2
8420,893,12,2
8421,5730,548,1
8422,9041,796,4
8423,6034,416,2
8424,4161,763,3
8425,1588,737,1
8426,8306,531,3
8427,3810,298,2
8428,1400,916,2
8429,7220,743,2
8430,7419,866,4
8431,8292,803,2
8432,4728,49,4
8433,9551,856,2
8434,2256,963,1
8435,9125,92,4
8436,7764,89,4
8437,7405,682,1
8438,1954,7,2
8439,4662,45,2
8440,873,988,4
8441,3585,448,1
8442,8161,319,3
8443,7455,776,3
8444,1729,486,1
8445,8225,279,1
8446,295,812,1
8447,464,770,1
8448,1479,234,2
8449,967,854,2
8450,1925,283,1
8451,4183,938,1
8452,1306,96,2
8453,9351,166,1
8454,5821,677,1
8455,9507,154,4
8456,8062,962,2
8457,4368,296,2
8458,7345,728,4
8459,4735,331,4
8460,1237,531,3
8461,6985,575,1
8462,6117,926,2
8463,3381,934,4
8464,5379,636,4
8465,5072,500,1
8466,9676,107,3
8467,8444,473,1
8468,9884,190,1
8469,8371,808,2
8470,3651,966,2
8471,6159,356,4
8472,1988,581,4
8473,8761,651,4
8474,8904,909,1
8475,2222,387,4
8476,6741,700,1
8477,6309,748,2
8478,7497,891,4
8479,440,692,4
8480,6174,364,4
8481,4857,949,4
8482,6082,861,4
8483,7247,680,3
8484,9838,931,4
8485,8036,445,4
8486,3506,709,1
8487,643,925,4
8488,5212,35,4
8489,8594,137,2
8490,4067,800,4
8491,3851,858,2
8492,9273,245,3
8493,7662,791,3
8494,1530,949,2
8495,7111,511,4
8496,5536,460,1
8497,7320,252,3
8498,4285,861,4
8499,50,762,3
8500,2547,84,4
8501,3443,139,1
8502,4073,224,1
8503,5444,527,4
8504,9183,598,2
8505,8322,538,1
8506,2694,732,2
8507,9641,673,3
8508,5467,796,4
8509,6527,634,2
8510,904,525,2
8511,8162,834,1
8512,7187,613,1
8513,9851,803,1
8514,6840,131,2
8515,1362,355,3
8516,3684,792,3
8517,4811,640,1
8518,9224,847,4
8519,5084,915,4
8520,51,654,3
8521,8868,761,4
8522,7996,128,1
8523,7207,773,2
8524,4803,625,3
8525,9597,387,2
8526,4196,207,4
8527,6123,851,1
8528,4107,107,4
8529,2315,647,4
8530,7458,183,3
8531,178,518,4
8532,2687,574,4
8533,931,86,2
8534,2338,868,1
8535,6098,896,4
8536,6945,460,1
8537,1033,694,1
8538,8370,477,1
8539,7615,114,1
8540,4388,805,3
8541,9997,587,2
8542,739,488,1
8543,8450,888,1
8544,2456,177,1
8545,3970,108,4
8546,531,321,1
8547,3127,941,3
8548,6305,112,1
8549,7761,244,3
8550,1473,961,4
8551,4207,934,1
8552,4569,418,3
8553,5968,308,3
8554,1408,826,2
8555,4053,881,2
8556,5575,373,1
8557,6800,813,3
8558,1428,358,4
8559,6655,199,1
8560,3218,392,2
8561,3813,525,4
8562,5042,522,4
8563,5453,20,1
8564,7315,960,3
8565,4292,214,3
8566,2939,921,3
8567,24,66,1
8568,6771,375,2
8569,6515,266,4
8570,323,827,4
8571,7130,629,4
8572,7863,498,1
8573,3408,272,1
8574,5062,816,3
8575,2453,281,3
8576,8972,959,4
8577,4501,790,1
8578,5184,222,3
8579,402,585,1
8580,4350,202,3
8581,1244,854,3
8582,644,971,4
8583,3419,613,2
8584,9848,729,3
8585,6620,373,1
8586,3350,149,4
8587,1406,51,1
8588,4903,634,1
8589,2834,440,3
8590,3859,990,3
8591,7735,729,1
8592,9995,575,1
8593,9435,821,2
8594,282,372,1
8595,9924,98,4
8596,3462,245,2
8597,3996,838,4
8598,2083,326,2
8599,2198,893,4
8600,5920,502,1
8601,1821,712,2
8602,4802,588,1
8603,2294,524,2
8604,43,906,1
8605,7006,178,2
8606,8717,116,2
8607,2785,275,3
8608,1900,425,4
8609,9348,92,4
8610,7376,410,1
8611,9390,448,1
8612,8052,636,1
8613,1555,484,2
8614,2447,243,2
8615,5346,579,1
8616,4079,750,2
8617,5921,212,1
8618,6117,254,3
8619,7075,172,4
8620,2250,736,3
8621,5801,715,1
8622,4468,736,1
8623,9413,260,1
8624,4366,813,4
8625,8134,93,4
8626,9022,170,2
8627,1271,550,2
8628,4756,293,4
8629,8969,165,1
8630,6557,200,4
8631,2133,613,4
8632,65,218,4
8633,4667,660,4
8634,3780,145,2
8635,3567,928,2
8636,2264,259,2
8637,7091,205,4
8638,9113,743,2
8639,6435,525,1
8640,2598,349,3
8641,1705,301,3
8642,2235,957,4
8643,8872,287,4
8644,5689,626,1
8645,4547,265,4
8646,4638,714,1
8647,7255,435,3
8648,3520,280,3
8649,1278,4,3
8650,7508,601,3
8651,551,396,3
8652,2991,774,3
8653,3555,181,2
8654,2101,275,3
8655,4402,679,2
8656,4551,745,3
8657,1945,591,3
8658,5231,942,1
8659,9014,668,4
8660,7911,326,3
8661,8096,140,1
8662,5280,685,4
8663,453,934,4
8664,6939,183,3
8665,9,107,4
8666,2840,192,1
8667,4928,200,4
8668,7268,128,3
8669,4674,562,4
8670,2704,289,3
8671,9576,990,2
8672,7040,120,3
8673,2817,948,2
8674,96,331,4
8675,9004,137,1
8676,9170,876,1
8677,8335,180,1
8678,7765,657,1
8679,9732,514,2
8680,2803,37,2
8681,5840,182,1
8682,65,663,3
8683,2363,201,3
8684,4248,503,1
8685,3467,51,2
8686,8027,887,2
8687,9626,867,1
8688,2745,323,1
8689,373,16,2
8690,2776,491,2
8691,5917,858,4
8692,9375,1000,2
8693,5456,808,3
8694,3469,173,4
8695,557,238,2
8696,2798,307,1
8697,9027,5,4
8698,7760,658,1
8699,206,239,4
8700,8752,107,4
8701,1734,806,3
8702,807,918,4
8703,8882,336,2
8704,4812,391,1
8705,8295,523,3
8706,9436,166,1
8707,8870,335,1
8708,5868,87,2
8709,2299,662,4
8710,6279,986,1
8711,353,987,4
8712,4748,592,3
8713,1796,106,4
8714,1802,383,1
8715,3846,416,3
8716,8206,738,4
8717,4065,483,2
8718,5635,629,1
8719,1732,150,3
8720,9867,590,4
8721,8293,286,2
8722,4409,779,2
8723,2217,578,4
8724,8864,944,4
8725,8033,77,3
8726,5116,963,2
8727,9290,707,3
8728,9748,778,3
8729,7945,84,3
8730,7198,688,4
8731,846,46,4
8732,1447,615,1
8733,772,238,3
8734,3091,225,4
8735,3650,925,3
8736,2434,118,4
8737,2942,207,3
8738,181,981,3
8739,1420,382,3
8740,8734,986,4
8741,6889,254,1
8742,4458,683,2
8743,8880,478,1
8744,6151,113,1
8745,5618,312,2
8746,1899,116,3
8747,4208,612,1
8748,2424,743,4
8749,5329,688,3
8750,1927,488,2
8751,3814,404,4
8752,6932,313,1
8753,4565,229,1
8754,3572,808,4
8755,4324,24,1
8756,1522,581,1
8757,1919,846,1
8758,79,919,4
8759,4064,569,2
8760,2969,281,3
8761,3854,163,4
8762,5691,792,3
8763,9316,843,3
8764,1316,683,1
8765,9491,499,3
8766,5337,67,4
8767,9800,116,3
8768,4670,894,2
8769,6566,594,1
8770,3499,277,3
8771,9871,731,3
8772,8747,979,2
8773,469,999,3
8774,4470,51,1
8775,9967,900,1
8776,549,979,1
8777,6823,601,3
8778,6566,628,1
8779,9878,549,2
8780,3084,957,2
8781,1406,408,4
8782,9652,983,2
8783,6380,819,4
8784,4720,18,2
8785,790,458,3
8786,48,345,1
8787,7056,285,1
8788,8453,119,1
8789,6153,459,1
8790,941,590,1
8791,7236,639,4
8792,6055,101,1
8793,5342,620,2
8794,418,554,4
8795,5377,221,4
8796,4740,594,3
8797,5798,708,3
8798,8733,201,2
8799,1395,538,3
8800,7121,395,3
8801,4196,906,2
8802,4191,941,4
8803,8357,109,2
8804,6723,530,1
8805,119,481,4
8806,3905,181,1
8807,1326,613,4
8808,653,644,2
8809,375,503,1
8810,7607,757,4
8811,2107,256,2
8812,5359,344,1
8813,1391,663,1
8814,2711,756,4
8815,7592,429,1
8816,5941,872,1
8817,8938,31,4
8818,8239,881,3
8819,5097,130,3
8820,6374,480,4
8821,319,63,3
8822,2277,824,3
8823,9966,455,4
8824,5171,509,1
8825,3009,347,3
8826,4887,896,3
8827,8931,309,4
8828,9310,681,3
8829,1438,610,4
8830,1045,261,1
8831,1094,850,3
8832,460,710,1
8833,5485,311,3
8834,5100,877,4
8835,2785,665,3
8836,2371,849,1
8837,6898,358,2
8838,9039,925,4
8839,3557,814,1
8840,7496,923,4
8841,6396,761,4
8842,7964,366,2
8843,4207,660,3
8844,2978,15,2
8845,1701,858,3
8846,7878,604,4
8847,149,415,3
8848,9133,68,1
8849,2146,285,3
8850,957,815,4
8851,7171,564,2
8852,7137,230,3
8853,699,692,4
8854,8382,50,1
8855,9320,143,2
8856,7529,123,4
8857,6802,176,2
8858,9950,662,2
8859,5868,185,4
8860,21,87,4
8861,7331,178,4
8862,5625,344,1
8863,3343,131,4
8864,1616,195,3
8865,4260,961,2
8866,7413,943,1
8867,1348,688,2
8868,3504,208,2
8869,942,53,2
8870,5314,883,2
8871,706,283,4
8872,7718,752,3
8873,280,800,4
8874,1539,558,3
8875,3606,239,1
8876,1271,349,4
8877,4834,714,2
8878,5305,871,4
8879,2912,974,4
8880,5563,198,1
8881,8341,265,2
8882,3896,388,3
8883,9220,155,1
8884,5647,154,4
8885,4152,373,4
8886,1035,388,4
8887,3181,666,2
8888,773,213,2
8889,2638,99,4
8890,9046,731,1
8891,7641,4,1
8892,8387,160,1
8893,5479,345,4
8894,4307,993,1
8895,2193,971,3
8896,1646,183,1
8897,8925,560,2
8898,3196,298,1
8899,1278,481,1
8900,9714,924,3
8901,4361,715,3
8902,5992,904,4
8903,7160,755,4
8904,9535,774,4
8905,2467,353,2
8906,6734,463,1
8907,1679,498,1
8908,2234,45,2
8909,4999,999,3
8910,7858,709,3
8911,2002,648,4
8912,5584,390,3
8913,2830,214,1
8914,776,958,2
8915,3030,300,2
8916,2115,237,4
8917,1501,413,4
8918,5098,234,2
8919,3156,754,3
8920,1385,831,4
8921,2619,940,1
8922,1083,71,3
8923,2188,982,2
8924,7241,771,1
8925,9477,218,1
8926,6909,832,4
8927,7029,646,3
8928,2060,49,1
8929,1531,511,2
8930,1232,42,1
8931,658,628,1
8932,506,979,3
8933,6429,37,1
8934,5433,191,1
8935,5101,600,3
8936,6342,921,4
8937,8763,831,4
8938,5676,92,1
8939,3281,562,3
8940,3450,484,2
8941,2220,471,2
8942,9400,928,2
8943,9838,9,2
8944,5580,809,2
8945,2972,315,3
8946,8664,557,1
8947,8057,792,4
8948,9807,837,4
8949,5848,474,4
8950,6536,323,3
8951,3496,586,3
8952,9767,978,2
8953,9079,581,1
8954,4200,434,2
8955,1195,171,3
8956,5612,701,2
8957,4247,465,3
8958,9535,721,1
8959,1249,416,1
8960,8345,272,4
8961,8916,698,1
8962,9143,162,2
8963,2677,219,3
8964,4441,650,3
8965,4562,465,3
8966,8780,312,3
8967,6473,797,3
8968,4936,994,3
8969,1317,717,3
8970,2902,121,3
8971,7594,144,1
8972,4207,136,4
8973,909,492,1
8974,3595,208,1
8975,4421,240,2
8976,7221,413,3
8977,6498,119,2
8978,3467,751,3
8979,5285,271,3
8980,2414,918,3
8981,9357,797,1
8982,3408,453,2
8983,172,844,4
8984,7678,452,2
8985,988,967,4
8986,9202,28,2
8987,3504,262,4
8988,9164,405,2
8989,834,732,4
8990,5631,992,2
8991,9227,119,1
8992,9539,975,2
8993,8995,956,2
8994,8471,958,1
8995,8358,861,2
8996,5251,14,4
8997,3871,638,3
8998,8720,654,3
8999,5567,12,3
9000,604,401,1
9001,5665,97,1
9002,4344,425,2
9003,7547,993,3
9004,6477,789,4
9005,2639,74,4
9006,6434,949,2
9007,7571,897,2
9008,5076,236,1
9009,4998,276,3
9010,6710,890,3
9011,1365,727,3
9012,9712,617,4
9013,5619,209,1
9014,1142,304,3
9015,6307,768,2
9016,4000,558,3
9017,5267,333,3
9018,5467,819,1
9019,1463,129,2
9020,2291,76,3
9021,9173,103,2
9022,1293,132,1
9023,5864,898,2
9024,917,567,2
9025,390,580,2
9026,3037,156,1
9027,2703,735,3
9028,1132,829,4
9029,6992,418,4
9030,748,840,4
9031,8692,207,2
9032,9056,169,4
9033,6698,460,3
9034,990,701,1
9035,118,613,4
9036,7992,227,3
9037,4811,595,4
9038,3036,375,3
9039,9687,19,1
9040,2313,93,2
9041,5968,341,2
9042,849,122,2
9043,5540,228,3
9044,3253,443,3
9045,6371,440,2
9046,7619,64,4
9047,7792,650,3
9048,7122,306,3
9049,375,216,1
9050,4389,528,2
9051,3007,123,1
9052,4266,932,3
9053,8091,185,1
9054,5686,384,3
9055,3721,167,1
9056,6499,830,3
9057,5764,325,1
9058,2526,397,3
9059,6020,15,3
9060,8567,836,2
9061,6420,56,4
9062,2605,153,3
9063,9474,591,2
9064,9503,154,4
9065,6360,518,1
9066,1605,32,4
9067,5580,964,2
9068,8688,353,3
9069,5106,752,2
9070,525,322,2
9071,3463,765,4
9072,1692,972,3
9073,1567,443,2
9074,7294,19,4
9075,2653,509,3
9076,2283,918,1
9077,739,896,3
9078,868,188,3
9079,77,908,4
9080,9341,629,2
9081,9865,932,4
9082,7761,752,1
9083,773,954,3
9084,8321,379,1
9085,5703,791,1
9086,5879,886,3
9087,2797,904,3
9088,9112,776,4
9089,8565,290,1
9090,5052,108,3
9091,8183,992,1
9092,4265,7,4
9093,7995,835,3
9094,1271,332,4
9095,9993,603,2
9096,2193,606,1
9097,3270,468,1
9098,1034,408,3
9099,226,316,4
9100,6616,707,2
9101,3765,12,3
9102,7716,794,1
9103,4994,105,3
9104,9445,191,3
9105,2271,479,4
9106,8034,842,4
9107,4558,105,4
9108,5508,248,4
9109,4587,940,4
9110,6146,782,4
9111,9107,352,4
9112,3375,701,4
9113,1661,387,3
9114,3876,407,1
9115,1861,97,4
9116,8486,378,3
9117,2266,319,1
9118,8098,121,4
9119,8555,506,3
9120,8040,561,2
9121,5153,417,2
9122,4471,750,2
9123,2840,333,1
9124,165,126,1
9125,444,170,2
9126,1921,804,3
9127,9366,683,1
9128,4422,79,1
9129,1390,92,2
9130,745,826,1
9131,7428,832,3
9132,7659,265,1
9133,5134,704,4
9134,9317,447,1
9135,9635,891,3
9136,2122,194,1
9137,3050,757,1
9138,2832,264,3
9139,8832,158,3
9140,7829,768,1
9141,8339,992,1
9142,8161,45,2
9143,7559,530,3
9144,7351,276,2
9145,6713,711,3
9146,2681,338,3
9147,2924,694,3
9148,7567,63,2
9149,6328,640,1
9150,5217,844,3
9151,6529,416,4
9152,9938,641,2
9153,25,496,2
9154,9367,471,2
9155,2156,803,2
9156,1903,738,4
9157,418,521,4
9158,3946,214,3
9159,4533,359,2
9160,9539,451,3
9161,767,563,2
9162,9332,916,1
9163,3296,978,3
9164,6380,718,1
9165,2268,571,3
9166,4563,2,2
9167,7385,530,2
9168,6880,709,2
9169,6202,566,3
9170,4851,112,3
9171,7501,614,1
9172,4325,294,4
9173,5346,84,3
9174,3842,918,4
9175,9923,171,4
9176,294,857,4
9177,346,918,2
9178,4082,700,2
9179,187,981,1
9180,226,699,2
9181,9734,484,1
9182,6902,654,4
9183,9049,143,3
9184,6913,322,3
9185,3319,5,2
9186,2446,186,2
9187,1982,131,1
9188,6533,639,1
9189,3356,814,3
9190,8791,839,2
9191,2860,735,2
9192,3730,171,4
9193,2354,231,3
9194,4245,142,3
9195,1170,921,4
9196,949,529,2
9197,9113,538,1
9198,4167,776,3
9199,8880,961,2
9200,2689,220,2
9201,2080,181,3
9202,6963,773,4
9203,1958,617,4
9204,1329,47,1
9205,8340,410,2
9206,2404,960,1
9207,3931,659,2
9208,7309,960,3
9209,2926,83,3
9210,5649,678,3
9211,4947,264,4
9212,2151,159,4
9213,457,732,1
9214,4328,529,4
9215,4316,791,3
9216,2709,931,2
9217,5624,629,4
9218,3288,33,2
9219,8055,260,3
9220,856,538,2
9221,7176,860,3
9222,3643,149,1
9223,856,410,1
9224,9024,253,1
9225,7449,500,2
9226,7123,765,4
9227,7914,779,3
9228,8319,365,4
9229,7972,978,1
9230,5197,480,2
9231,3708,239,3
9232,3644,514,2
9233,8173,785,1
9234,3021,253,3
9235,918,335,4
9236,9735,749,3
9237,7513,389,1
9238,2766,475,1
9239,2514,761,1
9240,7560,621,4
9241,2536,287,1
9242,9412,817,3
9243,2594,164,3
9244,2177,773,4
9245,5370,437,1
9246,7371,734,2
9247,7318,155,1
9248,1293,488,1
9249,1043,116,4
9250,5263,654,3
9251,5455,711,4
9252,7450,471,3
9253,7863,254,3
9254,1834,45,4
9255,7427,733,3
9256,4868,267,1
9257,8044,972,1
9258,6531,500,4
9259,8510,918,1
9260,3851,19,2
9261,4692,770,2
9262,3590,691,1
9263,160,574,2
9264,3676,310,1
9265,8740,492,1
9266,5246,724,3
9267,300,829,2
9268,3181,57,2
9269,8349,966,1
9270,3120,770,3
9271,4416,211,1
9272,4085,452,2
9273,1792,155,3
9274,473,814,3
9275,9025,921,1
9276,8866,511,3
9277,9260,869,4
9278,3741,142,2
9279,9557,137,4
9280,8605,40,2
9281,8552,241,4
9282,3452,896,1
9283,639,430,2
9284,512,284,4
9285,7537,576,4
9286,3220,930,1
9287,3647,556,1
9288,6349,593,1
9289,9363,773,3
9290,8935,403,4
9291,641,479,4
9292,8812,768,4
9293,4201,280,3
9294,9611,66,1
9295,8941,360,1
9296,693,109,3
9297,4305,685,2
9298,7215,797,2
9299,5291,343,4
9300,3745,16,1
9301,8260,765,1
9302,8609,507,2
9303,5529,516,3
9304,2875,875,2
9305,271,135,2
9306,7789,950,2
9307,7943,708,3
9308,2593,118,3
9309,2754,499,2
9310,3955,71,1
9311,4365,227,3
9312,1111,746,4
9313,6287,982,2
9314,8883,163,4
9315,7570,450,3
9316,9548,450,2
9317,7621,452,4
9318,1796,670,3
9319,6675,28,3
9320,3092,720,3
9321,6457,941,3
9322,7215,294,1
9323,6243,812,2
9324,4253,708,4
9325,9757,517,4
9326,1538,438,3
9327,6563,808,2
9328,2062,579,1
9329,8152,492,2
9330,6384,787,1
9331,5336,248,1
9332,8909,932,1
9333,1400,801,1
9334,383,33,4
9335,7716,554,2
9336,1916,857,2
9337,6695,209,4
9338,4099,73,4
9339,781,213,2
9340,3047,326,1
9341,8442,91,2
9342,3783,640,2
9343,2637,487,3
9344,4770,895,3
9345,4344,676,3
9346,4647,788,3
9347,7901,970,2
9348,7270,532,4
9349,9826,857,2
9350,4755,290,4
9351,7532,945,1
9352,7465,320,1
9353,6686,948,4
9354,9144,397,4
9355,9314,790,3
9356,2059,889,1
9357,6160,124,2
9358,7740,440,2
9359,3131,464,4
9360,1400,842,2
9361,5197,738,2
9362,487,558,4
9363,8484,881,4
9364,9237,30,1
9365,2897,513,1
9366,2887,970,1
9367,2644,920,4
9368,3560,324,1
9369,5986,445,4
9370,1229,35,2
9371,6370,176,2
9372,5319,775,1
9373,9959,205,2
9374,5193,430,2
9375,8315,886,3
9376,4762,236,4
9377,3003,817,2
9378,8193,261,1
9379,1628,888,2
9380,5814,908,2
9381,957,45,3
9382,4024,191,1
9383,9217,72,2
9384,8198,781,1
9385,2515,299,4
9386,6510,675,4
9387,7063,934,4
9388,8407,212,1
9389,3158,995,1
9390,8032,174,3
9391,823,630,2
9392,7792,359,1
9393,3492,499,4
9394,8767,969,3
9395,8691,116,3
9396,1667,731,4
9397,8105,577,1
9398,9120,298,3
9399,1119,639,2
9400,47,521,3
9401,6989,359,2
9402,8403,345,1
9403,9339,269,1
9404,6115,959,4
9405,8841,297,3
9406,9535,868,2
9407,4132,56,1
9408,771,856,4
9409,5957,886,2
9410,8992,464,4
9411,2697,143,3
9412,7744,805,3
9413,776,132,2
9414,5511,632,2
9415,1928,678,2
9416,3026,982,4
9417,2765,382,3
9418,4677,694,3
9419,5159,641,1
9420,4052,698,1
9421,7421,591,3
9422,8944,136,3
9423,4119,801,4
9424,7691,990,4
9425,2434,244,4
9426,7238,683,4
9427,8523,196,1
9428,7272,328,1
9429,6671,207,1
9430,6565,437,2
9431,6625,773,4
9432,4898,14,1
9433,7521,214,4
9434,2232,174,1
9435,8185,400,3
9436,8730,16,2
9437,6554,71,3
9438,5831,311,3
9439,416,696,2
9440,9751,82,3
9441,6265,341,1
9442,5324,766,3
9443,9182,308,1
9444,4445,585,2
9445,2078,551,2
9446,5375,731,4
9447,557,727,2
9448,2210,858,2
9449,5842,925,1
9450,1344,680,4
9451,4917,900,4
9452,3103,426,2
9453,8853,753,1
9454,5737,552,3
9455,6418,987,1
9456,7776,7,3
9457,3750,346,1
9458,7978,384,2
9459,1318,449,2
9460,6916,952,1
9461,547,555,3
9462,5352,407,2
9463,1252,774,3
9464,7322,699,4
9465,1704,785,2
9466,6912,344,1
9467,8644,549,4
9468,5901,344,3
9469,3187,910,4
9470,9674,616,4
9471,8829,956,1
9472,6978,729,4
9473,8438,651,1
9474,6630,338,1
9475,1719,589,4
9476,4684,660,3
9477,7779,199,2
9478,1369,487,4
9479,8338,784,3
9480,4807,326,4
9481,4673,917,4
9482,7572,24,4
9483,650,534,3
9484,5559,566,2
9485,5113,554,3
9486,6787,291,2
9487,2731,875,4
9488,5983,316,1
9489,1163,744,3
9490,6977,373,2
9491,7747,465,1
9492,1384,953,3
9493,6273,166,4
9494,6570,910,1
9495,8845,59,3
9496,2061,462,2
9497,435,47,3
9498,4176,408,2
9499,1671,433,3
9500,6703,41,4
9501,6584,650,3
9502,9243,798,2
9503,2633,245,4
9504,5485,337,2
9505,8442,534,2
9506,3685,233,1
9507,4316,596,2
9508,2535,367,3
9509,8376,333,2
9510,8220,821,2
9511,131,964,4
9512,7040,446,3
9513,3402,265,4
9514,7348,939,1
9515,573,582,1
9516,352,156,1
9517,2,41,1
9518,3363,918,2
9519,6851,409,4
9520,1476,478,1
9521,8326,735,4
9522,4208,316,1
9523,6415,997,2
9524,8097,712,4
9525,6783,354,1
9526,2421,885,3
9527,2652,363,1
9528,1394,158,2
9529,9403,120,3
9530,3299,378,2
9531,7480,336,2
9532,7884,75,4
9533,6474,764,4
9534,1905,385,2
9535,4729,140,2
9536,3484,544,1
9537,1793,840,1
9538,7773,904,1
9539,1894,450,4
9540,4812,316,4
9541,324,553,2
9542,4850,573,4
9543,4348,589,1
9544,7986,762,3
9545,157,467,2
9546,1560,951,2
9547,3358,228,1
9548,5225,875,2
9549,4469,613,4
9550,6182,178,1
9551,8029,294,1
9552,489,860,2
9553,7415,357,1
9554,4886,110,4
9555,4591,575,4
9556,6300,541,2
9557,3107,625,4
9558,3157,977,2
9559,7296,542,4
9560,527,164,3
9561,6769,221,3
9562,6003,944,3
9563,276,70,2
9564,1088,674,1
9565,4302,947,3
9566,2117,330,2
9567,5520,591,3
9568,3877,967,1
9569,1376,793,4
9570,5977,279,4
9571,952,345,3
9572,4198,370,1
9573,4257,321,2
9574,1153,5,2
9575,616,656,2
9576,8264,559,4
9577,27,647,4
9578,1194,253,4
9579,364,869,3
9580,2154,69,2
9581,1628,824,1
9582,556,294,4
9583,8870,497,4
9584,5795,148,1
9585,663,920,1
9586,8623,292,4
9587,5140,307,2
9588,5687,694,3
9589,7102,964,4
9590,2330,188,2
9591,904,976,3
9592,4363,291,1
9593,7537,91,1
9594,5689,987,4
9595,8158,220,2
9596,3548,715,4
9597,9395,856,1
9598,7629,10,4
9599,4116,696,4
9600,2322,733,2
9601,5480,777,2
9602,9201,648,3
9603,1354,474,3
9604,2274,56,3
9605,7613,495,1
9606,653,314,2
9607,120,704,4
9608,6402,133,4
9609,4075,899,2
9610,5931,352,2
9611,8949,162,4
9612,5030,222,2
9613,2556,714,4
9614,2643,887,2
9615,5527,60,4
9616,3412,312,2
9617,7463,242,2
9618,3800,878,1
9619,1169,267,4
9620,4205,435,4
9621,5956,950,1
9622,4080,543,1
9623,9867,335,3
9624,1395,555,3
9625,2711,64,2
9626,9582,507,1
9627,715,834,1
9628,322,283,3
9629,3546,224,1
9630,5957,782,1
9631,9567,553,1
9632,9518,602,2
9633,4165,43,4
9634,324,57,4
9635,6623,516,3
9636,8630,402,3
9637,5364,534,3
9638,2548,167,3
9639,3033,870,4
9640,7207,400,3
9641,7661,344,3
9642,7123,862,3
9643,5108,993,2
9644,9525,180,4
9645,8089,350,1
9646,1417,618,2
9647,2400,824,3
9648,2138,725,4
9649,7230,320,3
9650,2255,879,2
9651,2836,93,4
9652,6315,60,3
9653,2863,196,1
9654,4500,624,4
9655,1241,706,3
9656,2976,765,1
9657,3644,681,3
9658,7480,903,4
9659,7364,638,2
9660,1970,182,3
9661,832,297,2
9662,8477,393,2
9663,6145,151,2
9664,1114,942,4
9665,5537,655,3
9666,3344,224,4
9667,3279,647,3
9668,7916,480,4
9669,3567,64,4
9670,5248,1000,3
9671,8345,147,4
9672,7064,365,3
9673,6364,877,1
9674,5658,693,4
9675,3590,651,1
9676,4012,730,4
9677,8360,950,3
9678,8643,954,1
9679,4397,686,3
9680,2079,968,2
9681,6689,545,4
9682,6715,118,1
9683,7537,321,1
9684,5192,406,1
9685,1625,953,3
9686,5785,373,1
9687,711,506,3
9688,9752,641,1
9689,9215,534,4
9690,9926,894,4
9691,1711,89,3
9692,9090,541,1
9693,1051,500,1
9694,8238,449,2
9695,9711,468,1
9696,1298,747,2
9697,6794,520,2
9698,1915,365,4
9699,2764,664,3
9700,3050,62,4
9701,796,384,1
9702,1582,414,4
9703,6840,625,1
9704,5625,273,2
9705,5468,783,2
9706,6644,898,2
9707,1101,620,3
9708,7332,86,1
9709,2147,683,2
9710,2837,509,1
9711,528,964,4
9712,4038,130,3
9713,7401,375,2
9714,1974,961,2
9715,3934,832,1
9716,3324,882,3
9717,8335,628,1
9718,5319,420,3
9719,3349,994,1
9720,7256,141,1
9721,941,662,3
9722,6474,215,1
9723,1166,538,4
9724,7453,893,1
9725,1092,580,4
9726,8758,963,2
9727,5732,21,3
9728,4931,945,3
9729,5925,635,2
9730,1790,561,1
9731,3643,996,1
9732,2436,368,3
9733,7263,4,4
9734,3164,263,1
9735,3867,367,1
9736,5604,285,1
9737,7366,920,4
9738,4165,770,4
9739,1796,666,4
9740,2129,646,3
9741,3144,419,1
9742,3105,91,3
9743,5457,927,2
9744,4612,567,1
9745,7677,851,2
9746,370,839,4
9747,8716,871,3
9748,5681,683,3
9749,5395,549,3
9750,888,182,2
9751,2648,455,4
9752,6208,703,1
9753,2124,99,1
9754,6940,776,4
9755,7945,130,3
9756,2898,460,2
9757,4649,261,3
9758,5749,911,1
9759,9647,40,4
9760,7210,501,3
9761,2356,67,1
9762,9121,197,1
9763,6814,214,3
9764,4838,205,4
9765,1685,20,3
9766,2738,340,4
9767,5667,277,2
9768,3754,472,2
9769,5532,216,3
9770,9266,874,4
9771,2058,319,4
9772,8523,634,2
9773,2718,166,3
9774,3624,345,1
9775,3019,981,2
9776,7329,957,4
9777,4286,667,4
9778,9489,8,2
9779,3770,531,3
9780,8064,896,1
9781,3600,951,4
9782,156,348,4
9783,8046,746,3
9784,2301,167,2
9785,1352,870,2
9786,740,35,3
9787,201,650,2
9788,3520,678,3
9789,2177,989,1
9790,3076,232,4
9791,3454,567,3
9792,6111,942,2
9793,5881,856,1
9794,891,129,1
9795,5143,680,4
9796,3931,557,2
9797,6602,387,4
9798,9271,287,2
9799,6670,893,3
9800,8320,385,3
9801,1162,621,4
9802,8881,712,3
9803,1872,860,2
9804,5073,301,3
9805,5256,254,2
9806,9773,400,4
9807,8149,195,4
9808,5166,596,3
9809,2559,555,2
9810,1454,516,4
9811,1783,408,4
9812,6555,236,2
9813,4906,190,1
9814,9884,84,1
9815,5557,266,1
9816,6212,523,2
9817,4839,621,4
9818,7477,6,3
9819,4246,683,1
9820,1158,947,3
9821,518,967,4
9822,6083,659,3
9823,8095,407,3
9824,1567,186,4
9825,7905,701,3
9826,9784,913,1
9827,7505,366,2
9828,5709,104,2
9829,8414,255,3
9830,5992,424,2
9831,9262,222,2
9832,4948,683,3
9833,6914,867,3
9834,1780,343,2
9835,2538,722,2
9836,864,609,3
9837,7979,411,1
9838,5606,582,4
9839,7332,419,3
9840,7091,86,2
9841,4476,579,2
9842,3771,793,3
9843,4232,100,3
9844,6257,498,4
9845,9527,750,2
9846,8344,602,2
9847,6089,689,2
9848,1654,827,3
9849,9756,230,4
9850,3494,772,3
9851,2615,628,1
9852,8508,957,2
9853,1377,779,1
9854,6403,705,4
9855,7335,707,3
9856,4319,798,4
9857,8589,448,4
9858,3268,135,1
9859,7496,65,1
9860,1592,414,3
9861,4113,858,1
9862,8988,147,4
9863,9877,511,1
9864,8264,733,4
9865,932,731,1
9866,5617,234,4
9867,4394,976,1
9868,5747,770,3
9869,1266,592,1
9870,9552,826,3
9871,9857,548,3
9872,1989,867,1
9873,7882,296,2
9874,6398,82,3
9875,2147,146,4
9876,5084,30,3
9877,5864,84,2
9878,2727,537,3
9879,8216,580,2
9880,7540,31,1
9881,811,762,2
9882,5664,464,3
9883,3667,931,1
9884,9119,581,1
9885,607,31,3
9886,9542,952,2
9887,4182,412,1
9888,1975,911,2
9889,8882,642,3
9890,4253,684,4
9891,2928,410,2
9892,1642,668,3
9893,862,525,1
9894,130,567,4
9895,7168,453,1
9896,4400,951,2
9897,9473,368,4
9898,9811,19,2
9899,5279,286,1
9900,6347,278,2
9901,8655,163,2
9902,5897,583,3
9903,8730,515,4
9904,6528,971,1
9905,8811,736,4
9906,4630,990,3
9907,1243,180,1
9908,2435,244,3
9909,9331,389,1
9910,5738,617,2
9911,8188,44,4
9912,2396,475,2
9913,3700,343,2
9914,6412,277,2
9915,6252,92,1
9916,4027,867,4
9917,947,725,3
9918,7689,106,4
9919,2650,858,3
9920,8151,751,3
9921,4954,516,4
9922,733,757,1
9923,9318,441,3
9924,6748,121,3
9925,6150,588,3
9926,8429,251,3
9927,6635,740,1
9928,2006,446,4
9929,8243,347,4
9930,7447,804,4
9931,8630,618,3
9932,3782,751,2
9933,5029,633,4
9934,5507,819,2
9935,3428,43,2
9936,6402,955,1
9937,9350,577,2
9938,2063,388,1
9939,4062,804,4
9940,1830,648,3
9941,7183,901,3
9942,2171,889,2
9943,6439,548,2
9944,7364,755,1
9945,3582,463,1
9946,7657,75,4
9947,5275,552,1
9948,7473,292,4
9949,1905,707,2
9950,645,258,4
9951,5536,310,3
9952,6191,326,4
9953,6388,227,4
9954,3437,401,2
9955,9043,684,1
9956,3422,939,2
9957,2303,906,2
9958,3454,882,1
9959,4656,992,2
9960,1587,59,2
9961,8063,609,2
9962,503,310,4
9963,9222,961,2
9964,8166,741,1
9965,1516,179,2
9966,3292,344,4
9967,9321,832,2
9968,8099,645,4
9969,5686,612,1
9970,1324,184,2
9971,9661,853,2
9972,2536,910,1
9973,1113,240,2
9974,7274,15,3
9975,5261,905,4
9976,4377,731,1
9977,9050,911,3
9978,809,947,4
9979,4862,617,1
9980,1325,232,2
9981,8824,138,2
9982,6742,594,4
9983,5115,639,2
9984,8947,861,2
9985,7089,575,2
9986,1435,245,1
9987,316,732,2
9988,4092,576,2
9989,3854,940,4
9990,7471,766,2
9991,6629,72,3
9992,1024,291,4
9993,6784,79,3
9994,5977,911,4
9995,1430,928,3
9996,8781,111,1
9997,1225,12,4
9998,9987,617,3
9999,2477,818,2
10000,2690,954,2
10001,1041,761,4
10002,8268,594,3
10003,8563,595,2
10004,2412,43,1
10005,636,697,1
10006,118,493,2
10007,3763,152,2
10008,8155,308,4
10009,8501,243,1
10010,1486,640,3
10011,4383,127,1
10012,8339,970,2
10013,5031,780,3
10014,4103,156,3
10015,4066,498,3
10016,2272,274,3
10017,1510,827,4
10018,8212,340,3
10019,7792,767,4
10020,710,160,2
10021,9565,134,2
10022,1337,57,1
10023,6131,450,1
10024,9785,887,1
10025,174,300,2
10026,9712,456,2
10027,3930,993,3
10028,1487,29,2
10029,4929,148,3
10030,755,330,4
10031,3332,109,1
10032,6170,781,2
10033,6944,860,3
10034,4614,918,1
10035,8982,480,4
10036,7077,854,4
10037,1433,707,4
10038,7007,649,4
10039,3064,577,4
10040,2054,742,1
10041,4938,175,4
10042,6013,813,1
10043,952,972,1
10044,5057,65,1
10045,477,540,2
10046,5638,943,2
10047,3467,49,4
10048,5645,100,1
10049,7844,424,2
10050,5325,918,1
10051,5243,909,2
10052,8275,527,1
10053,690,318,4
10054,404,844,3
10055,4495,429,1
10056,6118,864,1
10057,8291,308,3
10058,1428,487,1
10059,4248,129,1
10060,4634,491,2
10061,359,912,4
10062,9158,557,4
10063,5431,951,2
10064,6334,230,2
10065,2710,893,3
10066,4843,119,2
10067,3781,696,2
10068,5270,566,1
10069,2868,700,1
10070,977,221,4
10071,7809,16,1
10072,2326,245,2
10073,5205,556,2
10074,3250,339,1
10075,7154,179,4
10076,5083,686,1
10077,6063,485,1
10078,8325,962,2
10079,2742,520,4
10080,586,271,1
10081,6235,103,3
10082,3683,350,3
10083,3602,829,3
10084,9584,932,1
10085,8242,587,2
10086,5037,845,3
10087,5168,464,3
10088,6894,642,3
10089,3812,201,2
10090,925,279,1
10091,3556,923,1
10092,5553,561,1
10093,8207,122,3
10094,8414,359,2
10095,5623,4,4
10096,2056,617,2
10097,5910,974,1
10098,9774,824,3
10099,1033,989,3
10100,3936,454,2
10101,3903,219,1
10102,2887,834,2
10103,8690,391,3
10104,5510,413,3
10105,972,877,2
10106,2241,10,1
10107,6132,195,3
10108,8126,977,2
10109,7372,609,3
10110,1071,218,2
10111,4588,406,3
10112,1246,560,2
10113,6058,900,1
10114,4179,446,1
10115,2741,46,1
10116,4348,42,4
10117,9661,927,2
10118,4499,19,1
10119,7369,842,4
10120,1237,821,4
10121,982,103,1
10122,9202,743,2
10123,1799,875,4
10124,3959,317,4
10125,3325,180,1
10126,6031,369,2
10127,3950,871,4
10128,5251,207,1
10129,8099,336,2
10130,8951,385,1
10131,3030,958,2
10132,4185,24,1
10133,540,138,3
10134,9403,203,4
10135,5475,878,1
10136,8734,234,3
10137,628,655,1
10138,3032,149,4
10139,4381,14,4
10140,6095,661,4
10141,8468,740,3
10142,2235,938,2
10143,5676,84,1
10144,2623,824,4
10145,5093,186,1
10146,4942,600,2
10147,8725,727,3
10148,1191,397,2
10149,4562,897,3
10150,8048,480,2
10151,7945,659,4
10152,3257,633,2
10153,94,355,3
10154,1320,856,3
10155,7624,6,3
10156,5817,889,2
10157,3786,12,3
10158,3591,257,3
10159,9098,115,3
10160,9292,576,2
10161,6376,529,4
10162,4796,299,2
10163,3917,690,4
10164,3380,115,3
10165,186,147,1
10166,3725,21,1
10167,8929,109,1
10168,3639,622,1
10169,1151,119,3
10170,205,504,3
10171,6123,998,4
10172,8808,812,4
10173,2757,74,4
10174,3522,259,3
10175,4718,240,1
10176,5466,219,3
10177,4273,954,4
10178,5516,914,3
10179,345,812,2
10180,3756,568,2
10181,8655,651,1
10182,6458,83,2
10183,7491,669,1
10184,9523,906,3
10185,8445,549,1
10186,8038,232,2
10187,7939,125,3
10188,6240,229,3
10189,5624,302,2
10190,8750,313,4
10191,8516,837,4
10192,3518,780,4
10193,2904,54,2
10194,2734,205,2
10195,2539,771,2
10196,7889,63,3
10197,9988,268,2
10198,2304,489,3
10199,466,164,4
10200,5777,352,3
10201,2959,269,3
10202,9171,950,1
10203,2712,242,2
10204,1978,30,1
10205,8264,363,3
10206,8788,748,1
10207,5338,765,1
10208,4148,242,2
10209,7762,231,4
10210,4368,926,1
10211,9606,587,3
10212,4589,510,1
10213,8752,889,1
10214,3308,847,2
10215,4853,778,1
10216,6660,154,1
10217,4670,993,4
10218,1556,238,2
10219,5753,267,4
10220,3099,816,2
10221,7735,61,2
10222,5270,330,3
10223,6402,196,3
10224,9002,123,3
10225,1878,876,3
10226,7592,466,1
10227,9148,58,4
10228,4125,579,2
10229,2360,770,2
10230,7026,425,3
10231,2239,546,3
10232,1722,655,3
10233,1743,608,1
10234,8397,776,2
10235,7337,285,3
10236,7416,282,3
10237,6742,358,2
10238,6086,19,4
10239,7036,892,2
10240,3718,487,2
10241,6808,296,2
10242,6124,774,2
10243,8118,115,2
10244,1608,300,4
10245,3998,55,4
10246,984,665,1
10247,9958,337,2
10248,340,264,2
10249,8836,946,4
10250,3555,153,2
10251,1086,51,2
10252,6613,368,3
10253,8146,289,4
10254,4329,700,3
10255,9883,205,4
10256,6447,503,2
10257,5337,969,2
10258,1629,410,1
10259,8525,254,3
10260,757,171,4
10261,4577,800,1
10262,3471,784,2
10263,4367,932,4
10264,4582,487,2
10265,5962,225,3
10266,6383,168,1
10267,5320,299,2
10268,6829,137,4
10269,7448,866,1
10270,8612,552,2
10271,6710,753,4
10272,1008,92,2
10273,7064,67,1
10274,6757,397,4
10275,3585,191,2
10276,1972,719,4
10277,7338,358,3
10278,1098,306,3
10279,7972,491,2
10280,396,787,3
10281,5598,231,2
10282,7249,749,4
10283,9647,804,4
10284,9801,104,4
10285,2256,472,4
10286,2464,812,3
10287,4009,590,4
10288,820,772,4
10289,3618,40,1
10290,7631,604,2
10291,3405,726,2
10292,9103,596,1
10293,7765,513,4
10294,3352,681,3
10295,6861,227,2
10296,1217,112,4
10297,9079,920,1
10298,6293,146,4
10299,9398,539,4
10300,7173,226,3
10301,1920,951,1
10302,5788,866,4
10303,3477,307,3
10304,6749,536,3
10305,33,38,3
10306,7346,632,3
10307,7482,776,2
10308,9592,240,4
10309,1625,398,4
10310,2527,930,1
10311,8924,456,2
10312,9331,404,4
10313,3807,663,4
10314,8027,464,4
10315,3780,639,4
10316,6320,236,3
10317,2099,487,2
10318,6604,12,1
10319,7420,370,3
10320,184,263,1
10321,9157,283,1
10322,3208,977,2
10323,8201,588,1
10324,1602,68,4
10325,5200,939,2
10326,8914,662,2
10327,74,831,4
10328,9786,13,4
10329,7920,873,4
10330,2026,939,2
10331,6123,425,1
10332,6787,437,3
10333,658,909,2
10334,9049,657,1
10335,2149,912,1
10336,2372,175,2
10337,4930,302,4
10338,7097,86,4
10339,5338,95,4
10340,5889,576,4
10341,6521,420,2
10342,6610,364,4
10343,860,306,2
10344,8921,832,2
10345,3230,773,2
10346,3240,993,3
10347,415,638,1
10348,3068,793,4
10349,9811,80,4
10350,6640,785,3
10351,9438,572,3
10352,7337,456,3
10353,2745,455,2
10354,5163,582,3
10355,906,696,4
10356,424,740,3
10357,4915,480,2
10358,788,771,2
10359,7100,275,4
10360,5364,826,2
10361,9621,974,4
10362,7526,735,3
10363,7723,114,1
10364,7036,420,1
10365,8031,238,1
10366,754,30,1
10367,7339,583,4
10368,7699,412,4
10369,762,54,2
10370,2624,15,1
10371,4096,706,4
10372,5046,792,2
10373,3559,524,2
10374,2237,255,3
10375,5236,186,2
10376,486,617,3
10377,1662,170,3
10378,5509,671,4
10379,3047,649,1
10380,2423,759,1
10381,2775,370,3
10382,432,591,3
10383,1736,82,2
10384,9326,806,4
10385,5461,268,3
10386,2610,338,3
10387,1599,456,4
10388,5235,426,2
10389,6912,311,3
10390,428,849,2
10391,6679,152,4
10392,6075,693,4
10393,2501,61,2
10394,1628,294,2
10395,165,416,1
10396,4906,243,2
10397,8360,513,3
10398,8660,592,3
10399,7419,41,1
10400,6792,613,1
10401,9044,580,2
10402,3655,808,4
10403,1171,62,3
10404,4970,593,1
10405,8110,99,1
10406,3663,676,4
10407,4160,435,1
10408,6308,728,4
10409,8434,322,1
10410,3103,614,1
10411,2331,660,4
10412,7929,633,1
10413,5511,196,4
10414,5454,78,3
10415,3478,748,3
10416,2958,858,4
10417,882,236,4
10418,8088,208,2
10419,8419,4,1
10420,4142,927,1
10421,4198,684,2
10422,2704,669,4
10423,5119,651,3
10424,2019,804,1
10425,4326,785,2
10426,3363,834,2
10427,230,35,4
10428,5969,560,4
10429,2852,714,2
10430,3657,266,4
10431,8584,69,2
10432,4889,880,2
10433,1528,66,3
10434,7176,661,3
10435,6501,480,3
10436,7969,225,2
10437,5189,87,3
10438,1786,342,4
10439,1147,468,2
10440,1413,182,3
10441,3705,154,1
10442,9523,470,2
10443,4141,486,4
10444,1871,474,3
10445,795,234,3
10446,3348,725,1
10447,641,788,3
10448,6285,534,3
10449,2029,877,4
10450,2557,502,2
10451,4441,58,4
10452,9257,857,4
10453,5403,270,1
10454,3723,793,2
10455,6290,199,1
10456,1685,824,3
10457,899,933,2
10458,2155,629,2
10459,735,605,2
10460,2369,78,2
10461,3390,900,4
10462,501,260,3
10463,681,222,4
10464,264,509,2
10465,4895,199,1
10466,6721,143,4
10467,3076,791,3
10468,5489,127,2
10469,9396,379,1
10470,7236,691,2
10471,8798,750,3
10472,5459,556,4
10473,8180,640,2
10474,1958,389,1
10475,2531,485,4
10476,3215,993,3
10477,8763,949,4
10478,6869,797,3
10479,6423,937,1
10480,2184,543,1
10481,6689,621,3
10482,5210,804,2
10483,2048,108,1
10484,9777,778,3
10485,3475,81,4
10486,1801,343,4
10487,6401,484,3
10488,7269,773,1
10489,3457,275,1
10490,1859,969,2
10491,9955,151,1
10492,141,277,2
10493,3481,565,3
10494,2965,260,4
10495,6560,328,3
10496,4752,989,3
10497,706,826,3
10498,5294,268,3
10499,9841,527,1
10500,6341,588,1
10501,5013,247,4
10502,8439,541,3
10503,8925,888,3
10504,4587,866,1
10505,6482,40,2
10506,6360,594,1
10507,9357,651,3
10508,9767,315,1
10509,5659,696,2
10510,1726,1000,1
10511,3070,937,1
10512,8144,477,4
10513,3179,53,1
10514,5403,236,1
10515,2668,993,2
10516,3388,208,4
10517,7618,460,1
10518,5664,145,4
10519,9475,140,3
10520,3836,554,3
10521,1657,723,2
10522,7355,603,1
10523,3676,147,3
10524,3611,944,2
10525,2293,720,3
10526,8521,776,3
10527,285,312,1
10528,6922,177,4
10529,4510,182,2
10530,1593,132,1
10531,1447,763,3
10532,4933,668,3
10533,5080,663,3
10534,253,150,3
10535,6679,715,1
10536,300,695,1
10537,6372,852,1
10538,58,507,1
10539,4044,912,4
10540,7940,695,4
10541,3793,16,3
10542,1562,723,3
10543,6452,11,4
10544,3118,887,4
10545,2818,59,3
10546,651,250,2
10547,4889,10,3
10548,4971,947,1
10549,1681,163,1
10550,7291,570,3
10551,6960,986,2
10552,5086,205,4
10553,1137,281,3
10554,5975,844,1
10555,1390,161,1
10556,4117,245,1
10557,2613,542,4
10558,8785,893,4
10559,7011,469,4
10560,5657,393,3
10561,6544,917,2
10562,6272,248,2
10563,2470,36,3
10564,8568,762,1
10565,6660,520,3
10566,3123,88,1
10567,8604,484,1
10568,1102,775,3
10569,6233,116,4
10570,932,803,2
10571,7805,715,2
10572,2121,273,4
10573,7563,552,2
10574,1461,313,4
10575,4591,162,3
10576,473,521,2
10577,3896,145,3
10578,3251,640,4
10579,9360,443,3
10580,7337,695,4
10581,3490,972,2
10582,4082,504,2
10583,4190,886,2
10584,9904,170,1
10585,4047,237,2
10586,5010,971,1
10587,6446,74,4
10588,4729,414,1
10589,5859,406,2
10590,7337,259,3
10591,443,947,3
10592,6663,633,3
10593,8583,172,4
10594,1368,929,4
10595,9552,98,2
10596,4531,990,2
10597,8558,692,1
10598,2559,784,3
10599,9182,954,1
10600,3038,328,4
10601,2773,86,4
10602,4427,487,4
10603,779,307,3
10604,956,305,2
10605,4364,112,3
10606,2400,710,4
10607,5163,385,2
10608,6921,73,4
10609,898,263,4
10610,4865,253,1
10611,444,450,2
10612,5007,475,4
10613,6341,996,1
10614,5849,794,2
10615,1176,861,2
10616,7876,775,2
10617,7573,291,4
10618,6165,389,2
10619,8077,484,4
10620,3039,313,2
10621,4210,173,4
10622,8356,320,1
10623,2887,867,4
10624,6754,789,1
10625,2190,773,2
10626,6991,999,1
10627,2613,287,4
10628,7345,624,3
10629,8275,76,3
10630,610,417,1
10631,2909,868,4
10632,5686,412,1
10633,176,302,1
10634,9160,436,4
10635,3075,147,3
10636,8540,960,4
10637,8247,985,3
10638,8531,74,1
10639,6201,872,2
10640,4521,472,1
10641,6344,356,4
10642,3183,645,4
10643,5193,72,2
10644,420,345,3
10645,1817,364,2
10646,8231,27,4
10647,8212,432,3
10648,7612,785,4
10649,128,117,4
10650,9524,385,2
10651,271,907,2
10652,3923,198,4
10653,2057,504,1
10654,6555,381,2
10655,9172,74,2
10656,7737,554,3
10657,6343,707,2
10658,3305,336,3
10659,3701,375,1
10660,2666,603,1
10661,5103,369,4
10662,3590,725,3
10663,9881,951,3
10664,2261,298,1
10665,5564,871,1
10666,937,285,3
10667,1437,765,1
10668,6540,659,4
10669,6676,13,3
10670,9113,526,1
10671,9481,324,2
10672,4277,217,1
10673,5520,540,2
10674,2672,159,3
10675,8014,58,2
10676,1815,110,4
10677,8895,767,4
10678,6593,995,1
10679,2634,838,2
10680,8597,900,1
10681,4216,630,4
10682,5733,910,4
10683,9658,678,1
10684,7901,566,1
10685,5994,265,2
10686,6291,823,1
10687,1130,324,2
10688,9138,226,2
10689,6191,398,3
10690,4668,605,2
10691,4633,478,3
10692,3748,54,2
10693,4825,659,2
10694,7049,966,4
10695,8967,766,3
10696,5590,821,4
10697,7115,750,1
10698,1785,786,3
10699,5737,409,1
10700,6703,943,1
10701,9770,393,3
10702,943,379,4
10703,8379,506,4
10704,6841,29,1
10705,7717,955,2
10706,6241,874,1
10707,4658,767,4
10708,3728,18,4
10709,4791,944,1
10710,2449,468,4
10711,2193,968,4
10712,3315,13,1
10713,9625,920,4
10714,9580,313,4
10715,6111,815,2
10716,1732,487,3
10717,6093,669,4
10718,5150,570,3
10719,3201,823,4
10720,9209,303,3
10721,3709,706,1
10722,6419,904,3
10723,1743,846,3
10724,6126,478,3
10725,5690,971,4
10726,3228,567,1
10727,5609,649,4
10728,7406,592,4
10729,2147,543,1
10730,5633,953,4
10731,1375,193,1
10732,2050,809,2
10733,2641,802,4
10734,6598,221,1
10735,6461,729,3
10736,9867,512,2
10737,9468,462,4
10738,8576,475,4
10739,6005,598,4
10740,4842,880,4
10741,1792,547,1
10742,7903,365,2
10743,4362,40,4
10744,1765,649,4
10745,5640,117,1
10746,7954,324,4
10747,3575,842,3
10748,4577,60,4
10749,817,157,1
10750,571,603,1
10751,6273,833,2
10752,7100,630,4
10753,6877,946,4
10754,2664,791,4
10755,8263,714,2
10756,3518,180,2
10757,6215,945,2
10758,8064,205,1
10759,9249,423,2
10760,4991,199,4
10761,9529,513,1
10762,2070,909,1
10763,733,441,4
10764,9115,705,4
10765,2588,433,4
10766,1976,380,4
10767,9583,89,3
10768,7679,826,1
10769,1195,162,2
10770,9618,767,3
10771,5846,300,1
10772,6257,283,4
10773,447,500,1
10774,5754,44,1
10775,7071,656,4
10776,5690,936,2
10777,8990,340,2
10778,821,33,3
10779,5371,384,4
10780,8343,906,4
10781,8749,884,3
10782,2988,154,2
10783,2065,887,1
10784,303,788,4
10785,5677,739,4
10786,7402,314,1
10787,4865,279,2
10788,921,85,1
10789,3456,942,3
10790,2359,2,4
10791,9003,479,2
10792,1109,947,4
10793,450,288,4
10794,6845,538,4
10795,451,983,1
10796,8011,626,4
10797,2321,128,1
10798,7107,496,1
10799,2406,241,1
10800,4346,399,3
10801,8314,232,4
10802,5977,619,1
10803,1574,417,4
10804,5865,559,1
10805,3681,433,4
10806,2682,172,2
10807,632,557,4
10808,1032,702,1
10809,2284,103,2
10810,343,727,3
10811,402,895,4
10812,3871,617,3
10813,7945,564,2
10814,4828,543,1
10815,4360,407,1
10816,9151,149,3
10817,7274,310,1
10818,7675,581,3
10819,3402,319,3
10820,4672,818,1
10821,7653,843,3
10822,6171,440,4
10823,1464,852,4
10824,3045,90,2
10825,2790,242,2
10826,6120,11,1
10827,9622,495,4
10828,1346,41,2
10829,2206,823,1
10830,6424,348,1
10831,9114,471,2
10832,6202,685,4
10833,556,894,3
10834,1241,747,1
10835,3677,866,2
10836,1013,618,1
10837,4434,350,1
10838,6467,682,4
10839,3058,616,1
10840,9843,965,2
10841,161,278,2
10842,543,90,3
10843,9597,63,3
10844,2623,490,2
10845,1820,81,4
10846,6449,360,4
10847,8050,945,2
10848,3044,282,1
10849,2566,523,4
10850,5495,746,1
10851,4070,984,3
10852,2046,56,1
10853,9290,363,2
10854,2616,186,3
10855,9590,183,3
10856,4175,811,3
10857,449,735,4
10858,7080,949,1
10859,5663,588,2
10860,2097,138,1
10861,9682,503,4
10862,4546,839,4
10863,1080,565,2
10864,9189,173,3
10865,5529,706,1
10866,4828,225,2
10867,1219,815,1
10868,7908,175,3
10869,5736,387,1
10870,5638,79,2
10871,909,540,1
10872,9051,424,1
10873,7404,963,1
10874,8623,507,1
10875,3273,349,2
10876,8492,736,3
10877,7248,883,2
10878,2451,272,2
10879,975,911,3
10880,7607,61,2
10881,7059,373,3
10882,9511,192,3
10883,7835,27,4
10884,3062,809,4
10885,9426,161,1
10886,4290,726,4
10887,9439,976,1
10888,1139,746,4
10889,2350,937,1
10890,3735,492,1
10891,2967,720,4
10892,1169,393,4
10893,1514,396,4
10894,2964,837,4
10895,877,155,2
10896,4792,82,1
10897,2714,428,2
10898,1598,17,2
10899,218,563,2
10900,3058,20,1
10901,4979,727,2
10902,2001,858,2
10903,8781,828,3
10904,1090,801,3
10905,4062,93,1
10906,8457,609,2
10907,3765,55,4
10908,3789,82,2
10909,9636,474,2
10910,9304,554,4
10911,2943,542,4
10912,7559,75,2
10913,670,310,2
10914,3808,520,4
10915,6540,517,1
10916,9626,8,1
10917,7933,833,4
10918,6995,289,2
10919,7547,898,4
10920,565,621,4
10921,8682,802,3
10922,2445,383,2
10923,9618,633,1
10924,3084,938,3
10925,5053,972,1
10926,3700,126,4
10927,4279,257,3
10928,1990,815,3
10929,4142,288,2
10930,3653,211,3
10931,4187,43,2
10932,6112,735,3
10933,5429,937,1
10934,153,539,2
10935,1695,455,1
10936,23,914,4
10937,4481,549,3
10938,3988,83,3
10939,9861,856,4
10940,4710,691,4
10941,183,573,4
10942,2208,845,3
10943,4111,512,4
10944,8167,339,2
10945,8380,777,1
10946,7372,813,4
10947,8797,231,3
10948,3111,133,3
10949,7727,537,1
10950,1835,12,1
10951,6998,155,1
10952,9955,533,4
10953,4186,800,3
10954,6905,595,2
10955,1475,430,1
10956,5652,695,1
10957,6363,295,1
10958,310,506,1
10959,4439,926,3
10960,5591,119,4
10961,4729,852,2
10962,3912,768,1
10963,6233,712,4
10964,1069,871,1
10965,1878,491,3
10966,8481,982,3
10967,2687,994,3
10968,2645,276,4
10969,7603,123,2
10970,1021,392,3
10971,7989,935,2
10972,9504,26,4
10973,5779,198,3
10974,8741,670,2
10975,2653,744,3
10976,3416,338,3
10977,1859,242,2
10978,3710,71,4
10979,9792,382,3
10980,3218,137,2
10981,3005,283,4
10982,9290,225,3
10983,5833,127,4
10984,8132,565,2
10985,8140,832,4
10986,7896,816,2
10987,878,316,2
10988,9219,510,1
10989,8226,526,3
10990,2322,477,1
10991,6160,742,4
10992,5183,427,3
10993,5821,369,2
10994,9816,880,2
10995,8536,268,1
10996,3329,968,3
10997,7979,443,4
10998,4912,759,3
10999,4365,953,3
11000,8,428,4
11001,8483,979,3
11002,2450,349,2
11003,2647,528,2
11004,6503,596,2
11005,90,890,1
11006,1204,101,4
11007,2865,117,2
11008,9302,557,2
11009,280,943,2
11010,587,712,1
11011,5798,990,4
11012,5595,459,2
11013,3326,550,4
11014,2017,418,1
11015,1249,559,4
11016,1145,596,1
11017,3997,966,4
11018,4436,1000,1
11019,6769,607,3
11020,8864,33,3
11021,1235,525,3
11022,761,304,4
11023,7993,248,3
11024,587,242,1
11025,8399,804,3
11026,9621,472,3
11027,1048,398,2
11028,2991,169,3
11029,5811,417,2
11030,3771,433,4
11031,81,978,2
11032,3655,344,2
11033,1520,510,2
11034,1731,121,2
11035,8759,588,1
11036,4062,29,3
11037,1216,21,2
11038,7429,88,1
11039,5762,922,1
11040,4346,471,4
11041,841,726,3
11042,6177,144,2
11043,3555,37,3
11044,7516,591,4
11045,6619,972,3
11046,4357,203,3
11047,6316,818,3
11048,5323,519,2
11049,5312,265,4
11050,3372,990,4
11051,3404,255,2
11052,162,43,2
11053,113,279,4
11054,1624,391,4
11055,2484,242,3
11056,2894,375,2
11057,766,124,2
11058,8624,827,1
11059,9716,296,1
11060,64,112,1
11061,2230,602,3
11062,2199,53,4
11063,8236,105,4
11064,4785,101,3
11065,6332,357,4
11066,6843,667,2
11067,7383,46,4
11068,610,647,3
11069,3862,656,4
11070,3198,784,4
11071,6020,84,3
11072,3867,383,2
11073,5263,360,3
11074,7013,759,2
11075,2065,157,3
11076,7508,782,4
11077,6341,37,1
11078,7979,315,1
11079,9430,973,1
11080,2526,390,1
11081,9937,232,3
11082,9092,101,3
11083,1659,305,1
11084,8915,806,3
11085,4871,59,1
11086,5093,977,4
11087,5492,446,1
11088,9046,257,4
11089,9228,378,3
11090,4459,612,3
11091,6191,763,4
11092,7576,370,3
11093,7020,936,1
11094,2629,252,3
11095,284,47,1
11096,5372,137,2
11097,431,904,3
11098,416,645,1
11099,5855,27,4
11100,7053,169,3
11101,2797,24,1
11102,2422,764,1
11103,7521,140,2
11104,691,607,3
11105,3646,262,2
11106,3071,26,2
11107,4868,989,1
11108,9813,561,3
11109,7590,467,4
11110,3458,296,1
11111,3924,984,4
11112,2443,213,1
11113,7487,232,3
11114,8078,102,2
11115,6393,754,1
11116,8211,456,4
11117,4163,592,4
11118,8422,932,3
11119,3423,762,3
11120,2672,329,3
11121,4045,829,3
11122,5303,651,3
11123,1965,323,3
11124,1727,993,3
11125,4066,432,1
11126,4734,246,4
11127,2084,912,3
11128,3855,3,3
11129,9149,775,4
11130,534,437,3
11131,1948,951,3
11132,4920,756,2
11133,5944,765,1
11134,9303,888,4
11135,9487,197,2
11136,8141,340,4
11137,9404,700,1
11138,1654,335,3
11139,275,542,1
11140,7013,207,3
11141,8530,296,3
11142,4450,356,1
11143,5254,919,2
11144,9881,399,3
11145,3915,495,1
11146,4166,486,4
11147,8231,908,1
11148,9966,567,3
11149,6495,562,2
11150,5126,56,3
11151,1602,844,2
11152,4530,316,1
11153,2987,469,3
11154,5944,269,4
11155,867,128,3
11156,2907,907,3
11157,337,247,2
11158,7010,590,2
11159,6240,557,2
11160,4902,37,2
11161,1682,127,1
11162,4405,355,3
11163,9349,533,1
11164,4714,399,1
11165,6466,369,2
11166,5020,650,2
11167,338,636,4
11168,6731,888,4
11169,3234,318,1
11170,6804,385,1
11171,6125,761,3
11172,8077,461,2
11173,9421,41,3
11174,5879,345,3
11175,3147,427,2
11176,3638,198,1
11177,9840,642,2
11178,1210,715,2
11179,1220,736,1
11180,9099,128,1
11181,667,223,4
11182,7722,196,1
11183,551,970,4
11184,8184,802,1
11185,9362,708,4
11186,9044,794,4
11187,178,711,4
11188,6318,965,4
11189,8346,677,3
11190,3276,843,2
11191,1449,444,3
11192,533,612,2
11193,3689,921,1
11194,2948,503,2
11195,4808,621,1
11196,1771,866,3
11197,893,369,3
11198,3265,611,2
11199,4578,386,3
11200,7839,673,2
11201,8442,897,3
11202,4066,607,3
11203,3518,878,4
11204,2916,377,1
11205,1481,839,3
11206,3804,683,3
11207,8540,289,4
11208,2504,887,1
11209,578,210,2
11210,3681,37,2
11211,179,115,2
11212,6220,673,4
11213,992,866,1
11214,8048,235,3
11215,5297,707,3
11216,5956,363,1
11217,5663,98,1
11218,7643,869,4
11219,1503,309,2
11220,6328,811,4
11221,2271,303,3
11222,3713,422,4
11223,7823,781,1
11224,4214,645,1
11225,1423,17,1
11226,875,647,2
11227,6440,915,3
11228,1690,208,3
11229,9651,489,3
11230,8620,607,3
11231,6629,273,2
11232,6093,154,4
11233,5551,763,2
11234,1479,454,4
11235,9572,958,1
11236,110,372,2
11237,7239,180,3
11238,6719,353,4
11239,3670,916,2
11240,8138,203,3
11241,3138,869,3
11242,8957,567,1
11243,992,26,1
11244,402,173,3
11245,2900,23,1
11246,2172,461,4
11247,6153,811,1
11248,6376,985,4
11249,2177,383,3
11250,7715,558,4
11251,4848,306,1
11252,1592,133,3
11253,8213,294,2
11254,1532,496,2
11255,7968,260,2
11256,1275,727,3
11257,901,676,3
11258,7748,571,1
11259,3320,443,4
11260,1814,448,1
11261,6842,538,3
11262,9637,685,1
11263,2503,394,2
11264,8702,705,2
11265,7397,901,3
11266,1419,314,3
11267,5639,4,4
11268,3920,895,2
11269,3207,914,1
11270,9887,945,4
11271,761,228,2
11272,4489,862,2
11273,9707,560,3
11274,2554,509,1
11275,4787,630,4
11276,3791,285,3
11277,5011,967,4
11278,3434,826,3
11279,6275,268,4
11280,4219,583,4
11281,5542,582,1
11282,4087,101,1
11283,237,73,3
11284,2083,858,2
11285,1213,885,1
11286,5753,905,3
11287,8857,546,1
11288,2687,201,4
11289,9190,540,4
11290,6295,34,2
11291,3805,152,2
11292,6086,104,1
11293,4038,673,3
11294,2705,177,3
11295,4334,590,3
11296,5925,461,1
11297,3425,82,4
11298,6589,559,1
11299,917,839,1
11300,3516,851,2
11301,4558,482,1
11302,7880,193,1
11303,8375,102,3
11304,1291,285,2
11305,3651,450,3
11306,7180,973,3
11307,5626,697,3
11308,6130,885,1
11309,7236,778,2
11310,3175,6,1
11311,6660,347,3
11312,8320,467,4
11313,6044,460,1
11314,6088,755,1
11315,6893,401,3
11316,5502,652,1
11317,7186,149,4
11318,4106,158,1
11319,3551,445,1
11320,1864,492,1
11321,4981,961,4
11322,2624,902,2
11323,2057,622,3
11324,5418,206,1
11325,9245,416,3
11326,1333,394,3
11327,4762,900,1
11328,8966,678,1
11329,5463,275,1
11330,458,532,3
11331,3683,531,1
11332,9919,280,2
11333,312,800,4
11334,6519,710,1
11335,9687,39,4
11336,9684,555,4
11337,5393,757,1
11338,3706,104,1
11339,9110,906,4
11340,362,1000,4
11341,8509,759,1
11342,5464,459,3
11343,9578,953,1
11344,6919,868,4
11345,1104,434,3
11346,7104,484,1
11347,9426,539,4
11348,7052,505,3
11349,1938,750,4
11350,9019,183,1
11351,3299,989,3
11352,2392,671,3
11353,7670,627,3
11354,989,68,3
11355,4726,956,1
11356,6025,963,1
11357,6537,527,3
11358,1466,109,1
11359,1319,390,4
11360,8767,502,2
11361,4454,524,1
11362,9167,794,3
11363,1913,715,3
11364,6616,886,4
11365,7419,384,4
11366,1641,713,4
11367,9361,325,3
11368,398,144,2
11369,1538,801,2
11370,4706,988,2
11371,6308,574,2
11372,6269,602,3
11373,7568,98,2
11374,5787,476,1
11375,745,109,4
11376,8963,300,3
11377,1077,641,2
11378,2759,750,3
11379,1017,179,2
11380,8507,779,4
11381,8783,629,2
11382,725,208,1
11383,4842,749,4
11384,6431,971,1
11385,4505,3,4
11386,3015,756,4
11387,2363,927,2
11388,2468,358,3
11389,3327,453,4
11390,2755,122,1
11391,9264,563,3
11392,3266,186,4
11393,2121,450,2
11394,659,443,4
11395,7586,378,3
11396,9535,664,1
11397,5961,961,4
11398,3505,987,1
11399,3941,468,3
11400,3961,484,3
11401,6136,808,1
11402,8301,787,2
11403,66,736,4
11404,9187,841,2
11405,9236,267,1
11406,7244,946,1
11407,4560,966,4
11408,7998,153,3
11409,2223,457,1
11410,9574,960,1
11411,7030,930,2
11412,7406,711,1
11413,586,276,4
11414,2395,2,2
11415,8695,960,2
11416,3500,593,4
11417,9217,942,4
11418,45,786,4
11419,7801,40,1
11420,5178,684,2
11421,4918,703,2
11422,4383,291,2
11423,1430,46,2
11424,9397,223,2
11425,1551,23,2
11426,6619,484,3
11427,578,37,2
11428,5582,843,3
11429,2409,509,1
11430,9654,528,2
11431,1768,709,1
11432,8932,63,2
11433,4564,193,1
11434,7487,108,3
11435,8868,802,2
11436,687,955,3
11437,5033,354,1
11438,9001,136,4
11439,5868,703,4
11440,8495,378,1
11441,9748,983,4
11442,4590,519,3
11443,6821,672,4
11444,4232,560,2
11445,2798,195,2
11446,8803,409,3
11447,2705,837,3
11448,137,311,4
11449,4566,983,4
11450,1534,955,4
11451,4796,143,4
11452,5929,835,3
11453,876,991,4
11454,7135,813,1
11455,2460,277,3
11456,418,86,1
11457,7094,685,1
11458,1647,161,3
11459,1880,854,1
11460,1659,708,4
11461,865,468,4
11462,2927,758,1
11463,377,599,4
11464,2671,419,2
11465,1514,386,3
11466,7684,185,1
11467,2564,49,4
11468,3194,72,3
11469,1111,825,1
11470,9691,134,3
11471,4209,220,2
11472,9587,366,3
11473,70,681,3
11474,7137,880,4
11475,4676,152,4
11476,2022,725,4
11477,2833,786,3
11478,7503,930,2
11479,8063,692,2
11480,1119,538,4
11481,608,445,1
11482,5058,274,4
11483,2329,18,2
11484,7257,289,3
11485,5798,487,1
11486,9450,640,1
11487,7150,697,4
11488,3277,289,2
11489,1213,261,2
11490,1500,102,3
11491,406,475,1
11492,3785,989,4
11493,6233,842,3
11494,9790,136,1
11495,8104,59,2
11496,8481,832,2
11497,9236,299,2
11498,7575,118,2
11499,4342,147,3
11500,8020,59,4
11501,4872,682,2
11502,2101,851,2
11503,5154,712,4
11504,1594,432,3
11505,813,813,1
11506,4591,871,3
11507,2672,270,1
11508,4360,228,3
11509,5960,440,3
11510,6689,939,4
11511,3576,619,4
11512,1303,834,1
11513,1475,143,1
11514,6319,213,2
11515,5798,957,4
11516,5845,652,4
11517,4476,612,4
11518,5169,917,4
11519,7547,365,4
11520,4593,388,4
11521,8128,387,4
11522,7229,824,3
11523,9422,732,1
11524,3601,310,1
11525,6439,939,3
11526,199,218,2
11527,4944,798,2
11528,2645,114,4
11529,4192,761,3
11530,3271,719,2
11531,4649,739,3
11532,2183,123,3
11533,6539,98,1
11534,268,291,2
11535,5168,968,1
11536,865,343,1
11537,9185,197,4
11538,5993,78,3
11539,6559,596,1
11540,5287,610,1
11541,8798,929,2
11542,7886,423,3
11543,3351,635,4
11544,9448,770,1
11545,596,329,4
11546,8830,222,3
11547,1495,18,1
11548,8159,367,1
11549,9673,340,1
11550,3468,332,3
11551,6102,115,2
11552,7042,282,1
11553,2061,743,3
11554,2872,992,2
11555,715,682,3
11556,9597,330,1
11557,3133,811,1
11558,2375,812,1
11559,5897,345,3
11560,9416,629,3
11561,9348,794,2
11562,4391,72,4
11563,1823,444,4
11564,5539,331,2
11565,6211,830,1
11566,1935,559,1
11567,1789,662,4
11568,5,210,2
11569,8978,46,2
11570,2477,711,3
11571,3295,551,2
11572,6504,73,3
11573,4383,999,1
11574,7697,594,2
11575,1157,671,4
11576,5537,76,3
11577,8937,124,1
11578,1631,886,3
11579,6692,567,4
11580,2913,389,1
11581,1937,506,2
11582,7836,15,2
11583,2001,384,2
11584,8931,853,3
11585,5736,43,2
11586,5940,334,4
11587,7560,230,1
11588,3258,681,1
11589,2488,121,2
11590,1221,994,2
11591,5085,203,3
11592,6246,389,4
11593,2100,849,1
11594,3299,945,4
11595,2922,81,3
11596,3720,607,3
11597,4225,15,4
11598,37,79,3
11599,6867,746,1
11600,2149,10,3
11601,9064,282,3
11602,4224,957,4
11603,6100,226,2
11604,6975,930,1
11605,457,492,3
11606,8450,112,2
11607,3095,379,2
11608,3459,984,2
11609,7023,931,3
11610,1033,892,4
11611,5737,114,1
11612,53,460,3
11613,6333,377,2
11614,5507,982,3
11615,4275,523,2
11616,8295,437,4
11617,1446,145,2
11618,5577,786,4
11619,9991,3,3
11620,75,491,2
11621,687,720,1
11622,7885,887,2
11623,9268,257,3
11624,6331,815,2
11625,6337,437,4
11626,7242,199,1
11627,3502,775,4
11628,2925,707,4
11629,4048,210,4
11630,5473,316,4
11631,379,121,1
11632,2976,86,3
11633,3226,869,3
11634,9960,845,2
11635,3725,584,3
11636,2641,921,4
11637,2789,525,2
11638,8727,909,1
11639,5755,906,4
11640,6029,761,4
11641,226,301,1
11642,2878,569,4
11643,4614,313,4
11644,7616,937,1
11645,6302,288,1
11646,3370,246,3
11647,8185,536,2
11648,9649,814,2
11649,4394,886,3
11650,2142,238,3
11651,728,416,3
11652,3528,776,2
11653,9676,819,2
11654,6380,28,4
11655,2376,894,4
11656,3217,556,2
11657,3771,636,1
11658,9824,141,3
11659,7705,945,4
11660,4565,364,3
11661,5897,430,1
11662,3148,680,1
11663,8889,422,4
11664,5908,597,2
11665,7780,612,3
11666,8458,117,2
11667,9931,657,4
11668,4831,330,3
11669,8515,855,2
11670,7547,508,1
11671,9273,751,3
11672,9901,83,1
11673,9624,270,1
11674,3725,409,3
11675,5083,696,4
11676,7713,165,1
11677,1956,556,3
11678,5088,45,1
11679,4191,458,1
11680,9120,182,2
11681,1443,701,4
11682,1807,484,2
11683,5782,525,2
11684,8457,265,3
11685,2796,976,4
11686,1922,655,1
11687,4336,370,3
11688,1500,1000,2
11689,8892,888,3
11690,1899,166,1
11691,7822,925,3
11692,5052,831,4
11693,6132,981,4
11694,3755,401,3
11695,2034,873,2
11696,7689,25,3
11697,7516,44,2
11698,3160,885,4
11699,2018,672,2
11700,5944,24,4
11701,8349,190,1
11702,2250,8,2
11703,6032,527,1
11704,3937,997,4
11705,5424,85,4
11706,2983,720,3
11707,6133,154,3
11708,513,375,3
11709,8298,580,4
11710,2847,239,3
11711,9755,65,3
11712,5867,161,2
11713,9835,160,4
11714,7907,806,1
11715,2983,374,3
11716,5819,574,3
11717,5151,863,3
11718,2230,162,1
11719,5266,302,4
11720,2913,861,1
11721,3045,615,4
11722,7339,245,2
11723,5998,693,2
11724,7471,30,4
11725,3531,150,2
11726,839,4,1
11727,7217,88,3
11728,5834,897,4
11729,7048,194,2
11730,9756,906,3
11731,1957,403,4
11732,2069,73,3
11733,6933,651,4
11734,4423,816,4
11735,3362,509,3
11736,8051,53,2
11737,268,218,4
11738,6442,250,4
11739,884,131,4
11740,8379,466,1
11741,7478,342,3
11742,326,342,2
11743,1094,545,4
11744,5440,560,3
11745,2990,191,4
11746,6395,752,1
11747,7310,161,4
11748,4468,908,4
11749,950,11,2
11750,4819,93,1
11751,6123,887,2
11752,8654,462,1
11753,3861,382,1
11754,7812,89,3
11755,9270,456,3
11756,5550,16,1
11757,9894,489,1
11758,7000,274,3
11759,826,822,4
11760,1177,656,2
11761,5249,235,3
11762,6849,109,1
11763,5323,867,3
11764,5479,187,3
11765,494,811,2
11766,7197,574,2
11767,882,117,3
11768,9052,66,1
11769,3754,947,1
11770,8421,998,2
11771,9741,360,2
11772,1823,77,4
11773,5297,651,1
11774,5774,824,2
11775,2407,907,2
11776,4308,336,1
11777,9020,579,4
11778,478,704,4
11779,1229,926,2
11780,8000,879,4
11781,6278,828,4
11782,199,674,1
11783,6293,781,1
11784,7013,55,3
11785,982,729,4
11786,4748,29,3
11787,1565,91,2
11788,2917,565,3
11789,361,848,1
11790,4816,743,3
11791,667,466,1
11792,4480,207,2
11793,5264,231,1
11794,7447,195,2
11795,4765,444,1
11796,5750,924,3
11797,2561,159,3
11798,1315,69,2
11799,4269,81,3
11800,9048,844,1
11801,2267,425,2
11802,6303,379,2
11803,5374,969,2
11804,7729,246,2
11805,6718,807,3
11806,6683,28,4
11807,4398,333,4
11808,8368,645,3
11809,7194,53,2
11810,1321,635,3
11811,8056,582,4
11812,5414,579,1
11813,2957,989,2
11814,9739,766,3
11815,4207,839,3
11816,3567,6,4
11817,9061,317,3
11818,7448,879,3
11819,4104,611,1
11820,2763,829,2
11821,957,492,4
11822,1877,900,3
11823,6328,844,3
11824,519,670,2
11825,9113,433,1
11826,1230,79,2
11827,7284,419,1
11828,518,523,1
11829,8960,729,1
11830,3589,485,1
11831,1844,114,1
11832,4668,471,1
11833,8334,671,3
11834,4541,715,3
11835,4183,324,2
11836,2198,358,4
11837,7700,138,1
11838,1054,577,3
11839,1243,982,1
11840,125,582,3
11841,5936,744,2
11842,6587,363,2
11843,1161,417,3
11844,5845,91,3
11845,7105,177,1
11846,3,8,4
11847,6904,306,1
11848,5052,246,4
11849,7296,170,2
11850,2929,520,3
11851,5341,965,4
11852,9494,988,2
11853,1281,861,3
11854,9236,238,3
11855,4708,550,1
11856,736,739,4
11857,3291,147,4
11858,6819,883,1
11859,9681,692,1
11860,3881,459,4
11861,7395,253,1
11862,1596,10,2
11863,5227,707,2
11864,7449,676,3
11865,9512,225,2
11866,5410,962,3
11867,1873,712,3
11868,1115,641,3
11869,9415,281,1
11870,328,507,3
11871,7072,892,4
11872,2202,233,4
11873,8549,550,1
11874,1706,538,2
11875,1578,775,1
11876,7197,387,1
11877,5312,683,3
11878,5213,549,4
11879,739,258,2
11880,6039,229,4
11881,7676,417,4
11882,7840,733,2
11883,2146,861,3
11884,4444,602,4
11885,6261,31,4
11886,125,181,4
11887,3518,976,4
11888,2082,215,1
11889,5911,467,1
11890,2554,119,4
11891,7142,185,4
11892,6326,535,2
11893,7825,235,3
11894,2771,537,1
11895,4351,175,4
11896,8883,333,3
11897,4762,404,1
11898,6607,519,3
11899,8297,995,2
11900,2385,73,1
11901,3760,194,1
11902,4554,305,2
11903,1556,490,3
11904,3445,307,3
11905,6821,258,3
11906,232,291,3
11907,6795,173,3
11908,407,878,3
11909,4771,921,1
11910,6632,955,2
11911,1503,435,4
11912,4716,864,1
11913,7978,57,1
11914,1023,227,2
11915,7220,601,1
11916,4215,1000,4
11917,4355,817,2
11918,1914,136,1
11919,6975,823,4
11920,352,384,1
11921,8772,786,3
11922,6862,608,1
11923,2159,742,1
11924,8158,54,1
11925,7192,830,2
11926,4514,154,1
11927,7822,338,2
11928,293,985,4
11929,7569,150,2
11930,6214,855,4
11931,6415,954,4
11932,3698,286,3
11933,8554,714,4
11934,1017,92,3
11935,587,46,3
11936,9101,331,3
11937,9427,70,3
11938,6372,359,1
11939,7155,919,4
11940,9578,173,1
11941,2343,452,1
11942,9877,978,3
11943,2323,416,1
11944,7916,126,4
11945,7706,62,4
11946,8277,247,4
11947,2299,904,1
11948,1110,791,4
11949,4183,555,3
11950,4254,474,1
11951,4038,225,2
11952,5344,568,1
11953,9586,722,4
11954,3421,260,1
11955,3738,19,1
11956,4976,697,2
11957,6291,900,2
11958,6095,658,4
11959,9292,118,3
11960,4027,976,2
11961,126,352,1
11962,8832,512,4
11963,2709,941,3
11964,55,288,4
11965,6193,95,1
11966,1042,36,4
11967,1067,587,3
11968,8313,878,1
11969,6157,94,2
11970,2434,588,4
11971,5313,198,4
11972,6307,793,1
11973,4898,366,1
11974,1260,567,1
11975,9199,492,3
11976,933,984,2
11977,7601,309,2
11978,6305,662,1
11979,2897,348,1
11980,4668,171,4
11981,1598,988,1
11982,2138,320,1
11983,5372,835,2
11984,1094,160,1
11985,3935,810,2
11986,8951,466,2
11987,282,47,4
11988,638,816,2
11989,2617,837,4
11990,9865,802,3
11991,7555,233,4
11992,7564,377,4
11993,4863,659,1
11994,355,564,3
11995,6062,142,1
11996,7845,130,3
11997,9979,280,1
11998,3163,508,4
11999,4296,599,3
12000,1305,198,2
12001,383,958,3
12002,5233,370,2
12003,2215,843,3
12004,5305,298,3
12005,2053,174,3
12006,1165,266,1
12007,3852,771,4
12008,3321,152,3
12009,5166,541,4
12010,1779,241,2
12011,3110,950,2
12012,177,357,4
12013,1631,827,2
12014,1768,80,1
12015,4000,505,2
12016,3386,714,4
12017,7691,735,1
12018,8383,185,1
12019,3462,760,3
12020,2883,758,2
12021,1252,834,1
12022,1255,107,1
12023,9379,563,2
12024,801,520,4
12025,9581,584,2
12026,3588,212,1
12027,9849,669,1
12028,3085,529,1
12029,9952,576,4
12030,345,166,1
12031,8359,157,4
12032,8298,652,1
12033,8940,123,3
12034,3871,209,3
12035,8509,432,2
12036,8886,255,3
12037,8282,736,1
12038,5937,556,4
12039,7963,675,4
12040,8197,38,4
12041,6683,570,4
12042,9321,53,2
12043,4579,291,4
12044,4281,280,2
12045,3271,672,3
12046,9419,543,4
12047,4454,527,3
12048,463,708,2
12049,7730,30,2
12050,9451,42,4
12051,6106,262,2
12052,2506,949,3
12053,9084,597,1
12054,1486,309,4
12055,6339,554,2
12056,6581,195,1
12057,5503,918,4
12058,5851,783,4
12059,6826,694,1
12060,4476,56,2
12061,4443,552,3
12062,5577,987,3
12063,5315,248,4
12064,7450,581,2
12065,2824,929,4
12066,3114,224,3
12067,5646,699,4
12068,954,519,1
12069,1175,944,4
12070,5888,853,4
12071,6685,825,1
12072,4774,314,4
12073,6374,383,3
12074,9590,61,3
12075,7711,126,1
12076,7920,45,4
12077,1907,99,3
12078,233,962,2
12079,2733,675,2
12080,5561,916,4
12081,189,387,3
12082,8537,343,3
12083,2845,183,3
12084,376,610,3
12085,4731,220,4
12086,305,822,3
12087,8751,527,3
12088,8747,674,4
12089,1087,546,1
12090,8123,292,3
12091,7203,766,3
12092,7229,413,2
12093,7083,668,2
12094,7105,613,1
12095,595,934,4
12096,3835,664,1
12097,3617,435,3
12098,575,477,4
12099,4506,434,4
12100,4109,221,2
12101,4874,956,1
12102,9284,724,4
12103,880,329,3
12104,5526,809,1
12105,1806,712,2
12106,3385,200,3
12107,3725,765,1
12108,7700,743,2
12109,7977,717,3
12110,6921,713,2
12111,1583,514,3
12112,3841,763,3
12113,332,782,2
12114,6410,916,1
12115,797,126,3
12116,8532,865,3
12117,2494,391,2
12118,2773,214,1
12119,754,456,3
12120,7696,486,3
12121,6862,145,1
12122,6092,860,3
12123,2203,19,1
12124,1480,531,4
12125,6432,896,2
12126,7699,169,4
12127,3717,761,3
12128,758,82,1
12129,4634,579,4
12130,7207,741,3
12131,1771,563,1
12132,8243,706,2
12133,7589,82,3
12134,1692,794,2
12135,1803,605,3
12136,8614,174,2
12137,7650,425,2
12138,4426,215,3
12139,7081,239,3
12140,7319,752,1
12141,8717,818,4
12142,8805,778,2
12143,5200,287,4
12144,3783,858,4
12145,4679,341,4
12146,1820,319,4
12147,3032,460,3
12148,7460,610,2
12149,2031,897,1
12150,7245,76,2
12151,4060,195,4
12152,7262,526,1
12153,2376,742,1
12154,5433,364,3
12155,2617,851,2
12156,7192,252,4
12157,7407,680,1
12158,4442,695,1
12159,4104,853,3
12160,8856,547,4
12161,1373,222,4
12162,4424,200,2
12163,3991,377,1
12164,6529,249,2
12165,8287,469,4
12166,5254,776,3
12167,4261,737,3
12168,615,864,1
12169,4633,154,1
12170,62,1000,4
12171,9678,713,3
12172,7523,418,1
12173,1132,696,4
12174,6845,936,4
12175,7246,587,2
12176,9527,580,2
12177,8085,946,2
12178,6368,654,1
12179,8093,596,1
12180,9290,499,2
12181,269,512,2
12182,3987,533,1
12183,216,111,2
12184,6617,901,2
12185,4596,6,2
12186,1340,625,3
12187,2456,733,4
12188,4273,794,4
12189,7894,293,3
12190,5267,422,2
12191,2918,149,3
12192,369,375,3
12193,6258,478,3
12194,8206,894,1
12195,6134,592,3
12196,4294,491,3
12197,2966,8,1
12198,2091,546,2
12199,3678,312,2
12200,7419,887,1
12201,4853,886,2
12202,4658,198,1
12203,2012,252,4
12204,2919,676,3
12205,9954,161,3
12206,522,802,4
12207,9944,789,4
12208,5186,504,2
12209,8666,704,3
12210,3829,643,4
12211,5159,862,1
12212,2881,958,2
12213,196,497,2
12214,1407,845,3
12215,9345,696,1
12216,5407,394,1
12217,2906,937,2
12218,2460,276,4
12219,582,237,2
12220,1378,243,2
12221,7602,548,1
12222,976,398,3
12223,169,631,4
12224,4551,152,2
12225,9182,978,3
12226,5352,376,1
12227,7190,643,2
12228,2872,799,1
12229,622,706,2
12230,2097,821,3
12231,4381,698,1
12232,3604,41,4
12233,1656,1,3
12234,5207,673,4
12235,897,287,1
12236,9483,193,4
12237,4173,2,4
12238,4492,101,3
12239,1788,992,1
12240,8344,140,2
12241,2788,295,1
12242,3676,687,2
12243,9456,382,1
12244,1277,27,2
12245,4010,184,2
12246,2590,739,1
12247,3561,583,2
12248,8852,323,1
12249,4639,192,4
12250,3825,325,1
12251,2820,141,1
12252,4404,801,1
12253,6432,869,1
12254,859,707,1
12255,9826,843,3
12256,3665,699,2
12257,1505,1,3
12258,7855,515,3
12259,2935,833,1
12260,4806,955,2
12261,5304,861,1
12262,4992,705,1
12263,9356,480,1
12264,7955,417,2
12265,354,681,1
12266,9742,835,1
12267,1770,357,3
12268,3425,750,1
12269,7128,708,4
12270,850,81,3
12271,1798,967,1
12272,4943,691,2
12273,449,417,3
12274,5701,390,2
12275,487,645,1
12276,8964,193,2
12277,8107,196,4
12278,6031,149,2
12279,9993,467,2
12280,6116,654,2
12281,842,762,3
12282,6206,360,4
12283,7608,634,1
12284,6974,456,1
12285,2333,476,3
12286,4441,723,1
12287,1588,234,1
12288,5705,591,4
12289,2140,329,2
12290,4065,665,2
12291,5071,791,4
12292,713,470,2
12293,268,406,4
12294,8980,522,4
12295,9030,861,4
12296,1898,589,2
12297,996,729,2
12298,2310,557,3
12299,4734,47,3
12300,230,145,4
12301,1513,439,4
12302,8518,673,3
12303,5238,703,1
12304,1643,327,4
12305,2130,170,3
12306,8859,269,1
12307,293,418,1
12308,4759,341,2
12309,7191,563,1
12310,4640,922,4
12311,584,350,4
12312,4934,628,4
12313,1575,864,4
12314,2386,596,1
12315,2790,410,1
12316,5139,844,2
12317,3651,278,3
12318,3692,197,3
12319,3415,22,2
12320,6841,616,4
12321,8276,523,2
12322,3431,121,1
12323,2889,932,1
12324,8248,350,2
12325,710,659,3
12326,6556,265,3
12327,8579,10,2
12328,4231,262,1
12329,5582,551,3
12330,7162,366,3
12331,1294,598,4
12332,4212,716,2
12333,9924,790,3
12334,570,258,3
12335,4929,888,2
12336,287,608,3
12337,4588,328,3
12338,4430,964,1
12339,2992,773,2
12340,1186,855,1
12341,7418,911,3
12342,9563,301,3
12343,2153,189,2
12344,2305,640,3
12345,8208,912,4
12346,4849,160,4
12347,9825,846,4
12348,3598,4,3
12349,5256,844,3
12350,381,582,3
12351,7234,545,4
12352,4671,69,4
12353,3232,560,2
12354,8295,687,1
12355,220,739,3
12356,9236,778,2
12357,5698,105,2
12358,1716,124,3
12359,6245,164,2
12360,1726,985,1
12361,7112,915,4
12362,6049,849,3
12363,6393,229,4
12364,3647,1,1
12365,4840,841,2
12366,3318,328,1
12367,1292,357,4
12368,4839,14,4
12369,5983,858,3
12370,6609,581,3
12371,1504,271,4
12372,7259,216,3
12373,2385,707,2
12374,6277,832,2
12375,6039,773,4
12376,7492,269,1
12377,6440,126,4
12378,5964,427,4
12379,5169,924,4
12380,6587,318,1
12381,6512,218,2
12382,6273,367,3
12383,8336,402,1
12384,7334,119,1
12385,913,433,4
12386,7530,585,4
12387,9817,231,2
12388,4599,913,4
12389,2529,233,3
12390,4643,206,4
12391,9841,940,2
12392,8246,931,3
12393,1369,353,4
12394,3042,731,2
12395,8137,613,3
12396,7275,459,3
12397,1134,512,2
12398,3660,717,2
12399,6795,758,1
12400,1897,55,4
12401,8811,966,4
12402,7830,393,1
12403,6025,220,3
12404,5486,38,2
12405,5378,954,1
12406,7016,689,3
12407,5069,626,1
12408,6436,112,3
12409,6260,309,4
12410,6167,7,3
12411,7403,924,4
12412,5012,440,1
12413,3338,873,4
12414,3322,678,2
12415,4639,134,4
12416,6632,183,2
12417,8181,101,2
12418,1429,468,2
12419,6720,397,3
12420,7132,429,4
12421,3796,622,1
12422,6191,935,1
12423,8005,925,2
12424,8157,697,4
12425,2673,950,2
12426,6776,383,4
12427,6753,77,3
12428,7530,716,4
12429,6738,362,4
12430,1937,427,3
12431,460,920,2
12432,2586,405,1
12433,2084,838,2
12434,4185,882,3
12435,5560,745,4
12436,2856,274,3
12437,9743,90,4
12438,7054,278,2
12439,6926,99,3
12440,8607,652,1
12441,423,593,3
12442,7837,526,1
12443,9207,251,2
12444,8510,654,1
12445,8047,13,2
12446,3916,767,1
12447,5747,404,4
12448,7919,10,3
12449,3167,845,2
12450,660,546,3
12451,1420,614,2
12452,8898,694,4
12453,943,407,4
12454,2995,315,3
12455,6828,760,1
12456,1041,44,2
12457,221,967,4
12458,5874,541,4
12459,3489,569,1
12460,4237,57,3
12461,4390,101,4
12462,1219,406,4
12463,1601,207,1
12464,6511,206,3
12465,4655,539,3
12466,3176,588,4
12467,1445,645,1
12468,4764,804,1
12469,8438,576,1
12470,5153,866,4
12471,4294,891,4
12472,5902,543,3
12473,877,174,3
12474,9665,250,4
12475,1092,847,2
12476,8823,615,2
12477,7512,582,2
12478,5544,686,3
12479,4312,703,3
12480,5516,807,1
12481,5603,881,4
12482,3314,668,1
12483,2045,606,3
12484,2167,406,1
12485,4543,717,3
12486,7295,656,2
12487,4835,377,4
12488,6957,234,4
12489,3511,49,3
12490,1811,142,1
12491,6738,201,4
12492,9591,446,2
12493,1463,997,4
12494,3971,202,2
12495,9174,855,3
12496,6488,565,2
12497,6464,585,3
12498,7331,41,1
12499,1876,338,1
12500,3972,277,2
12501,1958,870,4
12502,2516,625,2
12503,3296,745,3
12504,6638,189,1
12505,3910,269,2
12506,3921,379,4
12507,1449,793,2
12508,272,911,3
12509,7986,318,2
12510,1129,225,4
12511,43,390,2
12512,8696,627,4
12513,2181,807,4
12514,545,146,3
12515,6063,412,3
12516,5364,902,2
12517,1953,692,1
12518,7708,408,1
12519,7826,31,1
12520,9457,395,1
12521,8998,588,4
12522,7617,314,3
12523,3733,660,3
12524,9603,787,2
12525,4551,373,4
12526,1164,417,1
12527,5943,900,4
12528,3387,252,4
12529,310,418,1
12530,284,769,1
12531,3975,702,2
12532,3491,72,2
12533,3112,23,2
12534,6539,509,2
12535,7001,516,3
12536,7229,235,1
12537,8889,89,4
12538,9743,44,2
12539,5614,30,2
12540,4454,993,2
12541,719,410,2
12542,8317,737,3
12543,8639,764,1
12544,4499,140,3
12545,9085,339,1
12546,1258,676,4
12547,8609,737,2
12548,9581,164,1
12549,1069,899,3
12550,4037,649,4
12551,8120,564,3
12552,8653,463,2
12553,3180,997,3
12554,6336,388,4
12555,7021,955,4
12556,8700,132,2
12557,893,27,4
12558,3421,484,1
12559,3934,923,4
12560,8096,298,4
12561,4404,238,3
12562,277,538,2
12563,6096,689,4
12564,502,290,3
12565,5523,800,3
12566,4157,168,2
12567,6017,649,4
12568,4162,177,1
12569,770,596,3
12570,3825,878,1
12571,5708,795,3
12572,7459,863,3
12573,8371,605,2
12574,109,899,1
12575,8537,779,4
12576,812,933,1
12577,7680,377,2
12578,9397,235,3
12579,6158,463,4
12580,147,980,1
12581,4131,186,4
12582,653,605,2
12583,9868,422,3
12584,4779,755,3
12585,3229,699,2
12586,8420,661,1
12587,6016,223,4
12588,3790,258,4
12589,1304,959,4
12590,8117,515,1
12591,4222,800,4
12592,9079,64,3
12593,5080,257,3
12594,2149,600,2
12595,6073,528,2
12596,4294,595,1
12597,4703,560,1
12598,9150,459,3
12599,5347,586,2
12600,1585,667,2
12601,1602,794,1
12602,5679,534,4
12603,6371,785,4
12604,9854,747,3
12605,6225,68,3
12606,1357,394,3
12607,8162,65,3
12608,1700,678,4
12609,9039,692,4
12610,5116,989,1
12611,491,335,4
12612,6740,199,2
12613,6744,927,2
12614,4532,434,2
12615,523,185,3
12616,8076,556,4
12617,5522,868,2
12618,5493,493,4
12619,6867,401,4
12620,3498,437,1
12621,3587,944,2
12622,1581,114,2
12623,4543,330,4
12624,1345,367,3
12625,7906,626,3
12626,4350,706,1
12627,8927,695,3
12628,1087,613,4
12629,8401,209,2
12630,7879,760,4
12631,2313,809,1
12632,8373,148,2
12633,7946,113,1
12634,6123,607,4
12635,185,998,2
12636,3234,232,1
12637,4530,457,2
12638,2496,947,4
12639,3006,132,3
12640,3115,716,4
12641,5172,984,1
12642,1682,437,2
12643,5636,588,4
12644,7311,964,1
12645,8250,378,1
12646,1950,275,4
12647,7235,477,1
12648,6289,208,1
12649,5176,631,2
12650,8579,52,4
12651,2332,667,4
12652,8380,770,4
12653,1824,96,1
12654,9274,169,2
12655,4596,792,3
12656,601,858,2
12657,7106,657,1
12658,8403,909,2
12659,5454,678,4
12660,4622,650,2
12661,6140,662,3
12662,996,872,3
12663,8989,298,2
12664,24,307,3
12665,4114,946,2
12666,8253,508,4
12667,7662,686,3
12668,7103,463,3
12669,3728,769,4
12670,6702,574,1
12671,5110,993,3
12672,3483,774,2
12673,5025,836,1
12674,3276,761,2
12675,8003,209,2
12676,2838,987,4
12677,4965,860,1
12678,8528,99,3
12679,5082,294,1
12680,2390,25,3
12681,2302,816,4
12682,3828,366,1
12683,9367,978,2
12684,1525,324,4
12685,8305,439,3
12686,4524,729,2
12687,9235,968,4
12688,1300,826,2
12689,207,809,3
12690,2429,692,4
12691,449,37,1
12692,9419,49,4
12693,2586,293,4
12694,6105,156,1
12695,2066,893,2
12696,5780,416,2
12697,4136,298,2
12698,7555,425,2
12699,9987,976,2
12700,624,435,4
12701,5740,267,3
12702,6793,903,4
12703,8117,56,2
12704,7216,995,1
12705,7207,49,1
12706,837,580,3
12707,5982,496,3
12708,3828,931,2
12709,5615,794,4
12710,9104,262,2
12711,7520,96,1
12712,7792,663,1
12713,9115,359,4
12714,1752,705,1
12715,7741,863,1
12716,8213,574,4
12717,5391,939,1
12718,5889,564,1
12719,8659,646,4
12720,2278,242,2
12721,7644,531,3
12722,935,516,4
12723,1109,589,3
12724,7813,81,3
12725,6592,849,2
12726,1740,10,1
12727,305,265,4
12728,1147,808,3
12729,731,445,3
12730,7100,529,3
12731,9695,40,1
12732,3174,923,4
12733,68,911,4
12734,1037,949,3
12735,6931,868,2
12736,9652,85,1
12737,2323,810,4
12738,4808,178,2
12739,7715,816,2
12740,7310,665,4
12741,2259,923,2
12742,1814,742,3
12743,7729,5,1
12744,2386,404,1
12745,6066,905,4
12746,2571,640,2
12747,6602,398,2
12748,3831,398,2
12749,856,97,2
12750,4737,145,1
12751,4121,733,4
12752,7163,235,1
12753,2413,722,4
12754,2147,515,1
12755,1329,565,1
12756,3312,123,4
12757,8532,557,3
12758,3148,374,1
12759,3144,758,3
12760,8267,192,4
12761,4090,510,3
12762,7318,538,2
12763,4867,340,1
12764,9959,534,4
12765,8746,116,2
12766,3496,582,1
12767,8055,153,2
12768,2132,567,2
12769,3688,634,2
12770,7495,328,3
12771,1519,796,2
12772,8682,484,1
12773,6103,945,3
12774,4680,826,3
12775,441,817,3
12776,4872,498,3
12777,5766,197,2
12778,4833,116,2
12779,6898,855,1
12780,7813,36,2
12781,4905,598,1
12782,4546,691,1
12783,207,707,4
12784,1607,484,4
12785,8425,579,4
12786,8123,769,3
12787,3338,705,4
12788,169,1,3
12789,5135,769,3
12790,5601,511,3
12791,2289,509,3
12792,3773,478,2
12793,7451,213,2
12794,6497,870,3
12795,3296,462,2
12796,4190,320,3
12797,9330,973,4
12798,1973,168,2
12799,6188,930,3
12800,1198,298,2
12801,6822,612,2
12802,763,62,1
12803,2356,355,3
12804,3863,885,3
12805,838,138,4
12806,277,521,3
12807,3868,520,4
12808,362,962,4
12809,4260,36,1
12810,3364,883,4
12811,4416,568,4
12812,8189,571,2
12813,7020,857,2
12814,8033,390,2
12815,4308,408,1
12816,103,339,2
12817,1830,559,1
12818,4826,684,3
12819,7937,624,3
12820,421,336,1
12821,5376,804,1
12822,5464,600,3
12823,9914,14,4
12824,995,249,3
12825,6879,649,2
12826,7558,11,4
12827,1236,19,3
12828,649,60,1
12829,7954,826,1
12830,5953,251,4
12831,2446,570,1
12832,7557,495,3
12833,100,572,3
12834,7757,592,4
12835,5956,673,2
12836,1228,803,1
12837,5940,756,3
12838,5282,968,1
12839,6899,307,2
12840,3998,707,2
12841,8513,548,2
12842,6321,865,4
12843,26,42,4
12844,4132,869,1
12845,9047,562,4
12846,9035,804,2
12847,9048,704,4
12848,5777,502,1
12849,9628,691,4
12850,3066,650,2
12851,852,704,4
12852,5587,711,3
12853,7756,849,4
12854,1543,389,3
12855,9081,259,1
12856,3221,856,1
12857,607,750,2
12858,2638,169,1
12859,6682,300,4
12860,2915,23,4
12861,7016,500,2
12862,8213,247,4
12863,1391,607,3
12864,1350,741,1
12865,2975,878,2
12866,9777,413,2
12867,8372,704,1
12868,2895,447,3
12869,9770,894,2
12870,9162,56,2
12871,1222,355,1
12872,2641,174,4
12873,5168,658,1
12874,7237,474,2
12875,9529,981,2
12876,5652,480,2
12877,6951,240,4
12878,8704,110,2
12879,3646,18,3
12880,3608,153,3
12881,2268,436,1
12882,668,71,1
12883,8839,655,1
12884,3034,940,2
12885,272,492,2
12886,8601,539,1
12887,1253,645,2
12888,2728,90,2
12889,4324,641,2
12890,6805,359,2
12891,1559,62,1
12892,520,454,3
12893,5450,183,1
12894,5702,721,1
12895,565,604,1
12896,1096,623,4
12897,1913,330,1
12898,8367,823,3
12899,2022,86,1
12900,5290,24,3
12901,1758,170,2
12902,5630,62,1
12903,1861,1000,2
12904,8253,467,3
12905,983,534,2
12906,6477,479,1
12907,3197,580,1
12908,9651,497,2
12909,9138,9,4
12910,9657,97,3
12911,9915,978,2
12912,8075,934,1
12913,9836,96,1
12914,4520,379,1
12915,4965,126,3
12916,6250,722,1
12917,8108,326,4
12918,1053,44,3
12919,9102,233,3
12920,8839,741,2
12921,5560,954,1
12922,2609,479,3
12923,3733,984,4
12924,3029,309,4
12925,917,363,2
12926,3762,700,2
12927,5045,488,3
12928,222,825,1
12929,7931,564,2
12930,5834,749,4
12931,3137,941,4
12932,4426,864,1
12933,6048,541,3
12934,8291,566,1
12935,1645,559,3
12936,5739,462,4
12937,1391,483,1
12938,7251,864,4
12939,5913,484,4
12940,7101,932,2
12941,7568,74,1
12942,6389,106,1
12943,4671,177,1
12944,4095,22,4
12945,3388,944,3
12946,3835,576,4
12947,8667,148,1
12948,5274,638,4
12949,8788,22,1
12950,7651,954,4
12951,1908,942,4
12952,9912,1,1
12953,8532,326,2
12954,4270,732,4
12955,5362,323,1
12956,7189,305,1
12957,4236,307,3
12958,3883,782,3
12959,4600,421,2
12960,6552,409,2
12961,6785,790,2
12962,9780,916,3
12963,1570,600,1
12964,3740,548,2
12965,3091,287,3
12966,1302,327,3
12967,2954,588,2
12968,7572,473,4
12969,7437,92,2
12970,6055,547,4
12971,1924,940,4
12972,383,60,1
12973,3360,107,1
12974,3974,842,4
12975,8218,456,1
12976,8864,483,4
12977,8594,657,2
12978,9366,875,2
12979,958,589,1
12980,7385,975,4
12981,2307,839,3
12982,9081,306,1
12983,849,621,1
12984,6794,967,2
12985,5426,27,3
12986,6690,722,4
12987,6469,4,3
12988,31,427,1
12989,2992,835,3
12990,6057,752,2
12991,8283,534,4
12992,3238,472,3
12993,419,453,1
12994,4311,905,1
12995,9528,28,2
12996,4395,842,1
12997,6723,992,1
12998,8124,459,2
12999,3127,968,4
13000,9341,649,4
13001,3754,33,1
13002,5385,923,2
13003,3190,779,1
13004,1899,692,2
13005,5402,128,4
13006,4624,459,1
13007,4234,541,3
13008,5202,47,2
13009,3345,85,2
13010,7370,994,3
13011,4436,859,4
13012,1971,876,3
13013,6199,367,1
13014,3576,841,4
13015,1624,332,1
13016,175,496,3
13017,9089,528,2
13018,8367,153,4
13019,8814,149,1
13020,1342,147,1
13021,2367,735,1
13022,5222,827,2
13023,6628,959,2
13024,787,496,4
13025,7731,587,3
13026,8068,321,4
13027,1704,748,4
13028,9827,805,4
13029,2306,377,1
13030,445,447,4
13031,4010,434,3
13032,8433,460,3
13033,9658,714,2
13034,3450,123,3
13035,1776,113,1
13036,9139,81,4
13037,8398,203,1
13038,3738,338,4
13039,1163,929,1
13040,9684,706,2
13041,6715,436,1
13042,7930,420,3
13043,8309,520,1
13044,8616,802,2
13045,7625,855,4
13046,353,432,1
13047,7384,80,2
13048,5823,350,1
13049,7386,353,3
13050,9400,201,1
13051,7843,980,2
13052,6866,273,1
13053,8961,980,2
13054,4420,954,3
13055,5028,213,3
13056,1007,188,3
13057,5125,608,1
13058,926,524,4
13059,7415,111,4
13060,5142,850,4
13061,6192,746,2
13062,5136,502,1
13063,3190,849,1
13064,8831,435,2
13065,2647,63,1
13066,7663,985,2
13067,9070,752,4
13068,5390,910,3
13069,3823,456,1
13070,1730,126,2
13071,6450,832,2
13072,8603,624,4
13073,2235,137,3
13074,9374,943,4
13075,6677,93,2
13076,5084,836,4
13077,7771,660,4
13078,715,99,2
13079,1669,23,4
13080,2157,268,3
13081,3233,82,1
13082,5146,773,4
13083,1741,559,2
13084,6399,344,2
13085,2955,888,4
13086,1916,709,1
13087,6594,543,3
13088,6705,434,4
13089,5855,880,4
13090,6000,555,3
13091,533,291,2
13092,9491,86,1
13093,3523,846,4
13094,4375,598,4
13095,3172,435,3
13096,5950,425,4
13097,1208,164,1
13098,2651,307,4
13099,7088,656,3
13100,1226,330,3
13101,7770,849,2
13102,1986,695,2
13103,1071,713,1
13104,4056,597,4
13105,8610,940,2
13106,9682,893,1
13107,2766,807,2
13108,9450,463,4
13109,7959,743,2
13110,2928,793,1
13111,8116,830,1
13112,1258,221,3
13113,455,834,2
13114,3096,417,4
13115,8510,770,3
13116,9967,295,2
13117,8104,574,2
13118,6986,488,4
13119,4574,304,4
13120,3073,174,3
13121,5436,463,1
13122,9377,930,3
13123,5990,278,4
13124,8849,260,4
13125,2578,468,4
13126,696,267,1
13127,2852,922,1
13128,7835,512,1
13129,7964,93,4
13130,9600,605,3
13131,4452,318,2
13132,9192,193,4
13133,3493,963,2
13134,4458,505,1
13135,182,318,2
13136,9584,698,3
13137,5280,963,3
13138,7691,973,1
13139,2708,51,1
13140,7226,238,1
13141,6273,569,1
13142,8795,45,4
13143,9186,186,3
13144,2311,252,4
13145,7174,402,4
13146,5242,203,2
13147,9304,581,2
13148,9463,104,4
13149,5580,622,1
13150,5941,515,3
13151,1919,598,3
13152,8401,188,3
13153,6840,846,3
13154,1889,69,1
13155,3807,743,3
13156,6576,463,1
13157,295,433,1
13158,6923,617,2
13159,8846,813,3
13160,8035,245,1
13161,481,779,4
13162,4020,511,1
13163,7197,173,1
13164,9209,382,1
13165,9192,131,2
13166,6444,67,4
13167,4066,315,1
13168,5631,289,4
13169,4681,627,3
13170,333,774,1
13171,7800,356,2
13172,5069,63,1
13173,1183,466,3
13174,5934,26,3
13175,9701,682,2
13176,5335,461,1
13177,4728,96,2
13178,7730,965,4
13179,392,78,3
13180,3928,199,4
13181,9790,949,2
13182,8829,245,2
13183,9736,128,2
13184,3946,515,1
13185,1317,672,4
13186,4555,913,1
13187,907,802,4
13188,4130,229,2
13189,6336,169,3
13190,3473,172,2
13191,7969,394,1
13192,3490,328,4
13193,7765,990,2
13194,9713,286,3
13195,2385,293,4
13196,2822,879,2
13197,2577,925,4
13198,4695,955,4
13199,2446,514,2
13200,4014,225,3
13201,3868,163,4
13202,721,792,2
13203,2953,140,2
13204,7300,339,4
13205,1644,511,3
13206,8646,220,3
13207,4459,688,1
13208,7478,225,1
13209,8311,822,1
13210,8447,770,1
13211,9410,727,2
13212,4735,750,2
13213,4588,113,2
13214,9824,448,2
13215,5837,831,4
13216,6071,165,2
13217,8401,713,2
13218,2441,32,2
13219,9645,502,3
13220,8966,37,1
13221,9931,181,2
13222,6677,454,4
13223,8743,377,1
13224,4516,962,3
13225,5630,277,3
13226,4655,280,3
13227,2309,804,4
13228,3646,501,2
13229,7019,576,2
13230,2681,812,2
13231,3346,999,3
13232,8733,219,2
13233,7950,690,3
13234,6094,707,4
13235,3587,505,3
13236,1514,238,2
13237,1251,110,4
13238,5406,221,1
13239,2378,881,4
13240,4134,355,4
13241,6197,456,3
13242,7262,36,3
13243,7827,110,4
13244,1534,371,1
13245,8846,229,2
13246,3712,238,3
13247,6480,171,3
13248,5518,18,1
13249,3373,344,3
13250,1856,780,1
13251,3978,747,3
13252,1363,80,2
13253,7228,198,2
13254,388,958,2
13255,2168,33,1
13256,7457,234,2
13257,2066,646,4
13258,645,985,4
13259,8831,404,4
13260,6901,236,1
13261,7875,17,4
13262,4651,557,4
13263,3742,945,4
13264,5125,978,4
13265,9187,970,1
13266,9440,174,3
13267,9407,801,1
13268,1416,994,1
13269,2109,634,3
13270,9534,666,2
13271,8619,882,2
13272,5241,15,2
13273,2399,957,4
13274,6048,195,2
13275,6367,622,3
13276,8203,763,4
13277,3132,894,2
13278,905,714,1
13279,3974,744,1
13280,6494,857,3
13281,3231,207,2
13282,3886,615,4
13283,9980,73,1
13284,9144,387,4
13285,5065,906,1
13286,1211,348,1
13287,6314,301,3
13288,6765,817,3
13289,9914,896,2
13290,3144,637,4
13291,6142,950,4
13292,9199,155,4
13293,9580,20,1
13294,8636,16,1
13295,4618,467,1
13296,3263,192,2
13297,6820,42,1
13298,8655,517,3
13299,3110,935,1
13300,3297,711,3
13301,7529,252,1
13302,352,991,3
13303,3485,576,2
13304,1653,781,2
13305,134,319,3
13306,2643,515,2
13307,3903,756,4
13308,2041,442,1
13309,1400,22,4
13310,2430,765,2
13311,8711,176,1
13312,2072,867,1
13313,643,100,3
13314,1632,6,4
13315,772,872,4
13316,8434,310,4
13317,429,289,2
13318,551,596,4
13319,7502,854,4
13320,6992,687,2
13321,1681,996,1
13322,827,618,3
13323,5474,206,1
13324,9779,745,3
13325,2288,138,2
13326,6286,335,2
13327,2695,485,1
13328,4236,911,4
13329,2927,660,3
13330,213,494,4
13331,2498,201,2
13332,2088,1000,4
13333,6103,41,3
13334,5057,838,3
13335,8432,228,1
13336,8120,957,3
13337,9521,899,2
13338,6803,10,1
13339,6525,84,4
13340,8397,486,4
13341,3662,754,1
13342,7945,205,4
13343,2665,156,3
13344,7882,382,3
13345,8695,247,4
13346,3417,615,1
13347,7274,845,1
13348,1676,843,2
13349,8411,630,1
13350,97,148,3
13351,7237,569,2
13352,2840,689,2
13353,3803,694,3
13354,8680,440,2
13355,3512,281,2
13356,2151,234,3
13357,2149,148,4
13358,4950,78,1
13359,1993,265,3
13360,2313,197,1
13361,5952,391,4
13362,5530,774,4
13363,7406,432,1
13364,6617,111,2
13365,5852,128,4
13366,4229,244,3
13367,2826,128,1
13368,8872,319,2
13369,8791,853,2
13370,9292,28,2
13371,1643,446,4
13372,4281,400,4
13373,8472,11,2
13374,6430,681,4
13375,4784,761,3
13376,1818,645,1
13377,7298,847,4
13378,6997,118,2
13379,4593,504,4
13380,9039,334,4
13381,6194,436,3
13382,7010,578,2
13383,7095,377,1
13384,2998,564,2
13385,7752,862,4
13386,4873,421,3
13387,8926,188,3
13388,4767,823,3
13389,7665,389,2
13390,4825,302,4
13391,9151,176,1
13392,784,112,2
13393,8035,679,4
13394,8384,254,3
13395,2609,994,1
13396,3843,497,2
13397,4325,178,1
13398,4715,430,3
13399,3725,978,3
13400,2595,69,4
13401,1013,346,4
13402,2204,388,4
13403,7448,587,2
13404,716,827,1
13405,2377,739,1
13406,3151,40,3
13407,3128,206,1
13408,7960,475,1
13409,458,653,1
13410,2133,934,1
13411,5905,903,2
13412,2958,253,3
13413,1022,877,3
13414,6071,347,1
13415,7034,854,2
13416,7955,126,1
13417,833,394,2
13418,1161,611,3
13419,4668,283,1
13420,7077,399,4
13421,6249,278,4
13422,2297,652,1
13423,6912,331,1
13424,6538,357,1
13425,2169,411,3
13426,4098,937,4
13427,3227,495,1
13428,4466,169,1
13429,4971,123,3
13430,2367,242,4
13431,7185,965,4
13432,975,786,1
13433,103,582,3
13434,4442,935,3
13435,918,417,2
13436,5579,641,4
13437,6529,246,2
13438,8438,884,1
13439,3051,199,3
13440,4868,969,2
13441,3509,441,1
13442,6436,159,1
13443,3385,506,4
13444,920,133,1
13445,8161,33,4
13446,4039,482,2
13447,6482,430,1
13448,3964,93,4
13449,9977,659,4
13450,7134,17,4
13451,9933,15,3
13452,6300,660,4
13453,358,46,3
13454,5493,606,2
13455,1062,598,3
13456,9400,193,3
13457,4396,628,1
13458,6370,88,3
13459,716,192,4
13460,9987,716,2
13461,6825,672,2
13462,2284,968,3
13463,5511,941,3
13464,7299,910,3
13465,1759,635,3
13466,5650,649,1
13467,8542,649,1
13468,7109,394,1
13469,3804,426,2
13470,4353,14,1
13471,6238,899,1
13472,6817,580,2
13473,2021,252,2
13474,4071,387,2
13475,4776,331,2
13476,8751,32,3
13477,3598,194,2
13478,6329,264,3
13479,4373,835,3
13480,8368,98,4
13481,4948,600,3
13482,6813,933,1
13483,5379,897,2
13484,8264,420,1
13485,5372,1000,1
13486,5926,423,4
13487,4943,668,1
13488,7975,708,3
13489,9358,98,4
13490,479,434,1
13491,8892,102,2
13492,5636,451,1
13493,6438,32,2
13494,8700,740,2
13495,2424,272,4
13496,1097,320,4
13497,843,420,4
13498,5725,624,4
13499,5396,34,1
13500,310,187,1
13501,9326,763,4
13502,7304,941,4
13503,4972,816,4
13504,115,668,3
13505,9123,420,1
13506,1345,414,3
13507,6527,72,2
13508,5086,447,4
13509,2204,341,4
13510,9536,356,1
13511,2306,867,3
13512,1089,433,2
13513,8224,743,1
13514,2868,392,1
13515,4503,184,2
13516,8616,944,3
13517,8178,294,4
13518,9602,499,3
13519,2005,216,4
13520,8644,76,3
13521,8842,23,3
13522,4368,752,4
13523,3801,930,3
13524,9015,985,1
13525,698,764,2
13526,7376,978,2
13527,1533,458,1
13528,4369,128,1
13529,2195,112,2
13530,9996,42,3
13531,8554,515,3
13532,1106,598,2
13533,6403,649,2
13534,6146,646,2
13535,1488,793,2
13536,4939,600,3
13537,6948,29,4
13538,8391,71,2
13539,5532,967,2
13540,1778,981,2
13541,8915,978,3
13542,2683,138,2
13543,3576,125,1
13544,5098,958,2
13545,3683,82,1
13546,5939,894,3
13547,7916,838,4
13548,140,264,2
13549,1281,810,2
13550,284,388,1
13551,5147,846,2
13552,9545,351,3
13553,4006,776,2
13554,8428,284,3
13555,1255,952,2
13556,9788,681,2
13557,8778,470,3
13558,3308,79,1
13559,7180,300,1
13560,4306,987,4
13561,6793,854,3
13562,2927,453,2
13563,75,899,1
13564,9584,171,1
13565,1661,546,4
13566,997,904,4
13567,9806,764,2
13568,2422,769,2
13569,4451,58,1
13570,1886,387,2
13571,8353,954,1
13572,1439,795,4
13573,8859,815,1
13574,7608,248,2
13575,8497,108,4
13576,6010,641,1
13577,7449,503,2
13578,1216,516,1
13579,7060,430,3
13580,916,680,3
13581,6975,371,3
13582,3824,287,1
13583,823,818,2
13584,7135,700,4
13585,1354,422,1
13586,7449,139,4
13587,7291,326,2
13588,9278,952,3
13589,4245,899,2
13590,1534,716,4
13591,1540,857,1
13592,8846,417,1
13593,4572,796,2
13594,1893,520,3
13595,9446,185,2
13596,845,958,1
13597,4835,693,3
13598,9933,149,2
13599,9533,273,4
13600,9036,640,4
13601,6571,645,1
13602,6680,842,4
13603,2043,120,3
13604,7592,38,1
13605,1533,851,1
13606,9397,161,1
13607,7786,237,4
13608,9037,937,4
13609,6581,330,3
13610,7756,913,1
13611,9969,345,3
13612,7906,170,1
13613,3128,272,1
13614,3763,560,4
13615,5138,74,4
13616,6304,998,4
13617,3770,665,4
13618,2436,817,4
13619,2791,353,1
13620,6526,966,2
13621,5641,628,2
13622,1983,161,1
13623,5896,77,1
13624,497,621,1
13625,2862,640,2
13626,4479,536,4
13627,1540,224,1
13628,1589,1,2
13629,5347,931,1
13630,7449,477,1
13631,929,916,1
13632,2722,60,3
13633,5595,862,2
13634,8379,488,3
13635,9984,935,4
13636,3700,535,3
13637,5280,256,3
13638,4516,883,4
13639,8960,951,1
13640,6838,394,2
13641,3149,913,1
13642,149,196,4
13643,3819,401,2
13644,7628,799,3
13645,7839,955,1
13646,8490,72,3
13647,1045,712,1
13648,7462,507,2
13649,3510,790,4
13650,8626,190,4
13651,1046,298,3
13652,6497,271,3
13653,5971,459,3
13654,3640,69,1
13655,720,957,2
13656,6721,887,4
13657,9154,624,4
13658,5077,869,2
13659,7773,327,4
13660,1161,280,1
13661,2883,382,3
13662,2154,635,1
13663,6643,354,2
13664,9978,840,4
13665,9298,257,3
13666,7397,258,1
13667,1077,683,3
13668,9033,663,4
13669,6834,539,3
13670,9465,836,2
13671,7285,822,2
13672,5910,263,3
13673,2773,893,2
13674,2442,281,1
13675,2266,193,1
13676,8544,753,1
13677,2235,166,3
13678,3188,631,4
13679,1724,994,3
13680,594,110,1
13681,2434,859,2
13682,9365,306,1
13683,5057,679,2
13684,9657,58,1
13685,9314,310,1
13686,1992,453,4
13687,4264,639,1
13688,9295,180,2
13689,2302,303,3
13690,1588,115,1
13691,9676,733,4
13692,7397,32,2
13693,4852,638,1
13694,1201,771,4
13695,9466,884,2
13696,4892,739,4
13697,9131,786,4
13698,7591,425,2
13699,9963,979,4
13700,4472,764,4
13701,7225,622,2
13702,33,712,4
13703,2407,121,4
13704,9087,180,1
13705,9600,718,2
13706,7926,619,1
13707,911,415,3
13708,6448,298,2
13709,8732,512,2
13710,4933,375,4
13711,6342,196,3
13712,8404,873,4
13713,3161,100,1
13714,1400,892,2
13715,5994,296,2
13716,5137,576,4
13717,7697,281,3
13718,6681,813,3
13719,5117,230,1
13720,3368,168,1
13721,6121,955,4
13722,1275,208,4
13723,8194,191,2
13724,3860,678,2
13725,562,726,3
13726,7055,4,3
13727,6328,700,4
13728,4873,35,4
13729,2184,295,1
13730,1782,527,4
13731,9912,495,1
13732,7998,951,1
13733,8860,818,3
13734,9126,84,3
13735,2617,502,4
13736,1737,75,3
13737,2657,506,3
13738,231,477,2
13739,6974,85,2
13740,3070,37,3
13741,929,820,4
13742,4095,794,2
13743,2798,199,4
13744,2817,659,1
13745,9527,826,4
13746,9225,638,1
13747,1711,809,1
13748,3476,27,4
13749,3753,431,4
13750,1476,818,4
13751,7497,920,1
13752,9477,451,4
13753,9732,449,1
13754,6239,178,4
13755,6221,502,1
13756,4438,66,4
13757,8941,178,4
13758,5957,595,4
13759,673,56,4
13760,3526,955,2
13761,1819,830,2
13762,7407,75,2
13763,1396,832,3
13764,2021,792,4
13765,312,622,4
13766,2519,470,2
13767,1791,815,4
13768,7781,209,3
13769,9298,636,2
13770,9080,859,3
13771,2368,442,4
13772,8513,425,1
13773,7332,513,3
13774,154,332,3
13775,8879,357,1
13776,2098,18,4
13777,1735,130,4
13778,8395,837,4
13779,4079,482,1
13780,1744,277,3
13781,8229,468,4
13782,1659,930,3
13783,8624,664,2
13784,8072,569,1
13785,2381,704,3
13786,9764,519,2
13787,3521,736,1
13788,9681,504,2
13789,6878,514,4
13790,4358,163,1
13791,5179,70,1
13792,2190,725,4
13793,1091,8,1
13794,2213,541,2
13795,7852,499,3
13796,6186,675,3
13797,3132,622,2
13798,8043,439,4
13799,3741,961,2
13800,6907,773,3
13801,2654,447,4
13802,7376,454,2
13803,455,90,3
13804,2179,840,2
13805,5576,675,2
13806,7960,692,3
13807,3922,290,1
13808,7500,75,4
13809,2324,786,4
13810,6568,447,3
13811,7878,542,3
13812,8549,445,1
13813,5167,394,3
13814,1929,235,1
13815,383,411,4
13816,6445,934,1
13817,2515,628,4
13818,2352,631,3
13819,5465,121,2
13820,5812,892,4
13821,105,616,1
13822,1248,673,3
13823,8526,15,4
13824,9086,74,1
13825,7031,642,3
13826,9727,853,3
13827,21,985,2
13828,6542,858,2
13829,2411,441,2
13830,3716,487,3
13831,355,344,3
13832,3434,158,2
13833,6871,11,2
13834,7893,574,3
13835,6375,967,2
13836,4641,879,1
13837,6153,923,2
13838,7405,834,3
13839,9749,768,3
13840,5842,538,4
13841,892,817,2
13842,3501,770,1
13843,7718,654,1
13844,706,768,3
13845,6176,314,1
13846,367,423,4
13847,5006,109,3
13848,8598,395,4
13849,5214,690,2
13850,4701,743,1
13851,8796,508,3
13852,1632,324,3
13853,278,465,3
13854,8059,996,4
13855,4239,314,4
13856,4058,887,2
13857,1571,312,1
13858,9341,404,3
13859,2723,869,3
13860,1012,879,3
13861,3204,411,3
13862,4766,763,3
13863,1299,605,1
13864,6984,52,1
13865,2902,726,2
13866,2487,438,3
13867,6914,505,2
13868,6881,385,2
13869,4954,235,3
13870,1594,912,4
13871,8900,674,1
13872,4949,536,1
13873,8802,625,4
13874,5908,985,4
13875,1694,306,4
13876,2491,673,1
13877,1261,869,2
13878,6250,552,4
13879,5938,491,3
13880,1478,175,2
13881,8328,485,4
13882,7958,13,3
13883,4375,316,4
13884,1164,552,4
13885,9253,304,1
13886,3727,917,1
13887,4161,38,1
13888,8315,938,4
13889,2303,731,2
13890,5201,746,3
13891,7891,104,3
13892,3016,479,1
13893,9613,224,1
13894,9759,86,2
13895,1047,155,3
13896,9550,836,3
13897,3755,973,3
13898,3514,644,2
13899,4722,123,2
13900,6948,425,4
13901,2914,979,1
13902,6976,576,3
13903,6423,423,1
13904,58,726,2
13905,8439,562,3
13906,4977,71,1
13907,1264,733,1
13908,2157,30,1
13909,5878,35,2
13910,6158,899,1
13911,5494,379,3
13912,2479,475,4
13913,1494,662,3
13914,1059,915,1
13915,5106,940,3
13916,2235,895,4
13917,6657,298,4
13918,8307,964,1
13919,415,725,3
13920,5249,160,4
13921,454,344,1
13922,8224,982,3
13923,4805,752,4
13924,4531,97,2
13925,7967,149,1
13926,1729,131,2
13927,3423,80,3
13928,4295,572,4
13929,3752,426,4
13930,8261,34,2
13931,9967,326,3
13932,4390,943,3
13933,9235,721,4
13934,5395,842,2
13935,6750,355,4
13936,624,844,1
13937,5675,421,2
13938,8582,717,3
13939,4650,883,2
13940,2393,637,1
13941,8867,91,1
13942,6982,45,4
13943,2917,630,2
13944,9264,742,3
13945,7105,94,2
13946,6261,96,3
13947,1676,9,1
13948,3336,508,3
13949,9369,703,2
13950,2033,818,2
13951,148,635,4
13952,8399,798,4
13953,597,51,4
13954,7648,865,3
13955,7328,948,1
13956,5929,371,3
13957,6320,142,2
13958,9425,701,3
13959,8139,427,3
13960,6694,868,1
13961,4621,855,3
13962,7481,523,3
13963,113,594,3
13964,1968,617,1
13965,9609,321,1
13966,5870,386,1
13967,3526,842,2
13968,6386,860,4
13969,2196,746,3
13970,1593,57,2
13971,1590,373,2
13972,413,522,4
13973,549,245,2
13974,13,869,2
13975,4528,421,4
13976,7872,429,4
13977,9072,669,4
13978,87,436,3
13979,1471,58,1
13980,1088,8,4
13981,2557,919,4
13982,8118,176,2
13983,4650,789,3
13984,5756,119,3
13985,7341,37,2
13986,4231,208,3
13987,9395,95,4
13988,1257,680,1
13989,866,239,3
13990,8067,988,1
13991,5482,904,2
13992,3593,988,3
13993,9710,288,2
13994,7992,292,4
13995,6142,61,4
13996,3410,412,3
13997,3419,578,2
13998,8312,409,2
13999,6158,958,2
14000,4126,691,1
14001,1046,827,3
14002,2244,365,4
14003,4408,810,1
14004,6543,363,1
14005,7070,973,3
14006,3466,723,2
14007,423,354,3
14008,1000,770,4
14009,9339,436,3
14010,1637,283,2
14011,6311,876,2
14012,7473,145,3
14013,6659,781,2
14014,4059,38,1
14015,9524,827,2
14016,2542,286,1
14017,1497,486,4
14018,1937,377,3
14019,3146,440,4
14020,3968,116,4
14021,4768,969,2
14022,1082,107,3
14023,2167,105,2
14024,7101,764,2
14025,6879,8,4
14026,647,482,2
14027,6077,373,1
14028,3812,96,1
14029,3942,646,4
14030,8868,533,4
14031,3187,341,3
14032,1646,145,2
14033,157,688,4
14034,5829,388,4
14035,4944,321,2
14036,7627,972,4
14037,591,623,4
14038,4155,160,2
14039,6016,424,2
14040,8328,795,3
14041,1113,446,1
14042,3250,113,2
14043,1043,795,1
14044,4914,272,2
14045,3144,555,1
14046,5107,340,3
14047,930,251,2
14048,7813,732,3
14049,1682,351,3
14050,7097,258,2
14051,2544,373,3
14052,9309,143,2
14053,8182,76,2
14054,155,482,3
14055,4503,81,1
14056,4811,691,4
14057,2681,623,4
14058,8328,857,2
14059,2149,653,3
14060,5295,198,1
14061,2712,783,1
14062,7112,445,1
14063,4416,714,1
14064,449,756,2
14065,6930,556,4
14066,687,68,4
14067,2374,78,3
14068,1423,546,3
14069,7637,986,3
14070,4244,815,1
14071,1018,62,3
14072,4155,704,2
14073,1477,998,2
14074,2082,168,4
14075,4902,598,2
14076,3632,160,4
14077,2708,305,3
14078,5882,895,1
14079,3634,516,2
14080,4991,493,4
14081,4588,982,3
14082,3004,728,2
14083,2479,869,3
14084,3265,746,4
14085,7789,662,3
14086,2960,162,4
14087,7244,65,4
14088,4717,562,3
14089,3954,779,3
14090,1997,294,3
14091,4695,744,4
14092,2202,400,1
14093,5290,352,2
14094,8246,973,3
14095,5817,359,3
14096,9365,604,1
14097,8674,580,1
14098,3601,954,3
14099,7729,471,3
14100,4482,763,3
14101,9091,343,2
14102,9957,778,1
14103,2027,772,1
14104,3656,898,1
14105,8732,840,2
14106,2374,755,1
14107,3054,108,4
14108,1659,915,4
14109,6875,143,3
14110,1499,778,4
14111,3391,861,1
14112,494,152,2
14113,3580,97,2
14114,7161,334,2
14115,8202,98,1
14116,906,925,4
14117,4644,821,4
14118,1238,922,1
14119,5837,262,3
14120,608,281,2
14121,9112,901,1
14122,939,555,4
14123,6703,421,3
14124,8505,978,1
14125,5154,869,2
14126,4066,975,4
14127,2551,150,2
14128,3947,958,2
14129,6308,283,4
14130,9389,358,3
14131,9297,697,3
14132,7061,949,3
14133,9226,927,2
14134,248,372,3
14135,8569,571,3
14136,843,479,2
14137,2463,378,4
14138,9850,90,4
14139,3027,678,1
14140,7880,922,4
14141,2714,426,2
14142,5972,191,2
14143,2120,41,4
14144,6847,150,4
14145,2185,349,1
14146,7978,12,1
14147,2217,792,1
14148,205,874,3
14149,750,488,3
14150,8502,525,2
14151,2136,150,4
14152,2082,696,3
14153,8399,329,2
14154,1038,507,3
14155,8275,483,4
14156,3363,280,1
14157,5755,239,4
14158,7855,711,4
14159,7197,467,1
14160,3088,896,4
14161,3110,453,4
14162,7792,843,2
14163,9101,851,1
14164,3325,419,4
14165,2008,727,3
14166,6622,760,3
14167,542,91,2
14168,3165,345,4
14169,8623,150,2
14170,3228,656,3
14171,7553,958,1
14172,8883,226,3
14173,799,446,2
14174,6162,145,3
14175,3795,406,3
14176,5062,75,3
14177,8828,875,4
14178,8029,451,3
14179,5551,584,3
14180,1990,514,2
14181,6211,528,1
14182,8876,595,1
14183,9604,779,2
14184,2723,21,4
14185,9805,400,3
14186,4791,742,1
14187,7796,852,3
14188,5816,984,2
14189,5500,855,2
14190,9843,989,1
14191,2990,783,3
14192,5269,142,3
14193,462,923,1
14194,3154,53,4
14195,3284,991,4
14196,6712,52,2
14197,7707,987,4
14198,920,977,2
14199,4095,137,1
14200,5550,896,2
14201,6623,214,1
14202,3230,724,2
14203,8371,845,3
14204,8598,753,4
14205,7626,278,2
14206,6302,24,3
14207,8256,702,2
14208,3954,402,2
14209,8988,703,1
14210,7189,750,3
14211,106,444,1
14212,9674,301,4
14213,1067,548,1
14214,6387,690,3
14215,1180,867,2
14216,1381,600,1
14217,4514,168,4
14218,7341,206,1
14219,7320,259,4
14220,8984,745,4
14221,3348,552,4
14222,4858,399,1
14223,997,920,4
14224,8987,707,1
14225,2815,463,4
14226,9853,264,1
14227,7720,435,3
14228,5242,978,2
14229,3609,914,1
14230,6707,735,2
14231,7907,36,3
14232,1651,292,1
14233,8549,957,3
14234,6819,868,2
14235,3893,243,2
14236,8715,862,2
14237,1801,412,4
14238,2943,595,1
14239,571,241,4
14240,2303,944,3
14241,8050,889,1
14242,9579,679,3
14243,1952,743,3
14244,1415,201,1
14245,8003,305,3
14246,6016,151,1
14247,132,203,3
14248,2770,656,1
14249,6007,931,4
14250,559,874,2
14251,9527,699,2
14252,2544,426,2
14253,36,963,2
14254,886,509,2
14255,8143,68,4
14256,4263,152,3
14257,6599,104,2
14258,5783,662,4
14259,9995,900,1
14260,2719,194,2
14261,1924,702,4
14262,476,846,2
14263,844,553,2
14264,6092,413,2
14265,1308,90,3
14266,353,880,2
14267,1545,359,2
14268,818,522,1
14269,4634,57,2
14270,7521,864,4
14271,1182,478,4
14272,8944,966,1
14273,2765,847,2
14274,4021,136,2
14275,4517,960,3
14276,4204,141,2
14277,3368,686,1
14278,7823,697,4
14279,8469,113,4
14280,2912,819,1
14281,4494,977,2
14282,7785,426,3
14283,7075,347,4
14284,353,490,4
14285,2472,70,3
14286,1978,419,2
14287,5130,57,2
14288,1052,291,2
14289,1351,929,1
14290,6181,667,1
14291,2000,873,3
14292,1135,48,4
14293,4639,330,3
14294,8248,191,1
14295,407,700,3
14296,1054,710,2
14297,4431,260,3
14298,2039,385,1
14299,9773,315,4
14300,5450,254,4
14301,41,640,2
14302,3569,764,4
14303,9963,830,2
14304,2999,641,2
14305,2778,771,2
14306,6235,999,4
14307,7201,860,1
14308,9791,565,3
14309,3338,888,3
14310,2402,363,1
14311,8131,62,1
14312,3149,830,3
14313,8202,547,1
14314,2574,124,3
14315,6130,944,3
14316,2208,271,2
14317,24,897,4
14318,2019,209,1
14319,1674,414,1
14320,9106,536,1
14321,5058,789,1
14322,1698,720,2
14323,1074,677,2
14324,6309,126,1
14325,9671,687,1
14326,6966,707,1
14327,796,725,2
14328,9364,797,4
14329,7728,274,4
14330,9736,481,4
14331,8377,26,2
14332,4657,586,2
14333,1717,447,2
14334,9732,221,3
14335,8910,242,3
14336,5952,453,3
14337,9441,31,3
14338,7207,307,4
14339,1367,503,4
14340,1757,328,3
14341,6717,299,4
14342,4141,242,2
14343,2475,731,3
14344,6425,602,4
14345,3813,110,1
14346,5330,943,4
14347,32,601,2
14348,2614,398,2
14349,4121,201,1
14350,9816,154,4
14351,2581,20,3
14352,8396,139,3
14353,328,115,3
14354,2381,72,4
14355,3398,553,1
14356,832,70,4
14357,3907,760,2
14358,2995,292,4
14359,1614,351,2
14360,5597,571,4
14361,7792,901,2
14362,990,195,1
14363,6353,583,4
14364,2889,860,1
14365,8839,793,3
14366,8752,257,1
14367,7489,248,3
14368,3750,85,1
14369,8995,364,4
14370,3477,283,4
14371,8449,900,4
14372,7558,348,4
14373,996,96,3
14374,4700,947,2
14375,2183,969,4
14376,649,636,3
14377,6132,488,4
14378,2567,36,1
14379,5262,712,2
14380,6800,797,1
14381,9078,591,4
14382,4480,226,3
14383,4032,863,2
14384,522,105,4
14385,8013,423,4
14386,1297,168,3
14387,4134,748,1
14388,1137,380,2
14389,35,991,1
14390,2453,720,4
14391,924,825,4
14392,3169,917,4
14393,6556,183,1
14394,6709,662,2
14395,8138,129,3
14396,4564,466,1
14397,9286,596,4
14398,7710,267,3
14399,222,465,1
14400,7074,149,2
14401,9681,159,3
14402,2181,446,3
14403,5973,341,4
14404,5552,955,4
14405,6681,912,1
14406,1817,167,1
14407,595,892,3
14408,6872,860,3
14409,5187,355,2
14410,797,768,3
14411,335,494,3
14412,3264,643,2
14413,8697,470,2
14414,7363,879,1
14415,7790,670,3
14416,9929,735,2
14417,3723,361,2
14418,4687,172,2
14419,9152,307,3
14420,9080,924,2
14421,4046,705,2
14422,8926,604,1
14423,1589,762,4
14424,1025,38,4
14425,3299,499,1
14426,2002,559,4
14427,8556,830,2
14428,8906,217,3
14429,4268,196,3
14430,5460,964,4
14431,1275,137,3
14432,908,829,2
14433,8311,270,1
14434,6032,566,4
14435,107,258,1
14436,9297,204,1
14437,8962,668,4
14438,3591,133,2
14439,3148,335,1
14440,9290,939,3
14441,850,631,4
14442,2301,194,2
14443,4993,280,1
14444,5962,991,2
14445,9060,750,2
14446,3983,991,2
14447,3442,457,4
14448,3351,685,2
14449,5349,764,1
14450,5347,853,2
14451,9599,957,3
14452,9315,766,1
14453,4639,978,1
14454,5300,968,3
14455,1096,359,3
14456,6727,500,3
14457,6609,309,2
14458,2998,474,2
14459,858,39,4
14460,3927,401,3
14461,7590,40,3
14462,8585,491,1
14463,4813,855,2
14464,8691,935,1
14465,4442,950,1
14466,9893,145,3
14467,4426,454,4
14468,3515,201,4
14469,8006,791,2
14470,8361,20,3
14471,7347,804,1
14472,1860,250,1
14473,3264,465,4
14474,180,939,3
14475,9702,112,1
14476,8080,610,4
14477,350,805,3
14478,7459,594,4
14479,3547,103,1
14480,8261,54,2
14481,7996,762,1
14482,3737,975,4
14483,2722,841,2
14484,5204,377,4
14485,8526,290,1
14486,9239,10,2
14487,2436,132,2
14488,1215,120,2
14489,8305,521,4
14490,1115,569,4
14491,7101,886,1
14492,7738,15,3
14493,1308,708,3
14494,8126,164,3
14495,1454,947,4
14496,9133,349,3
14497,5740,715,2
14498,6390,581,1
14499,636,996,3
14500,3271,748,3
14501,154,373,2
14502,4816,509,3
14503,9340,188,2
14504,682,704,1
14505,823,483,2
14506,4429,363,4
14507,5860,74,2
14508,9663,683,1
14509,7691,988,2
14510,6361,466,3
14511,5282,866,2
14512,3689,630,4
14513,2160,325,1
14514,7221,893,1
14515,2987,493,1
14516,5200,191,2
14517,7415,241,4
14518,2643,749,2
14519,6777,205,4
14520,1830,958,4
14521,1806,390,1
14522,3160,775,2
14523,5558,539,1
14524,8065,520,1
14525,478,797,3
14526,2513,306,3
14527,204,193,3
14528,7433,963,2
14529,6004,319,2
14530,1172,769,1
14531,3279,902,3
14532,7757,634,4
14533,1502,318,3
14534,4863,24,1
14535,5388,469,4
14536,9905,562,3
14537,3615,85,3
14538,2809,167,4
14539,1382,113,1
14540,7640,313,4
14541,5751,350,1
14542,6650,379,2
14543,159,184,1
14544,418,434,4
14545,5686,668,2
14546,3092,161,1
14547,4969,140,1
14548,4736,164,2
14549,4564,477,1
14550,4287,161,3
14551,8210,324,1
14552,1234,206,4
14553,7907,142,3
14554,5509,21,2
14555,2307,740,1
14556,361,541,3
14557,9013,697,4
14558,5293,149,1
14559,9331,232,2
14560,6279,621,3
14561,4535,678,4
14562,5021,225,1
14563,322,129,1
14564,2207,28,4
14565,7139,669,3
14566,8514,220,3
14567,8077,117,4
14568,8537,782,4
14569,2229,14,2
14570,7489,593,4
14571,3145,257,2
14572,2856,584,3
14573,8514,17,4
14574,4345,145,4
14575,8238,640,1
14576,1956,459,3
14577,1000,98,4
14578,7829,357,3
14579,7397,867,3
14580,531,226,1
14581,6852,906,1
14582,5861,469,2
14583,7003,439,3
14584,230,686,4
14585,9177,7,1
14586,2877,27,1
14587,3446,580,1
14588,8686,667,1
14589,9760,472,1
14590,5033,454,4
14591,5550,985,3
14592,4863,896,3
14593,619,573,3
14594,177,202,4
14595,2664,70,2
14596,444,315,1
14597,9099,807,1
14598,8520,669,3
14599,9135,136,4
14600,281,731,3
14601,6880,161,1
14602,9018,512,2
14603,9020,313,2
14604,2275,172,1
14605,6001,783,4
14606,3779,809,3
14607,3263,620,4
14608,6893,871,2
14609,5743,132,2
14610,8307,98,3
14611,4615,485,3
14612,3436,721,2
14613,9941,614,3
14614,5332,827,4
14615,5797,321,2
14616,8671,235,3
14617,512,447,3
14618,4137,74,2
14619,9418,835,1
14620,7725,656,3
14621,4118,255,2
14622,9357,497,2
14623,44,191,2
14624,3041,127,2
14625,3850,695,4
14626,136,674,2
14627,2558,650,2
14628,8607,514,4
14629,970,695,2
14630,7108,32,1
14631,5770,143,1
14632,6939,867,1
14633,500,773,3
14634,1790,900,1
14635,6322,780,4
14636,7765,704,4
14637,5526,193,2
14638,3969,563,4
14639,3141,681,4
14640,7710,211,4
14641,4842,149,1
14642,7246,560,3
14643,7722,165,2
14644,8435,737,1
14645,4374,722,2
14646,6489,617,1
14647,7193,990,3
14648,3068,756,2
14649,9083,931,1
14650,8769,447,1
14651,9525,85,1
14652,9395,901,1
14653,7775,307,3
14654,5393,719,2
14655,7365,791,3
14656,3260,508,1
14657,396,258,1
14658,555,178,2
14659,3592,867,4
14660,2624,575,4
14661,4693,961,1
14662,1126,402,2
14663,8041,483,1
14664,3998,969,2
14665,1164,687,2
14666,7003,672,3
14667,9535,22,2
14668,7075,730,3
14669,7381,78,4
14670,8646,532,4
14671,2420,605,2
14672,1181,616,1
14673,1236,40,1
14674,8884,358,3
14675,4450,12,3
14676,7945,772,3
14677,4694,529,4
14678,375,902,2
14679,9098,88,4
14680,1598,496,3
14681,7923,298,1
14682,7770,628,2
14683,3994,146,3
14684,3324,241,4
14685,4071,407,2
14686,3258,26,3
14687,7286,411,2
14688,822,720,4
14689,2730,396,4
14690,9886,249,1
14691,8735,735,3
14692,8204,793,3
14693,2838,975,1
14694,8538,446,2
14695,6054,228,3
14696,6389,219,3
14697,8805,504,3
14698,3046,137,3
14699,3340,747,3
14700,9593,59,2
14701,4161,146,4
14702,9583,794,2
14703,6706,227,3
14704,4173,307,2
14705,105,258,1
14706,299,868,3
14707,5051,346,4
14708,179,72,2
14709,7430,503,2
14710,9032,399,4
14711,5194,658,4
14712,6622,758,1
14713,8051,200,3
14714,5546,714,4
14715,2038,24,4
14716,1713,470,1
14717,6689,361,3
14718,614,177,4
14719,4971,488,2
14720,2188,207,1
14721,4284,908,4
14722,4805,809,2
14723,756,156,1
14724,7308,405,3
14725,7986,588,4
14726,6467,775,4
14727,5719,535,1
14728,3386,307,2
14729,4855,710,3
14730,7595,961,4
14731,6229,765,2
14732,3800,407,4
14733,6683,690,2
14734,7315,563,4
14735,1962,187,1
14736,4276,982,3
14737,8088,509,4
14738,7896,869,3
14739,935,259,3
14740,500,406,2
14741,5718,850,1
14742,9893,961,1
14743,1423,356,3
14744,7026,352,2
14745,2307,467,1
14746,3106,415,2
14747,4234,698,1
14748,4363,444,4
14749,7694,942,2
14750,3262,570,2
14751,9554,348,1
14752,2474,641,4
14753,9182,396,2
14754,6313,207,1
14755,4330,936,1
14756,3744,325,1
14757,3162,706,4
14758,8584,997,3
14759,1334,307,1
14760,2894,17,1
14761,1213,785,1
14762,6306,506,4
14763,3771,896,4
14764,8922,327,2
14765,3859,466,3
14766,7606,426,1
14767,1894,343,3
14768,8708,752,3
14769,9571,980,4
14770,3128,520,3
14771,160,4,1
14772,1229,849,1
14773,5841,869,2
14774,1493,172,3
14775,342,683,4
14776,6933,741,4
14777,7895,536,4
14778,1662,629,4
14779,6248,297,3
14780,3304,250,2
14781,7468,233,2
14782,2013,47,4
14783,4942,449,4
14784,412,198,1
14785,656,481,4
14786,7502,196,3
14787,4040,242,4
14788,4322,82,3
14789,5060,93,2
14790,7879,810,3
14791,7863,836,1
14792,2874,469,2
14793,936,629,2
14794,5425,168,3
14795,1177,159,1
14796,8692,465,3
14797,5581,320,4
14798,8169,892,1
14799,172,294,4
14800,5797,700,4
14801,710,840,1
14802,2176,807,1
14803,9205,470,1
14804,3140,281,1
14805,1973,402,2
14806,8829,429,1
14807,577,94,1
14808,8682,205,1
14809,1693,381,2
14810,5622,771,2
14811,7356,999,1
14812,743,826,3
14813,6694,915,1
14814,8337,546,4
14815,3158,806,3
14816,1402,616,4
14817,2299,890,3
14818,1736,830,3
14819,4307,450,3
14820,6375,636,1
14821,5894,508,2
14822,4074,173,1
14823,8886,203,3
14824,7879,426,3
14825,3218,542,2
14826,3107,336,4
14827,2065,717,3
14828,1845,623,3
14829,1356,478,4
14830,3847,102,2
14831,7585,531,4
14832,9164,661,3
14833,6757,525,4
14834,9320,394,4
14835,3315,477,3
14836,6276,548,1
14837,8484,331,4
14838,7152,358,2
14839,1941,960,4
14840,3577,705,3
14841,8614,488,4
14842,4407,888,1
14843,2048,53,3
14844,1906,666,1
14845,8285,292,2
14846,6147,946,3
14847,2027,759,1
14848,2572,150,1
14849,5992,548,2
14850,5277,593,3
14851,7808,791,1
14852,8732,229,3
14853,2197,386,2
14854,7333,251,2
14855,7240,406,1
14856,7149,728,4
14857,591,408,2
14858,6000,5,1
14859,7724,748,2
14860,6610,996,1
14861,1543,634,1
14862,9979,816,3
14863,7164,720,1
14864,6165,664,2
14865,2961,251,2
14866,3180,442,4
14867,3936,410,3
14868,4188,739,1
14869,1343,770,4
14870,3507,123,1
14871,1471,789,2
14872,371,865,2
14873,7606,174,2
14874,1861,404,2
14875,1102,501,3
14876,1566,634,2
14877,8974,583,2
14878,7377,249,2
14879,4574,929,1
14880,9931,729,3
14881,8832,405,2
14882,5247,298,4
14883,9593,190,2
14884,2284,393,4
14885,2279,264,2
14886,9527,745,4
14887,6168,840,2
14888,9682,18,4
14889,4543,135,4
14890,6933,209,2
14891,8222,949,1
14892,2858,152,1
14893,153,190,2
14894,7741,57,4
14895,350,640,2
14896,1169,293,1
14897,7509,686,2
14898,4079,399,1
14899,2622,240,2
14900,3307,561,1
14901,8979,606,3
14902,5625,647,3
14903,9554,953,4
14904,5756,840,1
14905,5515,162,2
14906,8684,698,3
14907,9189,589,4
14908,2474,357,1
14909,6268,468,1
14910,3681,146,2
14911,3607,462,1
14912,9493,17,2
14913,1714,246,3
14914,6415,320,3
14915,3727,619,1
14916,1370,337,2
14917,3631,592,3
14918,9184,230,2
14919,2189,833,4
14920,5912,41,1
14921,1936,179,1
14922,8279,316,2
14923,6349,307,3
14924,9843,890,1
14925,4045,895,1
14926,938,397,4
14927,9427,607,1
14928,3325,291,4
14929,9158,756,1
14930,6254,643,1
14931,6291,356,4
14932,1059,149,1
14933,8077,862,3
14934,7733,143,4
14935,7947,185,2
14936,4977,870,1
14937,7113,553,4
14938,8129,153,4
14939,5546,944,2
14940,8980,428,4
14941,9002,610,4
14942,907,456,2
14943,4908,663,2
14944,1675,551,1
14945,8363,629,2
14946,1781,407,2
14947,3268,738,4
14948,9445,969,3
14949,4005,993,3
14950,2192,697,1
14951,5398,421,4
14952,8234,24,4
14953,3674,935,3
14954,2816,406,4
14955,5197,985,4
14956,5777,903,2
14957,8833,954,1
14958,6132,249,1
14959,3188,407,1
14960,148,833,1
14961,4404,642,4
14962,332,846,3
14963,1787,3,1
14964,1593,921,3
14965,54,48,4
14966,2779,405,3
14967,6857,147,4
14968,1668,428,4
14969,5751,820,2
14970,156,370,2
14971,5462,857,3
14972,1283,379,4
14973,2581,241,4
14974,4259,190,3
14975,7592,290,2
14976,5331,554,1
14977,9522,725,3
14978,8057,773,3
14979,7022,334,1
14980,9410,546,3
14981,6937,698,3
14982,6205,217,1
14983,6487,31,2
14984,3027,659,3
14985,8763,983,4
14986,9144,849,3
14987,1723,711,4
14988,2071,441,2
14989,5838,137,2
14990,8228,11,2
14991,3518,100,3
14992,3156,679,1
14993,2492,358,2
14994,650,12,2
14995,9423,773,1
14996,4750,166,4
14997,9403,712,1
14998,8885,490,2
14999,5177,243,3
15000,6180,508,1
15001,9611,600,4
15002,8264,767,3
15003,606,773,4
15004,1159,393,1
15005,4084,121,2
15006,1985,471,1
15007,7120,662,2
15008,6428,433,4
15009,8324,488,3
15010,2294,165,2
15011,3730,943,3
15012,4990,997,3
15013,6550,71,1
15014,7545,582,3
15015,4947,609,3
15016,7510,837,1
15017,1365,452,1
15018,4826,631,3
15019,5070,666,1
15020,5955,955,2
15021,6327,125,3
15022,5488,876,1
15023,8876,903,2
15024,1214,937,2
15025,2477,97,1
15026,6177,823,4
15027,651,309,1
15028,5891,403,1
15029,184,60,4
15030,2096,443,1
15031,7641,963,4
15032,8397,699,3
15033,1160,432,3
15034,929,657,4
15035,4718,35,1
15036,5514,565,3
15037,4823,356,1
15038,2201,515,2
15039,7902,801,2
15040,4286,813,2
15041,8771,636,1
15042,1805,865,4
15043,7087,827,3
15044,9787,488,2
15045,4421,538,2
15046,2538,324,3
15047,8115,308,3
15048,1779,772,2
15049,3378,938,4
15050,5763,595,2
15051,3664,262,3
15052,9045,192,2
15053,8984,546,1
15054,8227,501,1
15055,6510,606,3
15056,6279,764,4
15057,5645,443,2
15058,9894,644,2
15059,5079,663,4
15060,6661,532,1
15061,7741,140,3
15062,7682,679,4
15063,5841,863,1
15064,3109,96,3
15065,4564,429,2
15066,6934,511,4
15067,2477,107,2
15068,7109,837,1
15069,7100,152,3
15070,9669,283,3
15071,7621,643,2
15072,8170,139,3
15073,5810,331,4
15074,6387,614,4
15075,5121,69,1
15076,4673,542,2
15077,3315,735,2
15078,6513,771,2
15079,9275,837,4
15080,494,69,3
15081,4452,505,1
15082,5972,977,4
15083,8122,675,1
15084,9428,265,3
15085,5379,638,3
15086,6433,81,3
15087,634,898,4
15088,7434,838,3
15089,1381,941,3
15090,1690,850,2
15091,6234,259,1
15092,5335,870,2
15093,5932,139,2
15094,2856,139,4
15095,6647,602,4
15096,3121,713,1
15097,5335,805,4
15098,2959,123,4
15099,4572,346,2
15100,2121,674,4
15101,1512,847,4
15102,1253,480,3
15103,9384,579,2
15104,9993,285,3
15105,2670,171,4
15106,9726,815,1
15107,8475,821,1
15108,5805,322,3
15109,8051,53,1
15110,6816,949,4
15111,3877,822,1
15112,2303,831,4
15113,2118,26,3
15114,6693,664,2
15115,3811,942,4
15116,4244,50,4
15117,6687,151,2
15118,7263,88,2
15119,9139,563,2
15120,6721,251,1
15121,322,750,4
15122,8947,467,2
15123,6126,979,3
15124,763,451,4
15125,4135,552,1
15126,6807,885,2
15127,173,286,2
15128,2676,860,1
15129,2212,473,4
15130,3571,116,4
15131,7600,304,2
15132,7888,549,3
15133,3102,490,4
15134,2623,277,2
15135,7557,358,1
15136,4470,26,4
15137,5369,853,1
15138,5432,560,1
15139,9367,654,3
15140,3513,111,4
15141,4879,452,1
15142,6125,626,3
15143,9010,811,4
15144,5544,196,3
15145,589,495,2
15146,2950,551,3
15147,5651,386,2
15148,2353,142,1
15149,7861,90,1
15150,8989,192,2
15151,8937,123,3
15152,920,220,2
15153,4209,583,4
15154,7496,368,2
15155,3458,394,4
15156,8891,238,3
15157,8424,565,3
15158,5590,281,1
15159,8914,420,4
15160,8601,97,2
15161,8250,692,2
15162,3808,707,1
15163,1624,627,4
15164,8187,796,4
15165,4607,463,3
15166,8537,759,2
15167,3991,365,4
15168,6215,253,2
15169,8359,170,2
15170,7317,10,4
15171,9511,928,4
15172,8178,467,4
15173,3870,34,3
15174,2955,593,3
15175,991,462,4
15176,639,652,2
15177,3478,443,1
15178,876,738,3
15179,6927,804,2
15180,6344,684,2
15181,2318,762,1
15182,1439,908,3
15183,4903,385,1
15184,2141,75,3
15185,9608,867,1
15186,2880,656,2
15187,8792,669,4
15188,7315,194,1
15189,9666,267,1
15190,9453,895,3
15191,9407,982,2
15192,6805,944,3
15193,1698,121,3
15194,8257,57,2
15195,103,186,2
15196,1510,332,2
15197,1664,684,1
15198,9329,959,4
15199,1145,160,3
15200,2529,64,1
15201,9001,738,3
15202,3792,333,4
15203,3680,13,1
15204,6715,328,4
15205,2389,495,2
15206,8515,49,1
15207,6820,715,3
15208,9055,315,3
15209,6857,199,2
15210,4106,854,3
15211,4722,762,1
15212,5890,232,4
15213,13,410,3
15214,6915,519,1
15215,5258,268,1
15216,9853,534,3
15217,2583,99,4
15218,7741,187,4
15219,2132,951,2
15220,9476,191,2
15221,4640,765,4
15222,7875,110,3
15223,4460,427,1
15224,7211,195,2
15225,7415,305,2
15226,416,675,4
15227,6462,744,4
15228,7310,869,3
15229,87,963,1
15230,1631,650,3
15231,7606,819,4
15232,6319,600,3
15233,3131,353,4
15234,385,455,1
15235,2389,281,1
15236,9012,258,4
15237,6269,368,2
15238,475,786,3
15239,6251,179,2
15240,4880,780,4
15241,2048,546,1
15242,3073,995,1
15243,4767,647,2
15244,7476,106,1
15245,4696,735,3
15246,8570,192,4
15247,983,606,4
15248,587,897,1
15249,7453,323,1
15250,7532,709,4
15251,5507,797,2
15252,2637,833,1
15253,7467,519,1
15254,6763,420,4
15255,7273,848,3
15256,8207,72,2
15257,186,724,1
15258,6535,208,4
15259,8230,978,3
15260,2055,891,4
15261,3956,950,2
15262,7161,84,1
15263,3901,325,3
15264,9765,916,4
15265,5961,469,2
15266,7625,149,4
15267,9047,116,3
15268,1875,742,3
15269,7602,390,2
15270,3887,522,1
15271,2586,403,4
15272,950,803,3
15273,6672,72,4
15274,7574,695,4
15275,1437,900,4
15276,4563,75,1
15277,4306,942,4
15278,852,262,1
15279,2480,601,2
15280,7033,917,2
15281,2379,151,1
15282,2742,622,4
15283,9846,826,1
15284,1198,218,3
15285,7959,155,1
15286,9254,445,4
15287,4006,552,4
15288,6346,495,3
15289,1107,639,4
15290,6134,215,4
15291,6356,469,1
15292,3971,894,2
15293,7881,309,1
15294,4865,238,2
15295,7249,691,3
15296,15,352,2
15297,228,564,2
15298,3484,846,4
15299,606,927,1
15300,4801,440,4
15301,1833,359,1
15302,1358,981,2
15303,7997,54,2
15304,2609,760,2
15305,4861,740,1
15306,3878,386,1
15307,5009,909,2
15308,7359,275,3
15309,6049,460,4
15310,7149,796,2
15311,9335,881,3
15312,292,549,1
15313,9356,988,2
15314,8140,340,3
15315,8536,938,2
15316,8007,452,3
15317,9714,311,4
15318,9890,191,2
15319,7607,687,1
15320,1362,988,2
15321,4177,669,4
15322,7591,364,3
15323,7932,855,4
15324,3368,252,4
15325,1965,952,1
15326,9842,206,3
15327,1938,889,4
15328,503,566,4
15329,1816,427,3
15330,867,541,1
15331,7664,51,2
15332,7200,405,1
15333,3555,336,2
15334,4717,157,1
15335,7013,595,3
15336,5399,247,3
15337,5156,352,3
15338,2659,651,4
15339,2188,286,3
15340,7175,355,2
15341,9088,459,2
15342,553,92,3
15343,8487,152,2
15344,3259,989,4
15345,2950,376,4
15346,8745,421,3
15347,137,389,4
15348,419,124,1
15349,6587,354,3
15350,8620,958,4
15351,5798,97,1
15352,5674,999,1
15353,3897,332,3
15354,6062,566,1
15355,8911,694,1
15356,840,426,4
15357,488,365,4
15358,7923,492,2
15359,1720,193,4
15360,291,42,3
15361,3504,553,1
15362,400,927,4
15363,4025,738,2
15364,8095,543,2
15365,3995,433,1
15366,220,618,4
15367,8640,464,2
15368,1063,591,1
15369,6282,203,1
15370,1805,443,3
15371,1497,430,1
15372,512,277,4
15373,3017,105,3
15374,3262,339,4
15375,523,21,2
15376,5413,521,4
15377,1318,497,1
15378,3051,11,1
15379,5757,962,3
15380,5978,15,1
15381,8906,462,1
15382,934,669,3
15383,3068,604,3
15384,2368,231,2
15385,5821,355,3
15386,3310,662,2
15387,4222,624,2
15388,3452,179,1
15389,2836,694,3
15390,3263,815,1
15391,2311,339,2
15392,4033,709,1
15393,3573,410,1
15394,3914,139,2
15395,8050,916,4
15396,9497,16,3
15397,7923,971,3
15398,4885,509,2
15399,196,620,1
15400,1983,859,1
15401,7290,932,1
15402,9150,500,4
15403,6240,493,3
15404,5564,212,2
15405,4756,654,2
15406,3972,360,4
15407,8395,305,2
15408,7465,41,1
15409,1206,520,1
15410,3264,203,4
15411,1369,210,4
15412,3483,493,3
15413,394,432,1
15414,5126,62,2
15415,3987,981,3
15416,1598,920,1
15417,6474,242,4
15418,9116,773,3
15419,5798,697,4
15420,3850,423,2
15421,5754,910,2
15422,211,251,3
15423,2059,827,4
15424,62,173,4
15425,3872,192,2
15426,6578,911,2
15427,7378,139,4
15428,427,134,2
15429,9901,310,1
15430,267,602,4
15431,5412,84,1
15432,61,798,2
15433,9316,243,3
15434,186,589,4
15435,5767,429,4
15436,9136,582,3
15437,6224,282,3
15438,9935,996,1
15439,7237,66,2
15440,618,228,2
15441,9719,149,3
15442,4886,178,2
15443,1759,218,3
15444,3341,223,2
15445,1530,790,2
15446,3774,784,1
15447,1005,663,1
15448,4741,750,2
15449,5421,385,1
15450,3112,30,2
15451,9769,204,1
15452,9525,347,4
15453,2993,28,2
15454,392,789,4
15455,5826,157,1
15456,326,859,2
15457,5335,366,4
15458,9733,217,1
15459,8380,443,1
15460,7130,724,2
15461,3651,836,1
15462,4353,248,4
15463,4612,309,2
15464,8085,872,2
15465,115,359,2
15466,5770,631,4
15467,2165,967,4
15468,6778,242,1
15469,574,754,4
15470,6258,783,2
15471,3056,334,2
15472,7503,673,2
15473,9949,451,4
15474,7960,999,3
15475,9001,562,1
15476,3794,972,1
15477,4494,150,1
15478,3785,996,4
15479,5939,795,4
15480,5081,65,3
15481,4067,72,3
15482,476,105,2
15483,9656,541,4
15484,9192,317,2
15485,6029,247,2
15486,7569,106,3
15487,3071,549,3
15488,195,812,3
15489,6744,690,2
15490,8221,9,2
15491,8931,797,3
15492,2435,71,2
15493,837,51,3
15494,1486,414,3
15495,9081,911,3
15496,1523,882,3
15497,5767,582,4
15498,4288,554,4
15499,518,193,2
15500,1984,531,4
15501,245,245,3
15502,670,744,3
15503,2698,809,2
15504,5944,633,3
15505,144,139,1
15506,6748,590,1
15507,6973,566,1
15508,3728,351,4
15509,3343,702,4
15510,2398,147,3
15511,4705,444,2
15512,7026,342,3
15513,6743,125,3
15514,8046,673,4
15515,2103,840,2
15516,5538,676,3
15517,1377,1000,4
15518,2165,473,3
15519,9003,304,4
15520,9751,699,2
15521,7655,44,3
15522,9488,614,3
15523,4559,387,1
15524,7370,230,3
15525,3712,412,1
15526,6865,724,3
15527,4763,511,1
15528,6918,741,4
15529,5036,5,1
15530,2571,395,1
15531,2515,652,4
15532,895,24,4
15533,1065,111,1
15534,7028,966,3
15535,8335,55,2
15536,3185,149,3
15537,8329,407,1
15538,1016,793,1
15539,4664,538,3
15540,8865,651,3
15541,6348,704,3
15542,4295,76,1
15543,2954,284,2
15544,2367,613,4
15545,969,435,1
15546,4091,806,2
15547,1964,486,2
15548,5126,843,2
15549,1269,572,4
15550,7055,455,2
15551,3472,818,4
15552,7914,331,4
15553,7441,422,3
15554,9582,298,4
15555,3673,461,4
15556,8674,358,3
15557,9663,742,4
15558,1801,914,1
15559,8548,636,4
15560,2146,290,1
15561,8687,750,4
15562,297,951,4
15563,3261,223,4
15564,8803,859,4
15565,4288,974,4
15566,2503,726,4
15567,7256,739,2
15568,2689,855,4
15569,8502,113,2
15570,6831,68,3
15571,3641,409,3
15572,777,495,4
15573,2186,48,2
15574,8825,159,1
15575,7891,315,3
15576,6696,186,3
15577,1460,657,2
15578,2344,287,3
15579,9830,943,1
15580,2114,246,1
15581,4679,677,1
15582,4417,174,1
15583,5759,534,2
15584,5615,871,3
15585,5601,754,1
15586,4113,225,3
15587,3569,555,2
15588,5658,63,1
15589,8638,948,4
15590,9899,922,2
15591,585,358,1
15592,983,198,3
15593,1227,369,3
15594,2244,736,2
15595,4632,594,3
15596,2496,530,2
15597,5777,852,2
15598,7251,63,4
15599,178,457,4
15600,1218,282,4
15601,6490,299,2
15602,3796,406,1
15603,8073,906,1
15604,3843,800,2
15605,5120,178,2
15606,3715,290,1
15607,7529,975,4
15608,9622,990,2
15609,1308,982,1
15610,7503,61,1
15611,5983,167,3
15612,5149,881,4
15613,219,637,1
15614,1550,164,4
15615,1981,493,2
15616,623,577,3
15617,265,161,4
15618,567,659,3
15619,3217,94,3
15620,2787,120,1
15621,9960,836,4
15622,2011,484,4
15623,3000,354,4
15624,1483,377,4
15625,3945,433,4
15626,4468,686,4
15627,5540,663,1
15628,4660,778,3
15629,6155,589,4
15630,87,785,4
15631,2622,531,3
15632,3733,396,4
15633,5070,620,2
15634,9154,645,1
15635,8661,982,4
15636,1251,830,1
15637,3305,938,4
15638,3825,360,3
15639,3132,996,1
15640,3809,250,1
15641,1511,712,2
15642,8013,764,1
15643,7157,739,3
15644,5244,318,4
15645,8660,809,2
15646,9359,764,1
15647,4573,869,4
15648,9947,731,1
15649,297,245,1
15650,3437,232,4
15651,9632,624,1
15652,6630,73,3
15653,25,165,4
15654,6534,450,1
15655,7024,264,3
15656,100,612,2
15657,488,719,3
15658,7884,451,4
15659,1423,298,1
15660,6279,600,2
15661,6420,23,1
15662,5640,292,2
15663,9142,425,2
15664,5696,501,3
15665,628,837,3
15666,1752,454,3
15667,4351,305,3
15668,1225,250,2
15669,5178,554,2
15670,4021,795,3
15671,5626,149,4
15672,3737,471,2
15673,4020,549,1
15674,6281,783,1
15675,8116,491,1
15676,4628,872,2
15677,8754,711,1
15678,868,11,4
15679,3535,111,1
15680,5163,966,3
15681,458,473,4
15682,2039,262,1
15683,4307,527,4
15684,8292,479,1
15685,7106,611,1
15686,7885,963,2
15687,3693,570,2
15688,1749,59,2
15689,874,48,1
15690,1910,286,2
15691,1918,703,4
15692,9090,358,1
15693,9404,992,3
15694,7584,638,2
15695,8535,858,2
15696,6308,939,3
15697,6405,617,1
15698,6906,650,1
15699,229,628,4
15700,582,227,2
15701,8517,745,2
15702,2419,700,2
15703,9056,647,2
15704,2994,246,3
15705,3472,470,3
15706,5339,696,4
15707,2227,477,1
15708,5460,627,2
15709,5194,29,1
15710,8907,874,4
15711,2485,48,4
15712,6578,369,4
15713,8132,416,4
15714,7622,560,4
15715,2013,195,1
15716,8395,642,3
15717,8236,216,4
15718,2148,2,1
15719,6420,721,4
15720,3486,134,3
15721,7002,521,4
15722,5797,450,3
15723,8215,965,2
15724,6566,477,1
15725,7071,768,1
15726,9295,718,4
15727,5866,9,1
15728,3567,537,1
15729,4896,664,1
15730,4217,210,1
15731,1447,363,2
15732,1149,362,1
15733,171,771,3
15734,8731,216,3
15735,3117,310,3
15736,9089,301,2
15737,5414,337,4
15738,1127,283,1
15739,7234,970,3
15740,3581,905,4
15741,6390,29,1
15742,8548,763,2
15743,3063,798,3
15744,7829,696,1
15745,6299,611,3
15746,3790,661,3
15747,2449,268,4
15748,9720,195,4
15749,848,267,2
15750,5375,587,1
15751,4230,759,1
15752,1130,630,2
15753,9394,815,3
15754,9177,589,1
15755,8339,746,3
15756,3865,733,2
15757,4579,836,3
15758,5932,509,3
15759,3836,320,2
15760,5161,606,3
15761,1237,162,2
15762,9126,413,3
15763,2333,599,2
15764,8213,165,1
15765,807,446,2
15766,8825,391,3
15767,2222,101,1
15768,650,721,4
15769,3671,345,1
15770,1252,208,2
15771,5771,870,4
15772,374,662,3
15773,4703,818,1
15774,4252,522,2
15775,2434,286,2
15776,300,188,3
15777,5313,517,3
15778,5340,923,4
15779,3424,609,2
15780,9922,501,3
15781,2757,656,4
15782,123,557,3
15783,5816,46,2
15784,6444,162,3
15785,9616,627,1
15786,4356,778,2
15787,5192,223,3
15788,9754,823,3
15789,6673,617,1
15790,7618,166,1
15791,7721,64,2
15792,7134,720,4
15793,9130,842,2
15794,7770,199,4
15795,3607,921,1
15796,1577,354,2
15797,7729,940,4
15798,3292,480,3
15799,8886,812,1
15800,2014,545,3
15801,4506,560,4
15802,8748,594,1
15803,5856,154,1
15804,8892,870,3
15805,4742,52,1
15806,1001,871,2
15807,5605,825,3
15808,8453,468,2
15809,5309,888,4
15810,3262,1000,1
15811,3470,23,2
15812,2565,886,1
15813,3794,464,2
15814,5672,309,1
15815,5988,656,2
15816,3294,703,3
15817,3,822,1
15818,6841,285,4
15819,8899,752,3
15820,997,840,4
15821,514,640,2
15822,3244,512,1
15823,8785,390,3
15824,8287,943,3
15825,1163,22,2
15826,1141,833,3
15827,6566,331,3
15828,8809,915,1
15829,9239,828,2
15830,2842,990,2
15831,363,810,4
15832,1099,362,2
15833,5186,881,1
15834,1305,615,1
15835,7171,494,4
15836,9243,322,1
15837,4899,478,1
15838,188,882,4
15839,3006,144,3
15840,724,78,4
15841,8085,342,1
15842,7617,703,3
15843,8953,661,1
15844,9833,951,2
15845,3264,868,2
15846,6698,903,1
15847,5050,657,3
15848,7944,19,4
15849,312,430,4
15850,839,745,3
15851,8078,632,4
15852,5263,132,4
15853,3371,592,2
15854,1157,749,1
15855,2616,750,3
15856,9710,516,2
15857,2282,938,1
15858,8445,724,4
15859,140,113,4
15860,2555,700,3
15861,4174,276,3
15862,1156,406,4
15863,1350,221,4
15864,238,250,3
15865,485,846,3
15866,9924,487,3
15867,3683,125,3
15868,728,820,2
15869,7462,652,3
15870,3966,577,2
15871,9924,732,1
15872,9218,104,4
15873,5774,285,3
15874,9694,288,1
15875,6722,138,1
15876,9472,688,3
15877,2149,756,4
15878,5479,513,4
15879,975,460,2
15880,5797,63,2
15881,3115,652,2
15882,353,152,1
15883,6841,789,2
15884,2335,14,3
15885,3518,805,3
15886,5518,809,2
15887,9105,115,2
15888,4101,587,4
15889,8430,325,4
15890,5223,887,2
15891,3661,149,4
15892,6170,88,1
15893,3438,564,2
15894,1851,122,4
15895,2837,8,3
15896,706,689,2
15897,6096,813,3
15898,1079,249,1
15899,9238,774,4
15900,2827,624,3
15901,2951,802,4
15902,4764,659,4
15903,8052,17,4
15904,335,224,3
15905,5535,387,2
15906,1184,365,3
15907,5416,140,4
15908,4195,157,1
15909,6544,584,1
15910,9572,903,3
15911,7947,364,3
15912,1879,679,1
15913,4111,331,3
15914,9412,51,4
15915,5279,309,4
15916,8620,761,2
15917,9977,151,3
15918,919,672,4
15919,7005,413,1
15920,1770,888,4
15921,942,865,1
15922,7182,276,1
15923,220,426,1
15924,9018,41,2
15925,530,936,2
15926,1883,383,3
15927,7078,922,4
15928,7568,881,3
15929,3042,118,4
15930,3202,377,2
15931,4205,752,3
15932,4935,994,3
15933,473,462,4
15934,5295,314,4
15935,8650,917,1
15936,5188,813,3
15937,3951,638,4
15938,8047,967,3
15939,1926,884,3
15940,2185,327,1
15941,8147,762,3
15942,2377,163,1
15943,2646,2,2
15944,7685,762,2
15945,6776,13,1
15946,1740,310,3
15947,3058,955,2
15948,2898,251,2
15949,1789,777,3
15950,2192,653,1
15951,4327,771,1
15952,7987,603,2
15953,9383,336,2
15954,8373,299,2
15955,245,899,4
15956,1160,707,3
15957,6726,442,1
15958,9940,27,2
15959,5413,113,3
15960,9788,53,2
15961,3579,946,2
15962,1592,254,2
15963,6248,758,1
15964,5829,715,4
15965,2430,749,1
15966,7384,207,1
15967,1165,370,4
15968,8022,883,4
15969,2869,956,2
15970,8239,868,4
15971,5881,545,2
15972,6637,240,1
15973,1582,725,4
15974,1272,516,1
15975,3096,36,2
15976,8581,449,3
15977,2583,408,2
15978,4631,8,3
15979,4831,775,4
15980,5862,382,1
15981,5451,859,4
15982,8522,231,2
15983,3071,624,1
15984,8970,915,1
15985,2670,520,1
15986,9971,993,1
15987,9234,87,4
15988,7698,715,1
15989,1313,590,2
15990,7987,475,1
15991,7481,605,3
15992,6626,509,3
15993,9192,449,4
15994,7158,126,2
15995,1315,729,4
15996,8017,732,3
15997,4231,319,1
15998,5662,859,4
15999,5898,461,3
16000,3512,971,4
16001,5504,992,2
16002,4801,963,1
16003,3534,149,1
16004,8287,987,1
16005,1554,984,2
16006,5998,361,3
16007,4501,325,4
16008,3101,333,2
16009,6399,270,1
16010,7327,111,3
16011,9355,86,2
16012,1764,43,3
16013,7068,945,3
16014,2345,511,3
16015,908,996,3
16016,5830,443,3
16017,5259,287,2
16018,1102,649,2
16019,9421,58,2
16020,8654,834,2
16021,6919,327,1
16022,2509,775,3
16023,7388,190,2
16024,6642,790,2
16025,3197,461,1
16026,549,614,3
16027,1987,72,2
16028,9940,885,1
16029,3023,859,2
16030,2558,451,4
16031,1620,360,3
16032,2479,356,1
16033,1427,932,4
16034,4850,953,2
16035,2579,245,1
16036,9181,337,2
16037,1435,969,2
16038,2807,639,4
16039,5746,503,1
16040,3274,299,1
16041,7250,875,1
16042,8773,96,3
16043,8763,379,3
16044,3750,972,4
16045,2379,654,4
16046,4370,534,1
16047,9196,476,2
16048,1901,491,3
16049,2210,607,4
16050,7080,298,2
16051,8330,260,4
16052,9011,325,1
16053,9679,157,4
16054,1078,500,3
16055,8846,834,4
16056,9835,153,4
16057,4643,165,1
16058,870,230,1
16059,6428,125,1
16060,2261,525,1
16061,1775,922,1
16062,1663,502,1
16063,4916,21,3
16064,8134,558,4
16065,3772,488,3
16066,8363,51,3
16067,2223,121,4
16068,62,132,1
16069,8186,939,2
16070,9259,871,4
16071,921,644,1
16072,6820,696,2
16073,2042,434,2
16074,9485,324,1
16075,849,851,4
16076,7844,115,4
16077,8123,445,4
16078,4198,68,4
16079,6304,849,1
16080,6638,273,3
16081,9002,697,3
16082,5113,273,2
16083,4701,350,1
16084,4466,751,4
16085,4775,873,3
16086,3640,515,4
16087,9159,766,3
16088,5181,110,2
16089,6831,338,2
16090,8085,914,4
16091,6908,971,4
16092,3890,972,1
16093,5621,378,2
16094,5178,859,3
16095,1505,712,4
16096,8833,218,2
16097,1452,81,2
16098,6224,976,1
16099,9057,423,3
16100,392,868,4
16101,3516,306,3
16102,8639,692,3
16103,6828,765,4
16104,7944,65,1
16105,4734,377,4
16106,8272,858,2
16107,7116,940,2
16108,4960,181,3
16109,2995,211,3
16110,3028,544,4
16111,190,933,1
16112,5438,139,3
16113,1345,816,2
16114,6461,187,4
16115,2883,336,4
16116,1924,519,2
16117,1615,67,3
16118,171,727,3
16119,8217,479,3
16120,2539,423,1
16121,5685,648,3
16122,7663,120,2
16123,1124,787,4
16124,2057,484,3
16125,7451,646,2
16126,3951,924,2
16127,543,26,4
16128,1560,116,2
16129,7123,567,3
16130,2548,629,4
16131,4648,830,1
16132,2766,886,2
16133,3785,651,3
16134,2622,246,3
16135,8464,646,3
16136,6123,612,4
16137,3860,822,2
16138,8456,316,4
16139,1022,462,3
16140,9556,995,1
16141,6441,766,1
16142,5191,335,3
16143,7138,105,2
16144,9969,439,1
16145,5093,484,3
16146,1908,875,1
16147,4757,190,3
16148,2247,329,3
16149,6446,384,2
16150,3280,251,3
16151,7813,95,4
16152,7091,561,3
16153,3150,520,3
16154,9672,631,3
16155,361,536,3
16156,7410,476,2
16157,7682,630,4
16158,2526,524,1
16159,2276,510,4
16160,1206,305,1
16161,400,972,3
16162,6176,946,3
16163,861,541,4
16164,9856,555,1
16165,7773,242,4
16166,1801,522,3
16167,7374,766,3
16168,2439,278,3
16169,2644,934,1
16170,6399,300,2
16171,567,710,1
16172,1817,753,1
16173,8606,173,3
16174,4129,646,3
16175,2190,86,1
16176,2248,116,3
16177,9447,909,3
16178,6925,252,2
16179,4052,576,1
16180,7750,992,3
16181,2417,449,4
16182,9717,930,1
16183,1660,479,4
16184,426,909,4
16185,850,708,3
16186,3752,930,2
16187,7660,63,1
16188,9821,649,2
16189,6213,233,4
16190,5558,942,1
16191,4255,656,2
16192,6685,257,4
16193,3013,583,4
16194,9371,57,3
16195,5113,736,3
16196,2952,77,1
16197,9548,171,4
16198,7770,128,2
16199,5228,550,3
16200,185,303,4
16201,6796,830,1
16202,8312,996,2
16203,443,449,2
16204,5404,925,3
16205,6887,50,1
16206,7993,596,4
16207,4166,61,4
16208,7161,529,3
16209,6259,277,3
16210,9737,708,2
16211,5130,814,3
16212,9447,237,2
16213,4152,546,4
16214,9303,327,3
16215,6661,560,1
16216,83,129,2
16217,243,682,4
16218,6913,282,4
16219,5949,207,1
16220,8155,921,3
16221,5539,580,4
16222,2181,703,4
16223,4329,131,2
16224,3797,308,1
16225,2505,559,2
16226,4712,842,2
16227,7711,24,2
16228,7558,349,2
16229,6430,889,4
16230,8400,384,4
16231,5838,234,1
16232,6272,659,1
16233,3094,637,3
16234,6223,565,2
16235,3853,131,4
16236,6413,407,1
16237,6166,983,2
16238,8224,288,1
16239,1974,470,2
16240,2438,347,1
16241,2859,820,3
16242,7880,313,1
16243,5724,803,2
16244,2943,316,4
16245,850,653,4
16246,3718,620,1
16247,8592,6,3
16248,5750,279,2
16249,576,793,4
16250,38,626,2
16251,9999,819,4
16252,872,57,4
16253,8974,587,3
16254,9449,786,2
16255,5549,787,1
16256,6575,101,4
16257,7425,186,2
16258,8371,138,1
16259,7471,360,1
16260,1854,246,3
16261,9167,794,4
16262,5563,462,4
16263,9125,116,1
16264,3992,191,1
16265,2251,168,3
16266,50,102,4
16267,3644,696,2
16268,9162,85,3
16269,5279,777,3
16270,3425,962,1
16271,2338,267,4
16272,8004,257,1
16273,70,883,3
16274,106,308,2
16275,7349,562,1
16276,4665,72,1
16277,9566,384,4
16278,3674,430,1
16279,6754,715,2
16280,4332,41,3
16281,1304,910,2
16282,597,48,3
16283,7584,191,2
16284,9263,383,2
16285,3067,464,1
16286,8319,175,2
16287,3613,839,1
16288,6701,498,1
16289,6859,141,4
16290,9020,68,4
16291,5461,316,1
16292,4706,302,2
16293,4034,225,3
16294,2549,683,1
16295,5164,416,1
16296,2306,223,2
16297,4931,904,4
16298,5024,942,4
16299,8634,967,4
16300,9302,136,4
16301,1403,565,3
16302,5806,755,1
16303,3768,479,1
16304,3419,720,3
16305,9524,463,4
16306,8883,751,1
16307,9156,507,3
16308,1641,469,4
16309,7722,633,2
16310,3533,446,2
16311,9357,309,3
16312,8057,190,1
16313,2150,53,2
16314,5185,168,1
16315,1013,310,1
16316,1944,851,3
16317,6839,542,1
16318,3972,905,2
16319,3995,76,2
16320,8579,441,2
16321,4735,589,2
16322,3526,812,3
16323,2202,763,3
16324,9949,202,4
16325,1831,46,3
16326,1630,476,4
16327,3055,826,3
16328,1724,896,1
16329,4096,666,1
16330,1158,422,3
16331,686,757,3
16332,417,234,4
16333,6558,133,1
16334,1812,541,1
16335,7156,628,1
16336,4532,251,1
16337,1767,312,2
16338,1146,624,1
16339,2779,1,4
16340,2403,833,3
16341,4708,66,3
16342,343,71,4
16343,6875,750,3
16344,1296,349,1
16345,9917,628,3
16346,8102,760,3
16347,6322,540,1
16348,1213,663,2
16349,4141,228,1
16350,5542,229,2
16351,9849,228,1
16352,4247,599,2
16353,9905,138,2
16354,2561,213,3
16355,9989,871,4
16356,3969,284,4
16357,2740,792,4
16358,2726,748,3
16359,7286,107,2
16360,9368,97,4
16361,5208,914,2
16362,7272,691,4
16363,3264,6,4
16364,2216,692,3
16365,167,240,4
16366,4700,538,1
16367,204,907,2
16368,5818,844,3
16369,151,442,3
16370,6255,686,4
16371,6922,375,1
16372,8061,150,4
16373,8180,938,3
16374,3598,161,1
16375,2160,209,4
16376,5317,754,3
16377,7134,300,3
16378,1778,267,2
16379,73,32,1
16380,6031,632,1
16381,3584,951,2
16382,4162,972,1
16383,3900,49,2
16384,2264,984,2
16385,5069,207,4
16386,4454,987,3
16387,6054,393,4
16388,3284,24,1
16389,6208,437,3
16390,9002,55,3
16391,4437,20,4
16392,6662,859,3
16393,5101,418,3
16394,1092,340,4
16395,1541,498,2
16396,3799,52,1
16397,2247,539,2
16398,4552,592,2
16399,8788,274,3
16400,5435,336,1
16401,7788,318,2
16402,8439,146,1
16403,3216,729,4
16404,9512,701,3
16405,4391,31,1
16406,167,67,1
16407,5390,444,4
16408,7768,612,1
16409,3674,962,4
16410,4218,926,4
16411,4979,309,2
16412,2505,856,1
16413,6600,597,4
16414,8576,622,2
16415,8193,443,4
16416,9560,830,4
16417,9515,240,3
16418,8193,891,3
16419,7086,991,2
16420,5913,486,2
16421,2107,825,2
16422,1392,324,2
16423,6598,35,3
16424,7499,608,3
16425,8962,71,3
16426,7492,327,1
16427,389,37,1
16428,6045,315,3
16429,7528,369,1
16430,2943,268,3
16431,8033,241,4
16432,9341,714,3
16433,8373,840,1
16434,935,151,1
16435,3650,173,4
16436,845,453,4
16437,1112,491,2
16438,2457,679,2
16439,6113,682,1
16440,9801,722,1
16441,6035,738,3
16442,7412,235,2
16443,2913,965,2
16444,3019,249,2
16445,6584,906,1
16446,1477,465,3
16447,4689,148,4
16448,8698,534,2
16449,2738,62,1
16450,2229,280,2
16451,3413,319,2
16452,617,737,4
16453,1289,721,3
16454,5437,416,4
16455,2354,449,3
16456,7858,202,1
16457,2193,725,2
16458,9697,847,3
16459,9136,299,4
16460,7241,82,3
16461,6455,483,2
16462,3374,661,1
16463,2522,126,2
16464,7250,41,1
16465,8554,218,2
16466,7960,269,1
16467,3173,999,1
16468,7160,605,3
16469,7829,818,3
16470,3962,267,1
16471,8818,544,1
16472,5906,890,4
16473,7026,853,3
16474,1361,383,1
16475,2331,100,4
16476,4272,947,3
16477,9965,574,2
16478,1409,589,3
16479,1918,374,1
16480,7788,419,2
16481,8383,419,1
16482,9042,670,1
16483,8990,359,3
16484,129,646,2
16485,1010,200,2
16486,5877,228,3
16487,5287,338,3
16488,3210,612,4
16489,2967,12,3
16490,6782,17,1
16491,6843,726,3
16492,2294,3,2
16493,2329,869,3
16494,9304,504,2
16495,6793,475,1
16496,7304,823,1
16497,700,399,1
16498,1634,762,1
16499,3811,647,1
16500,3670,140,2
16501,3459,683,2
16502,4093,364,3
16503,3667,204,4
16504,4251,327,2
16505,7041,719,3
16506,6540,39,2
16507,6393,487,3
16508,1636,875,2
16509,1324,869,4
16510,3613,989,2
16511,4111,322,4
16512,3058,172,2
16513,7992,147,3
16514,8806,837,3
16515,3569,586,4
16516,810,612,4
16517,889,815,4
16518,9542,195,1
16519,67,359,1
16520,5787,646,1
16521,7533,72,1
16522,8697,848,1
16523,6755,776,3
16524,3278,708,3
16525,9422,723,3
16526,1033,793,3
16527,3296,641,2
16528,1016,732,2
16529,9150,234,3
16530,3893,279,2
16531,4508,655,3
16532,148,722,1
16533,5231,978,2
16534,8724,985,1
16535,866,745,4
16536,4310,857,4
16537,2002,975,3
16538,7322,674,4
16539,9652,596,2
16540,3031,275,4
16541,6558,705,3
16542,9914,884,2
16543,8574,942,4
16544,3296,787,4
16545,8339,12,1
16546,3028,728,4
16547,6180,584,2
16548,888,35,3
16549,5101,457,4
16550,4582,992,2
16551,4717,633,3
16552,5029,146,2
16553,8850,93,2
16554,2533,346,3
16555,1350,842,2
16556,6152,405,1
16557,7936,664,2
16558,7192,161,4
16559,3035,116,2
16560,7107,631,1
16561,9125,404,4
16562,317,173,2
16563,9604,412,2
16564,1215,421,3
16565,787,120,2
16566,4507,849,1
16567,4848,681,1
16568,3423,320,1
16569,7865,428,1
16570,7998,117,2
16571,8192,489,4
16572,3549,533,4
16573,4877,23,3
16574,7630,842,1
16575,4452,844,2
16576,710,677,4
16577,6624,739,3
16578,8088,761,4
16579,3090,373,3
16580,4084,15,1
16581,2436,133,4
16582,9903,309,1
16583,5315,250,3
16584,4120,833,2
16585,1995,517,4
16586,210,662,3
16587,660,636,2
16588,2402,67,4
16589,2274,741,3
16590,3638,178,2
16591,4502,9,3
16592,270,911,4
16593,4827,588,2
16594,8697,249,3
16595,1311,417,2
16596,3973,868,2
16597,5249,663,2
16598,8354,512,3
16599,5051,962,1
16600,2298,584,1
16601,3223,216,2
16602,2488,491,4
16603,336,883,2
16604,9606,981,2
16605,2018,577,1
16606,6730,820,3
16607,8201,772,1
16608,6365,265,2
16609,8388,381,3
16610,1034,143,4
16611,6612,720,2
16612,1844,530,1
16613,5292,521,2
16614,138,629,4
16615,6401,599,1
16616,4853,961,4
16617,3279,857,3
16618,379,510,4
16619,3812,982,1
16620,8971,843,3
16621,3866,882,4
16622,7528,371,2
16623,3573,360,3
16624,730,584,3
16625,3998,932,2
16626,2779,661,3
16627,4060,202,3
16628,314,403,3
16629,4981,250,2
16630,8480,635,1
16631,2632,332,3
16632,8176,766,1
16633,2885,485,1
16634,6450,387,3
16635,5067,566,3
16636,6663,831,4
16637,8962,707,4
16638,8441,612,2
16639,6526,767,3
16640,5178,113,2
16641,7869,786,1
16642,1562,106,2
16643,6899,58,4
16644,3709,819,4
16645,197,806,3
16646,5519,316,3
16647,6710,728,3
16648,1703,343,3
16649,1463,858,3
16650,2883,944,2
16651,8817,429,1
16652,5013,323,1
16653,9959,313,1
16654,3683,654,2
16655,2547,820,3
16656,8433,66,3
16657,553,87,1
16658,1788,688,1
16659,9456,26,3
16660,570,680,3
16661,5046,751,2
16662,8893,105,4
16663,4998,977,3
16664,8259,705,1
16665,8648,112,1
16666,6504,718,2
16667,5432,366,1
16668,9486,503,2
16669,6535,195,3
16670,4469,366,3
16671,6821,381,2
16672,4758,506,4
16673,9130,140,3
16674,8757,878,3
16675,5850,604,4
16676,2179,153,1
16677,6071,45,1
16678,1407,393,1
16679,368,144,4
16680,8494,309,4
16681,7795,470,4
16682,7095,759,1
16683,9570,182,1
16684,2174,593,4
16685,6583,254,4
16686,7314,350,3
16687,5920,680,4
16688,4869,741,2
16689,1699,697,2
16690,6275,392,4
16691,1510,94,4
16692,2692,829,3
16693,3324,344,2
16694,2216,622,2
16695,9156,408,2
16696,9412,666,1
16697,8788,488,2
16698,7651,349,2
16699,7440,650,2
16700,7836,363,1
16701,3550,80,3
16702,8522,759,4
16703,2338,884,1
16704,7730,75,2
16705,8591,586,3
16706,7799,683,4
16707,9075,345,3
16708,849,455,3
16709,5663,253,2
16710,4483,87,1
16711,3027,973,2
16712,6685,307,4
16713,2967,663,3
16714,803,385,4
16715,7476,706,2
16716,101,407,3
16717,7547,315,1
16718,5579,380,1
16719,3665,488,3
16720,204,128,4
16721,2,331,3
16722,8017,765,1
16723,4549,872,4
16724,8329,877,4
16725,1033,938,2
16726,3804,492,2
16727,9108,481,2
16728,5926,501,4
16729,8498,367,4
16730,4149,156,4
16731,5695,218,1
16732,5124,291,4
16733,1338,509,4
16734,4160,901,1
16735,6926,539,4
16736,7995,290,3
16737,8610,579,4
16738,1950,707,3
16739,1690,674,4
16740,233,18,1
16741,4174,291,2
16742,5960,755,2
16743,5626,738,1
16744,31,49,4
16745,7720,35,4
16746,7073,26,2
16747,4348,777,3
16748,3639,20,1
16749,7506,652,2
16750,4601,90,3
16751,2540,492,3
16752,2521,759,1
16753,2318,551,1
16754,4027,206,1
16755,9980,984,3
16756,3949,809,1
16757,1963,773,1
16758,8851,504,3
16759,3095,465,3
16760,1751,901,2
16761,6845,19,1
16762,2645,993,4
16763,7199,273,3
16764,8405,396,1
16765,8555,584,3
16766,2142,775,1
16767,6276,155,3
16768,8783,548,4
16769,8226,133,1
16770,2636,769,2
16771,5714,1000,2
16772,7037,357,3
16773,2447,159,1
16774,5139,194,3
16775,8582,64,2
16776,136,179,3
16777,1678,353,4
16778,1894,401,1
16779,9870,348,3
16780,6720,469,2
16781,3107,612,1
16782,4731,981,3
16783,1742,560,3
16784,611,455,1
16785,1270,213,2
16786,5650,69,3
16787,7146,253,3
16788,4762,473,4
16789,6023,549,3
16790,8795,712,3
16791,4897,790,4
16792,6703,183,1
16793,6974,994,2
16794,4650,799,4
16795,7937,218,4
16796,279,937,2
16797,1780,724,4
16798,6424,815,1
16799,7840,847,3
16800,3284,142,4
16801,4971,738,1
16802,7875,164,2
16803,5900,372,1
16804,4797,358,3
16805,366,128,2
16806,9590,600,1
16807,1521,11,1
16808,919,175,4
16809,4020,891,1
16810,214,684,1
16811,9862,597,1
16812,7344,737,2
16813,9297,973,3
16814,9191,775,2
16815,5002,1,2
16816,9843,38,4
16817,15,464,4
16818,1076,927,4
16819,2884,831,4
16820,782,195,3
16821,5152,57,3
16822,8934,969,2
16823,711,176,3
16824,4132,929,4
16825,9659,292,2
16826,7720,298,2
16827,2439,333,4
16828,8057,608,2
16829,157,317,2
16830,1709,282,3
16831,3357,521,2
16832,3227,246,2
16833,1485,222,1
16834,1124,865,2
16835,8997,794,4
16836,8420,794,2
16837,2239,407,4
16838,2836,253,3
16839,6883,103,1
16840,9786,895,3
16841,3146,421,1
16842,4634,503,3
16843,6359,142,4
16844,9138,557,2
16845,4050,366,3
16846,3431,986,1
16847,8714,958,3
16848,4793,895,3
16849,6395,615,1
16850,4898,527,2
16851,5504,402,2
16852,4665,501,1
16853,7056,567,1
16854,1744,880,4
16855,7499,89,1
16856,8931,755,4
16857,9734,402,3
16858,4266,41,4
16859,5935,949,1
16860,848,150,2
16861,6061,413,3
16862,1366,306,1
16863,7724,465,1
16864,4133,877,2
16865,1333,728,1
16866,5207,315,2
16867,5422,762,1
16868,3134,454,1
16869,8307,240,3
16870,9685,645,4
16871,9526,587,2
16872,2515,626,1
16873,961,736,1
16874,7230,457,3
16875,8310,972,3
16876,9988,822,1
16877,2856,527,2
16878,1930,800,4
16879,7105,856,4
16880,952,960,2
16881,8705,891,2
16882,4287,503,4
16883,2442,420,3
16884,6915,805,1
16885,6492,122,3
16886,855,69,4
16887,353,346,1
16888,3885,335,1
16889,215,980,4
16890,8753,795,4
16891,1122,975,1
16892,4179,23,4
16893,7059,463,1
16894,3792,309,4
16895,337,35,2
16896,6480,196,4
16897,4918,689,4
16898,4632,385,2
16899,2225,679,3
16900,709,658,4
16901,4267,469,4
16902,2751,96,2
16903,8902,759,2
16904,5230,585,2
16905,222,77,4
16906,8308,803,3
16907,9262,454,1
16908,7233,68,2
16909,5924,495,3
16910,1959,106,4
16911,1270,259,3
16912,411,895,2
16913,4677,183,4
16914,5230,868,4
16915,7244,207,1
16916,1744,785,1
16917,2047,477,4
16918,6318,3,2
16919,7211,627,1
16920,2176,425,1
16921,5634,284,1
16922,8409,938,3
16923,6567,617,1
16924,83,235,2
16925,4887,573,1
16926,948,61,2
16927,3136,320,3
16928,3443,788,2
16929,1813,651,4
16930,5078,739,2
16931,2367,96,4
16932,5932,997,1
16933,1391,370,4
16934,9251,774,1
16935,3251,397,4
16936,8557,670,3
16937,4051,848,4
16938,9943,149,1
16939,6393,910,2
16940,6262,686,2
16941,4278,535,1
16942,8065,831,2
16943,8074,107,2
16944,1110,95,3
16945,8440,833,2
16946,5370,52,3
16947,3488,286,2
16948,1534,883,1
16949,2623,98,2
16950,8812,538,2
16951,9622,97,3
16952,5731,319,4
16953,718,661,3
16954,4627,936,2
16955,3430,182,1
16956,2521,329,3
16957,4808,197,2
16958,4525,300,2
16959,9991,188,2
16960,977,478,1
16961,403,339,1
16962,8984,598,3
16963,863,763,1
16964,6641,644,4
16965,2633,250,2
16966,6585,599,2
16967,6099,103,1
16968,7604,223,3
16969,1032,325,2
16970,4730,644,2
16971,5922,435,4
16972,9707,293,1
16973,5651,295,1
16974,4943,429,1
16975,7281,284,3
16976,5229,420,2
16977,8007,569,1
16978,1974,533,4
16979,1594,736,3
16980,1469,233,1
16981,87,406,2
16982,4863,37,4
16983,1582,180,2
16984,6177,822,2
16985,3734,783,4
16986,1805,557,1
16987,5994,450,4
16988,7256,417,3
16989,2159,207,4
16990,8693,732,3
16991,606,464,1
16992,5040,472,3
16993,5705,161,2
16994,156,800,2
16995,3415,709,3
16996,328,108,2
16997,3730,172,1
16998,828,807,1
16999,1907,723,2
17000,4366,630,2
17001,4590,109,3
17002,8301,932,2
17003,2279,86,2
17004,1374,772,3
17005,1246,106,1
17006,9039,554,1
17007,9899,556,3
17008,808,398,4
17009,6106,616,2
17010,5603,406,1
17011,4430,888,1
17012,400,562,1
17013,4937,692,3
17014,2113,913,4
17015,185,413,2
17016,1437,496,3
17017,4295,504,1
17018,7879,258,3
17019,2835,143,3
17020,9952,956,3
17021,9930,663,4
17022,6538,912,2
17023,9324,124,4
17024,488,49,4
17025,6473,583,3
17026,1351,710,4
17027,5340,696,4
17028,434,767,1
17029,5707,130,3
17030,857,776,4
17031,4011,776,3
17032,4865,113,4
17033,7268,539,3
17034,3647,27,3
17035,4987,322,4
17036,7624,797,3
17037,9482,526,1
17038,9091,964,4
17039,3995,862,2
17040,4923,776,2
17041,3258,327,1
17042,8789,952,3
17043,1472,891,1
17044,2083,925,4
17045,4258,928,1
17046,6284,147,4
17047,8686,377,2
17048,405,348,4
17049,6777,8,3
17050,9431,578,2
17051,2397,900,1
17052,9442,474,3
17053,6577,384,4
17054,3386,996,2
17055,6095,419,1
17056,2580,792,4
17057,6448,94,4
17058,6769,812,1
17059,3625,519,1
17060,353,134,1
17061,8926,512,3
17062,534,180,2
17063,6875,341,1
17064,693,755,2
17065,1054,625,1
17066,8717,324,4
17067,9117,925,2
17068,5192,537,3
17069,2307,189,1
17070,8395,946,4
17071,5826,130,1
17072,7440,511,3
17073,8569,998,4
17074,792,185,3
17075,6665,916,2
17076,7784,850,1
17077,1472,852,4
17078,9642,55,4
17079,2440,876,4
17080,3982,177,3
17081,6105,863,4
17082,7565,604,4
17083,4371,570,3
17084,12,535,3
17085,2702,769,2
17086,8586,427,1
17087,9856,541,2
17088,7196,151,4
17089,107,387,3
17090,7834,445,2
17091,9854,785,4
17092,7711,151,2
17093,5037,108,4
17094,8215,747,4
17095,8299,945,1
17096,4312,173,4
17097,8375,699,2
17098,5361,824,4
17099,7209,708,2
17100,4858,125,3
17101,4730,951,1
17102,5957,485,1
17103,7785,447,2
17104,6624,584,4
17105,7583,859,2
17106,8755,580,2
17107,5893,498,4
17108,5703,341,3
17109,1083,270,4
17110,5915,622,2
17111,1068,276,2
17112,929,609,3
17113,3749,163,1
17114,8874,591,2
17115,1736,894,3
17116,4074,48,3
17117,8380,740,4
17118,6039,270,2
17119,3788,685,1
17120,6967,512,1
17121,9895,107,4
17122,4664,178,3
17123,1350,526,4
17124,7640,764,3
17125,6740,388,4
17126,1659,853,4
17127,5972,888,2
17128,4919,877,1
17129,7486,717,3
17130,8471,386,1
17131,4040,671,2
17132,4483,949,4
17133,4259,682,3
17134,698,50,3
17135,5011,884,1
17136,8840,866,3
17137,918,10,4
17138,595,199,1
17139,8170,967,3
17140,3908,775,4
17141,3811,861,3
17142,8622,410,1
17143,5283,738,4
17144,5242,559,4
17145,9867,831,2
17146,4785,842,1
17147,4208,568,4
17148,9908,948,2
17149,8893,728,3
17150,1171,205,4
17151,270,454,4
17152,472,235,2
17153,846,784,1
17154,4582,68,1
17155,8297,154,4
17156,926,442,1
17157,6365,541,2
17158,1325,486,4
17159,6875,280,4
17160,8189,21,3
17161,8150,817,3
17162,2767,1,3
17163,541,663,1
17164,8734,39,1
17165,597,65,2
17166,6855,963,1
17167,6544,190,1
17168,1932,125,1
17169,6281,853,4
17170,77,768,1
17171,9543,56,3
17172,2675,252,2
17173,6698,754,4
17174,3661,721,3
17175,5721,411,3
17176,5552,37,3
17177,546,721,4
17178,9697,697,3
17179,2414,660,3
17180,9795,145,2
17181,252,171,1
17182,3731,640,3
17183,2134,27,4
17184,6774,924,3
17185,4070,352,2
17186,2491,375,4
17187,2004,946,2
17188,7697,41,1
17189,5616,465,4
17190,5015,319,1
17191,6912,938,4
17192,2493,120,3
17193,5335,745,3
17194,8474,841,3
17195,7862,662,1
17196,6986,656,2
17197,6903,987,1
17198,8091,693,3
17199,6154,567,2
17200,6546,548,1
17201,4232,686,1
17202,5997,337,1
17203,1410,651,3
17204,5494,896,4
17205,228,13,3
17206,268,882,1
17207,7949,195,2
17208,7502,343,1
17209,1691,653,2
17210,8638,641,4
17211,1274,235,1
17212,8547,529,2
17213,5557,338,4
17214,588,93,4
17215,470,100,4
17216,1416,677,3
17217,9393,305,2
17218,5694,710,2
17219,5324,770,2
17220,5918,243,4
17221,225,628,3
17222,2545,30,4
17223,5858,639,3
17224,4593,983,3
17225,60,563,1
17226,9593,596,3
17227,9172,621,2
17228,8494,144,1
17229,5473,817,3
17230,9489,792,4
17231,3098,12,2
17232,9968,714,4
17233,7834,141,3
17234,1859,555,2
17235,3169,575,3
17236,3996,310,1
17237,556,183,4
17238,3683,612,4
17239,4716,607,2
17240,6032,302,3
17241,9720,634,4
17242,200,459,3
17243,5228,298,3
17244,3123,547,2
17245,2553,247,3
17246,495,579,1
17247,7306,35,3
17248,7951,878,3
17249,3483,539,2
17250,7013,510,2
17251,9167,163,4
17252,5780,595,4
17253,6167,538,1
17254,7632,589,1
17255,744,858,3
17256,1998,710,2
17257,1786,315,4
17258,9543,833,2
17259,9523,851,2
17260,3332,643,4
17261,3552,272,3
17262,8263,498,2
17263,3673,394,2
17264,6146,154,3
17265,8236,295,1
17266,1733,841,3
17267,6102,499,3
17268,8653,737,4
17269,3661,917,4
17270,8942,539,1
17271,6014,50,4
17272,4941,321,1
17273,2020,342,2
17274,4806,474,1
17275,8638,759,4
17276,1391,830,1
17277,633,25,2
17278,19,922,1
17279,4021,350,2
17280,7780,333,1
17281,7599,651,2
17282,8683,403,2
17283,2112,287,3
17284,9023,505,2
17285,6950,936,1
17286,684,918,2
17287,9957,518,3
17288,6046,661,3
17289,8919,189,1
17290,4845,771,4
17291,1649,477,2
17292,7694,32,1
17293,9104,584,1
17294,3435,527,4
17295,2051,117,4
17296,2148,702,2
17297,6600,3,4
17298,9946,390,4
17299,8829,518,3
17300,4117,559,4
17301,9599,295,2
17302,1426,463,2
17303,3240,952,2
17304,2129,30,4
17305,2880,286,1
17306,7596,165,4
17307,4658,223,3
17308,8356,695,3
17309,6302,585,2
17310,2089,515,4
17311,4352,979,2
17312,4746,141,1
17313,5419,18,2
17314,4689,57,1
17315,5784,43,2
17316,4672,357,1
17317,3211,877,4
17318,3820,382,1
17319,9964,184,4
17320,9311,177,3
17321,2654,437,1
17322,7729,381,1
17323,6005,869,3
17324,1424,536,2
17325,2913,956,4
17326,525,57,2
17327,1112,884,2
17328,7034,769,1
17329,3541,618,2
17330,3414,159,2
17331,9611,698,4
17332,4590,994,3
17333,5379,98,2
17334,2400,479,4
17335,44,989,4
17336,8753,430,4
17337,123,969,4
17338,6609,298,3
17339,2081,781,1
17340,7437,39,4
17341,8015,106,2
17342,6073,691,2
17343,3846,931,2
17344,1443,180,3
17345,1916,91,4
17346,46,356,3
17347,2088,205,1
17348,1657,671,2
17349,6179,935,2
17350,5791,797,4
17351,4434,990,3
17352,6479,412,4
17353,5005,396,3
17354,5605,25,3
17355,7396,321,1
17356,9320,274,2
17357,4170,131,3
17358,4536,514,2
17359,5225,682,1
17360,8778,374,1
17361,1300,370,3
17362,9358,941,3
17363,7379,708,3
17364,139,704,3
17365,6932,940,3
17366,3532,263,2
17367,5587,308,2
17368,2469,779,1
17369,3739,723,2
17370,6902,3,2
17371,9333,492,3
17372,9190,25,3
17373,7473,609,4
17374,9086,461,2
17375,3393,777,3
17376,2672,37,1
17377,8515,564,4
17378,6466,886,1
17379,1395,54,4
17380,7093,997,2
17381,635,168,4
17382,6958,893,3
17383,3994,374,1
17384,9013,852,3
17385,7615,634,1
17386,7260,163,1
17387,4352,533,4
17388,9125,549,2
17389,3857,570,3
17390,5651,124,3
17391,1668,30,2
17392,4135,414,4
17393,7180,242,1
17394,8295,833,1
17395,4259,556,1
17396,8663,95,2
17397,7938,790,2
17398,8073,713,3
17399,7055,15,1
17400,1313,773,1
17401,1460,375,4
17402,6807,242,1
17403,1068,27,3
17404,8924,380,3
17405,7477,720,2
17406,9876,703,2
17407,8483,104,2
17408,4097,20,1
17409,4687,503,4
17410,6327,597,4
17411,4528,562,3
17412,7066,90,3
17413,1741,28,1
17414,4909,328,2
17415,9405,952,4
17416,1678,467,2
17417,132,281,2
17418,1614,952,1
17419,3112,517,4
17420,5312,8,2
17421,1193,652,1
17422,6730,732,1
17423,7895,232,3
17424,5656,681,4
17425,2012,903,4
17426,7820,453,2
17427,1861,440,4
17428,4735,61,1
17429,6371,996,2
17430,5251,578,3
17431,3210,983,3
17432,5891,276,4
17433,7752,143,1
17434,8223,858,2
17435,8110,159,3
17436,9429,357,4
17437,1750,402,2
17438,8130,686,3
17439,286,109,3
17440,9072,949,1
17441,754,936,2
17442,8147,29,2
17443,6507,895,3
17444,6641,361,4
17445,6521,70,1
17446,5900,144,4
17447,2836,195,4
17448,5651,318,2
17449,5318,314,4
17450,7901,569,1
17451,1950,327,2
17452,7063,838,1
17453,8032,304,4
17454,9275,732,2
17455,5520,527,2
17456,9347,497,3
17457,7333,614,1
17458,6614,922,4
17459,5290,585,1
17460,4643,309,3
17461,5778,18,2
17462,2930,728,2
17463,2024,153,3
17464,8356,659,1
17465,4184,843,2
17466,8005,271,2
17467,5379,518,1
17468,5897,805,4
17469,5250,307,3
17470,8882,155,4
17471,3556,470,2
17472,384,265,1
17473,7146,520,2
17474,9982,712,3
17475,2750,273,1
17476,8583,896,3
17477,296,297,1
17478,188,397,1
17479,6465,505,1
17480,8609,725,4
17481,6533,130,3
17482,506,521,2
17483,9168,221,2
17484,859,32,2
17485,7681,224,2
17486,8529,330,2
17487,9146,915,2
17488,5193,506,1
17489,2331,731,4
17490,8131,162,1
17491,8873,172,3
17492,8020,927,1
17493,5898,464,4
17494,3805,741,1
17495,7868,337,2
17496,6652,233,4
17497,8832,789,4
17498,9741,44,2
17499,6433,120,3
17500,3929,629,4
17501,8778,170,2
17502,9584,528,2
17503,3401,422,1
17504,9607,345,4
17505,1769,488,2
17506,169,53,2
17507,462,645,3
17508,6209,317,3
17509,1336,330,4
17510,8985,594,4
17511,5018,534,2
17512,8949,465,3
17513,8785,755,2
17514,3145,774,1
17515,8949,909,2
17516,298,764,2
17517,1421,335,4
17518,3926,833,2
17519,105,548,2
17520,6725,940,1
17521,6185,720,2
17522,2328,516,4
17523,9661,296,4
17524,3818,90,1
17525,255,608,2
17526,961,891,3
17527,8531,851,1
17528,6659,98,1
17529,3098,256,4
17530,2828,571,3
17531,7840,806,1
17532,1690,382,4
17533,7741,111,4
17534,5708,164,4
17535,3932,873,1
17536,2714,687,4
17537,6896,630,1
17538,3345,142,4
17539,3428,577,4
17540,7120,394,2
17541,9433,22,1
17542,3332,468,3
17543,1102,858,2
17544,8932,813,2
17545,9611,947,1
17546,7241,354,4
17547,7956,219,3
17548,758,700,2
17549,2136,711,1
17550,4495,506,2
17551,362,98,2
17552,4313,590,1
17553,7315,287,2
17554,4560,102,2
17555,3546,362,4
17556,7657,151,1
17557,7765,696,1
17558,9639,19,1
17559,4434,727,4
17560,3658,751,3
17561,2290,479,2
17562,2837,51,3
17563,8810,703,1
17564,423,673,1
17565,5911,815,1
17566,7599,862,3
17567,8848,982,4
17568,2172,131,1
17569,6673,550,4
17570,7875,251,4
17571,4501,245,3
17572,1046,788,3
17573,2675,255,3
17574,9644,534,2
17575,1012,895,2
17576,9367,649,1
17577,1149,404,4
17578,6036,909,1
17579,5945,72,4
17580,4305,504,4
17581,2613,249,3
17582,3427,701,4
17583,6439,641,4
17584,4628,449,3
17585,7066,931,3
17586,128,223,2
17587,5869,20,3
17588,6273,518,1
17589,1676,329,2
17590,7343,815,4
17591,5724,39,4
17592,551,253,1
17593,7448,846,3
17594,8211,352,4
17595,9967,682,2
17596,6790,922,2
17597,2167,837,2
17598,9637,640,1
17599,9963,266,3
17600,7947,923,4
17601,3861,665,3
17602,3581,891,2
17603,9802,596,4
17604,1137,179,2
17605,6782,226,1
17606,7148,121,2
17607,7289,733,4
17608,1011,406,1
17609,8274,863,4
17610,8763,746,1
17611,1319,563,4
17612,1084,422,4
17613,9592,584,2
17614,4375,666,1
17615,898,338,3
17616,6257,500,2
17617,4325,132,4
17618,4486,135,1
17619,7256,899,3
17620,2922,649,4
17621,1942,781,4
17622,1039,197,4
17623,5617,902,4
17624,5005,571,4
17625,7231,765,1
17626,4320,848,2
17627,6765,284,2
17628,6148,86,4
17629,5158,919,1
17630,8201,526,4
17631,214,61,2
17632,6041,111,2
17633,9142,114,4
17634,742,172,3
17635,4094,242,3
17636,4775,71,1
17637,19,176,2
17638,547,76,2
17639,9221,138,1
17640,6738,26,2
17641,2438,942,2
17642,7514,2,4
17643,2853,954,4
17644,4010,247,2
17645,9254,201,2
17646,854,924,1
17647,2505,830,2
17648,2789,556,3
17649,2671,123,2
17650,4385,9,1
17651,6377,860,2
17652,2138,278,1
17653,7918,983,3
17654,8651,415,1
17655,355,411,3
17656,9700,701,2
17657,4107,465,4
17658,9981,26,2
17659,9698,16,2
17660,7596,411,1
17661,4396,920,3
17662,768,689,2
17663,269,858,2
17664,7089,740,2
17665,7491,565,2
17666,8046,166,3
17667,3504,591,2
17668,8025,297,3
17669,3698,455,3
17670,858,77,2
17671,6302,556,3
17672,592,936,3
17673,6823,300,2
17674,2337,664,1
17675,6740,809,3
17676,3713,121,2
17677,4320,531,2
17678,8713,911,2
17679,7361,624,1
17680,6397,646,3
17681,4986,346,4
17682,3898,270,3
17683,4465,121,2
17684,2223,239,4
17685,6245,960,1
17686,6830,188,3
17687,2985,229,1
17688,9046,70,4
17689,3562,702,2
17690,4290,630,3
17691,5459,149,1
17692,4126,365,2
17693,4592,150,1
17694,5803,171,4
17695,8058,207,1
17696,7399,787,4
17697,1863,255,1
17698,8983,789,4
17699,6288,234,3
17700,4758,735,1
17701,397,832,2
17702,2254,9,2
17703,7116,789,4
17704,9160,571,4
17705,9585,369,1
17706,2575,489,1
17707,5143,501,1
17708,2619,495,2
17709,339,790,2
17710,8511,876,2
17711,961,56,1
17712,619,224,1
17713,1463,113,1
17714,9161,51,1
17715,9296,974,2
17716,9161,908,2
17717,1841,792,1
17718,3233,873,4
17719,8384,108,3
17720,1877,913,3
17721,1722,477,2
17722,6971,376,3
17723,905,818,1
17724,6455,181,3
17725,2286,609,3
17726,6007,378,2
17727,8359,494,1
17728,9347,490,1
17729,5200,679,3
17730,2604,997,2
17731,841,369,2
17732,2265,726,2
17733,7693,65,3
17734,8686,938,4
17735,5397,320,3
17736,9995,415,2
17737,2975,272,2
17738,4773,946,4
17739,6636,60,3
17740,7952,186,3
17741,8367,274,2
17742,3011,919,1
17743,377,15,1
17744,4783,230,1
17745,652,987,1
17746,7109,657,1
17747,9888,453,1
17748,7058,471,1
17749,4169,737,2
17750,181,165,3
17751,1791,972,2
17752,5708,33,1
17753,6079,274,2
17754,3357,226,3
17755,8190,291,1
17756,5834,124,1
17757,3848,960,3
17758,2899,702,1
17759,5936,86,3
17760,7236,752,2
17761,9293,753,1
17762,5339,229,4
17763,9504,932,1
17764,5664,675,3
17765,8102,154,4
17766,6339,564,3
17767,1630,535,1
17768,6944,131,2
17769,6356,118,2
17770,6454,146,3
17771,3833,649,3
17772,1942,590,1
17773,7589,996,2
17774,9404,328,2
17775,2489,607,3
17776,5007,273,1
17777,5490,746,3
17778,4392,798,4
17779,3873,703,2
17780,1422,568,2
17781,7268,22,1
17782,6402,795,2
17783,7034,567,4
17784,1553,860,1
17785,9146,951,3
17786,4869,887,4
17787,6861,989,1
17788,8001,993,4
17789,9852,521,4
17790,2577,534,4
17791,8165,963,3
17792,3576,238,2
17793,9054,761,3
17794,2545,328,1
17795,5028,585,4
17796,2649,365,2
17797,5809,742,3
17798,9125,31,2
17799,1853,804,3
17800,3619,619,3
17801,3528,67,2
17802,1210,218,3
17803,2126,69,3
17804,8296,342,4
17805,5550,78,4
17806,4383,241,1
17807,9937,844,2
17808,6728,132,1
17809,9629,964,4
17810,4034,108,3
17811,5954,463,2
17812,7004,666,3
17813,4942,191,3
17814,8425,674,4
17815,6435,4,1
17816,9341,703,3
17817,6571,920,1
17818,1979,434,1
17819,8822,118,1
17820,7940,305,3
17821,2615,364,3
17822,8941,961,4
17823,1929,661,3
17824,681,950,3
17825,5349,114,1
17826,803,882,1
17827,3190,16,4
17828,1900,356,3
17829,7839,96,1
17830,5231,475,4
17831,995,254,4
17832,1713,211,1
17833,1448,932,3
17834,2191,931,4
17835,1263,46,1
17836,3241,429,4
17837,7063,940,1
17838,7113,215,2
17839,9103,720,4
17840,8583,571,1
17841,5757,599,3
17842,5516,439,1
17843,6461,586,3
17844,5312,666,1
17845,5413,182,3
17846,2955,486,3
17847,965,623,1
17848,1667,386,1
17849,5517,202,4
17850,4200,286,2
17851,1082,391,2
17852,3623,16,1
17853,4065,7,1
17854,5046,691,3
17855,2794,888,1
17856,8631,772,2
17857,3323,321,1
17858,6206,526,2
17859,1093,90,3
17860,9706,416,2
17861,8337,422,4
17862,6682,555,3
17863,4347,281,1
17864,2464,116,1
17865,7914,784,1
17866,6261,152,2
17867,1819,512,3
17868,2071,927,4
17869,63,202,2
17870,238,8,2
17871,9350,23,2
17872,1858,343,3
17873,2236,361,3
17874,2498,520,2
17875,9586,716,1
17876,1806,146,1
17877,543,344,4
17878,218,923,1
17879,3056,701,3
17880,4599,917,2
17881,3236,407,1
17882,2329,327,4
17883,8028,241,2
17884,2764,611,1
17885,7399,106,2
17886,4089,747,2
17887,861,901,3
17888,5413,906,3
17889,30,636,2
17890,4582,235,4
17891,8366,656,4
17892,9386,109,3
17893,9017,57,2
17894,454,402,4
17895,6098,881,4
17896,9471,204,1
17897,444,742,1
17898,4057,521,4
17899,5242,657,3
17900,6803,825,4
17901,6299,907,1
17902,3839,273,2
17903,9117,134,2
17904,3163,992,3
17905,4427,241,1
17906,4115,487,1
17907,5046,177,4
17908,2182,745,1
17909,5683,83,2
17910,9887,366,3
17911,1604,298,1
17912,6968,121,1
17913,1297,154,3
17914,2412,327,4
17915,1474,987,4
17916,2840,914,2
17917,2205,651,4
17918,8731,429,2
17919,6021,92,2
17920,7666,489,2
17921,7766,406,1
17922,5821,371,3
17923,9842,12,3
17924,8478,212,1
17925,246,222,3
17926,5076,420,3
17927,3529,59,4
17928,4623,959,2
17929,775,621,4
17930,6645,515,1
17931,2377,480,1
17932,1111,658,2
17933,2408,416,3
17934,1448,968,1
17935,6877,174,3
17936,4954,146,1
17937,6067,178,1
17938,3293,39,4
17939,5527,903,4
17940,1674,811,2
17941,9173,511,3
17942,3399,224,3
17943,8290,21,1
17944,1215,202,4
17945,922,839,3
17946,9230,302,4
17947,4240,733,2
17948,1968,284,2
17949,5514,269,2
17950,7433,102,1
17951,4822,328,4
17952,6457,598,2
17953,2778,579,4
17954,2562,365,3
17955,7785,958,1
17956,7883,702,2
17957,1896,482,4
17958,9742,957,3
17959,924,361,2
17960,750,269,3
17961,3642,789,1
17962,9997,480,3
17963,922,403,2
17964,5906,636,1
17965,7858,2,1
17966,7282,955,3
17967,1012,479,2
17968,3925,583,4
17969,3563,335,1
17970,404,799,1
17971,9511,205,2
17972,1467,534,4
17973,8414,863,2
17974,9540,537,3
17975,9428,68,3
17976,6285,634,2
17977,6433,386,4
17978,3792,598,1
17979,8966,589,1
17980,691,597,1
17981,8204,717,1
17982,7814,240,2
17983,1552,532,3
17984,2032,279,1
17985,8021,709,2
17986,4550,921,4
17987,527,463,1
17988,7450,774,4
17989,5125,298,3
17990,300,497,3
17991,6481,516,4
17992,8989,28,3
17993,8029,509,1
17994,945,89,2
17995,9176,810,3
17996,9444,456,4
17997,1173,593,1
17998,4096,638,2
17999,1053,121,4
18000,902,760,3
18001,9518,864,3
18002,6378,386,4
18003,1747,998,3
18004,7769,593,4
18005,9269,204,2
18006,6413,611,3
18007,8597,95,2
18008,4053,750,3
18009,2110,604,3
18010,4567,647,1
18011,481,358,3
18012,5409,238,1
18013,5066,138,1
18014,4673,738,2
18015,1400,706,4
18016,6714,358,1
18017,9148,911,3
18018,401,203,4
18019,4280,47,2
18020,9480,554,1
18021,7098,519,4
18022,9150,654,2
18023,3477,192,4
18024,2589,126,1
18025,380,231,3
18026,8328,630,3
18027,7795,133,1
18028,5438,380,1
18029,5262,681,2
18030,1721,603,2
18031,6687,716,2
18032,3504,936,1
18033,8778,83,4
18034,2316,728,4
18035,287,961,4
18036,7046,91,2
18037,4526,132,1
18038,5059,265,1
18039,5452,404,2
18040,982,818,4
18041,2531,496,3
18042,9365,709,3
18043,911,816,1
18044,8456,633,2
18045,6309,435,2
18046,9440,234,4
18047,7371,258,1
18048,8304,671,4
18049,6026,420,1
18050,511,814,2
18051,2931,597,3
18052,8041,26,2
18053,4891,605,2
18054,5680,766,3
18055,3475,277,1
18056,7783,399,1
18057,7871,614,4
18058,6445,487,2
18059,6864,745,1
18060,9828,367,2
18061,726,601,3
18062,6165,716,2
18063,4661,504,4
18064,7664,264,1
18065,5683,874,3
18066,7033,896,2
18067,3571,310,3
18068,2015,628,1
18069,1440,182,1
18070,2921,594,1
18071,4976,206,3
18072,2385,786,1
18073,7271,265,1
18074,1119,344,3
18075,9857,469,2
18076,929,356,4
18077,5152,140,2
18078,7458,903,1
18079,9907,142,4
18080,8993,19,4
18081,6096,37,1
18082,9350,397,4
18083,70,526,2
18084,3379,912,1
18085,7026,577,4
18086,3859,794,2
18087,8676,132,4
18088,8331,704,1
18089,7248,155,2
18090,5540,993,2
18091,9152,761,1
18092,5829,914,1
18093,3119,444,2
18094,8288,511,1
18095,407,25,2
18096,3444,866,4
18097,7410,855,1
18098,4408,227,1
18099,3403,299,3
18100,6079,65,4
18101,3374,543,2
18102,2923,517,4
18103,1883,42,3
18104,7595,330,3
18105,8941,830,1
18106,1896,78,1
18107,9153,93,4
18108,7152,839,1
18109,8940,584,1
18110,1928,160,1
18111,4909,988,4
18112,1615,273,2
18113,9041,694,3
18114,529,110,1
18115,5555,836,3
18116,478,930,2
18117,3226,957,3
18118,6960,860,1
18119,994,901,4
18120,643,337,3
18121,3336,18,4
18122,2202,748,4
18123,7321,85,4
18124,9586,530,4
18125,8779,900,2
18126,975,114,4
18127,8102,433,2
18128,6647,55,3
18129,2388,912,4
18130,5036,380,2
18131,7699,615,3
18132,6578,633,4
18133,9011,170,4
18134,956,726,4
18135,9893,148,1
18136,5029,122,4
18137,6120,570,2
18138,685,243,2
18139,5596,53,1
18140,3523,455,4
18141,6446,41,1
18142,2945,847,3
18143,5369,62,2
18144,9102,894,3
18145,7193,797,1
18146,108,1000,4
18147,8457,666,4
18148,3170,797,1
18149,7670,254,4
18150,7339,855,2
18151,4081,713,1
18152,954,953,1
18153,498,639,3
18154,5790,856,4
18155,5816,679,1
18156,4087,32,1
18157,2714,11,4
18158,3664,24,1
18159,6156,206,3
18160,8205,118,1
18161,345,782,3
18162,334,138,4
18163,2740,974,3
18164,7183,816,4
18165,2826,444,1
18166,9905,326,3
18167,3972,926,4
18168,1842,718,2
18169,8131,195,3
18170,9197,367,2
18171,4753,200,3
18172,8610,892,2
18173,2338,538,1
18174,8349,340,4
18175,6238,978,2
18176,3460,395,2
18177,3885,590,1
18178,6716,734,1
18179,4096,761,3
18180,33,147,3
18181,8738,883,3
18182,5203,801,2
18183,5516,401,4
18184,846,538,1
18185,6421,713,2
18186,5734,874,4
18187,2330,816,2
18188,710,814,3
18189,5000,96,2
18190,7666,954,2
18191,8957,183,1
18192,2898,450,1
18193,6546,950,3
18194,3800,114,4
18195,5476,948,1
18196,990,803,4
18197,8560,272,1
18198,1250,825,4
18199,560,894,2
18200,889,883,1
18201,2767,149,1
18202,2241,364,3
18203,8047,786,2
18204,3874,537,4
18205,5103,528,3
18206,8297,585,2
18207,6698,585,1
18208,2105,171,3
18209,757,577,1
18210,3553,383,4
18211,9208,799,1
18212,3527,482,3
18213,2976,827,1
18214,4988,807,1
18215,5190,769,4
18216,373,582,3
18217,2169,884,1
18218,998,775,3
18219,6612,818,1
18220,5622,637,2
18221,6625,123,1
18222,400,690,3
18223,4760,747,4
18224,6759,686,1
18225,4687,587,3
18226,3271,303,1
18227,5691,64,1
18228,3785,835,4
18229,8199,104,3
18230,6076,466,3
18231,4217,720,3
18232,2753,226,3
18233,6065,772,4
18234,2058,597,3
18235,5981,4,3
18236,5977,151,3
18237,1123,102,1
18238,8512,499,1
18239,5315,313,1
18240,9242,174,2
18241,3198,297,4
18242,6531,172,4
18243,2615,376,3
18244,9072,230,3
18245,4498,814,3
18246,9910,607,3
18247,7444,192,4
18248,3393,308,3
18249,5502,677,1
18250,787,159,2
18251,499,624,4
18252,2598,610,4
18253,7488,794,2
18254,8877,407,4
18255,1300,587,2
18256,8389,336,1
18257,4407,43,4
18258,2094,55,3
18259,3588,818,3
18260,1887,11,2
18261,3828,736,1
18262,1736,803,2
18263,836,760,1
18264,1137,251,2
18265,6373,971,2
18266,4048,613,4
18267,8436,306,4
18268,6981,427,4
18269,7907,206,3
18270,8391,128,3
18271,3928,924,1
18272,2997,173,1
18273,9827,15,3
18274,3156,716,4
18275,532,933,3
18276,6874,585,1
18277,4387,778,2
18278,6767,808,3
18279,4171,264,4
18280,4266,310,2
18281,1084,733,1
18282,230,421,4
18283,233,631,1
18284,5898,214,1
18285,3758,176,4
18286,1469,887,3
18287,1539,648,4
18288,1681,34,3
18289,324,693,3
18290,4539,953,4
18291,4287,779,4
18292,3750,545,2
18293,2309,530,3
18294,631,68,3
18295,4207,756,4
18296,9362,47,3
18297,8090,979,2
18298,5343,519,1
18299,5446,973,3
18300,1796,442,2
18301,1714,524,2
18302,7267,947,3
18303,626,783,1
18304,6773,675,2
18305,1682,343,2
18306,407,699,1
18307,5339,942,1
18308,6826,988,4
18309,4673,786,1
18310,7301,629,1
18311,3304,693,2
18312,535,901,2
18313,9706,241,4
18314,5860,797,1
18315,3521,720,1
18316,1637,860,2
18317,1470,471,1
18318,9595,722,3
18319,4643,603,3
18320,7581,72,1
18321,3386,261,1
18322,1004,189,1
18323,7141,121,4
18324,9295,101,3
18325,3487,426,1
18326,935,425,4
18327,464,480,4
18328,9647,387,4
18329,105,190,3
18330,8665,637,1
18331,2119,487,1
18332,7704,493,2
18333,2591,408,3
18334,8100,548,1
18335,990,805,3
18336,2110,515,3
18337,1028,420,4
18338,3830,76,3
18339,6087,130,3
18340,6802,470,4
18341,7940,553,4
18342,9999,677,1
18343,5265,922,3
18344,2012,933,1
18345,6938,682,4
18346,9768,918,1
18347,1416,934,3
18348,3398,296,1
18349,5189,149,3
18350,2275,435,4
18351,9599,808,4
18352,9342,969,4
18353,6737,529,4
18354,9346,836,1
18355,834,479,2
18356,8245,826,1
18357,6558,842,1
18358,4285,118,2
18359,8128,605,4
18360,4438,687,1
18361,4753,936,4
18362,699,216,2
18363,4997,98,1
18364,3906,72,1
18365,1191,379,3
18366,7942,771,4
18367,889,72,2
18368,202,954,4
18369,8320,314,1
18370,8258,186,3
18371,5676,387,1
18372,4746,943,2
18373,2493,26,1
18374,3225,46,2
18375,2104,202,2
18376,5694,278,1
18377,4041,383,4
18378,1341,239,2
18379,9176,267,3
18380,7967,165,4
18381,9045,76,2
18382,1824,611,4
18383,5136,656,4
18384,3804,843,3
18385,1397,330,3
18386,9292,390,1
18387,6315,444,1
18388,7335,722,4
18389,6719,273,4
18390,1478,151,3
18391,3429,297,4
18392,9208,226,3
18393,8633,335,3
18394,9713,467,3
18395,1757,703,3
18396,8017,611,1
18397,408,322,2
18398,2425,433,4
18399,3903,415,1
18400,7113,979,2
18401,966,73,4
18402,9948,533,2
18403,1483,768,1
18404,5515,639,2
18405,8183,568,2
18406,3824,184,3
18407,6150,844,2
18408,4289,326,1
18409,1238,438,1
18410,912,846,4
18411,5667,94,3
18412,1538,222,2
18413,2801,169,4
18414,2518,630,2
18415,6209,782,3
18416,8372,562,2
18417,4497,737,4
18418,778,340,2
18419,545,740,3
18420,8960,558,2
18421,5191,149,4
18422,7648,698,1
18423,3159,822,3
18424,1493,364,4
18425,9451,292,1
18426,4893,854,4
18427,1267,542,2
18428,9753,626,1
18429,7650,547,1
18430,8141,912,4
18431,6871,102,3
18432,4165,367,1
18433,7002,108,4
18434,863,28,1
18435,3521,424,3
18436,1122,151,2
18437,138,65,4
18438,3314,370,4
18439,6454,618,1
18440,3928,415,3
18441,7304,187,3
18442,9717,561,3
18443,6258,557,3
18444,2898,831,1
18445,2814,133,3
18446,3409,785,3
18447,4119,838,1
18448,4277,251,1
18449,1552,654,3
18450,2928,406,4
18451,3810,410,2
18452,2440,334,1
18453,5806,244,1
18454,719,964,3
18455,3671,24,1
18456,4770,329,2
18457,1466,35,1
18458,2797,332,1
18459,4833,460,3
18460,4814,718,4
18461,7148,612,1
18462,7631,112,2
18463,5651,579,3
18464,1106,658,3
18465,6761,845,1
18466,7755,154,3
18467,7751,843,1
18468,2358,463,1
18469,9988,981,2
18470,8015,176,3
18471,1408,620,4
18472,8820,864,2
18473,3921,240,2
18474,908,434,3
18475,5662,989,4
18476,6506,72,2
18477,5830,352,2
18478,2276,5,2
18479,2115,943,4
18480,7115,102,4
18481,7488,974,1
18482,556,90,2
18483,8748,47,3
18484,5609,708,1
18485,7420,187,3
18486,8947,561,2
18487,3632,722,1
18488,1505,577,4
18489,9023,252,3
18490,4954,35,3
18491,2267,694,3
18492,6499,805,3
18493,344,760,4
18494,395,648,3
18495,6495,315,2
18496,2246,899,1
18497,809,524,3
18498,168,823,1
18499,5474,512,2
18500,8176,957,3
18501,52,784,4
18502,4055,928,4
18503,2790,157,2
18504,2649,337,1
18505,5664,251,4
18506,5240,884,2
18507,1531,133,2
18508,5180,573,3
18509,8503,709,3
18510,2521,63,3
18511,1529,537,3
18512,4842,283,4
18513,2565,793,1
18514,4387,878,2
18515,5042,346,4
18516,9588,480,2
18517,7339,197,1
18518,3969,925,2
18519,1442,111,1
18520,8356,887,2
18521,9686,228,1
18522,7501,282,2
18523,8664,938,3
18524,7511,855,2
18525,9964,47,2
18526,2227,87,4
18527,5477,899,1
18528,5200,902,3
18529,6996,656,4
18530,3882,759,2
18531,7191,385,1
18532,795,466,2
18533,7199,480,4
18534,6846,646,3
18535,9933,501,2
18536,2487,298,4
18537,441,377,4
18538,583,358,1
18539,2228,710,1
18540,1559,613,2
18541,5423,11,3
18542,8374,848,2
18543,6495,730,2
18544,5395,789,1
18545,7513,789,1
18546,2429,287,3
18547,6066,665,2
18548,6150,906,4
18549,4189,446,2
18550,4678,312,2
18551,2923,776,2
18552,2646,565,2
18553,7298,853,2
18554,1218,952,2
18555,131,190,4
18556,3442,191,2
18557,501,309,3
18558,8968,296,1
18559,407,13,3
18560,5822,222,3
18561,4733,281,4
18562,3031,841,2
18563,8192,986,2
18564,8197,74,4
18565,2516,496,2
18566,4523,792,2
18567,3235,269,4
18568,7343,172,1
18569,4352,885,3
18570,4700,246,4
18571,6284,932,2
18572,9054,838,2
18573,5513,695,3
18574,9360,619,3
18575,9133,296,2
18576,8130,358,4
18577,5973,378,4
18578,7105,792,3
18579,1743,989,2
18580,404,4,4
18581,1529,55,4
18582,2406,226,3
18583,9965,664,1
18584,6460,578,2
18585,1771,518,2
18586,4324,763,3
18587,6336,690,3
18588,9513,330,4
18589,6282,688,3
18590,6586,715,4
18591,185,189,1
18592,8095,437,2
18593,4583,819,3
18594,1303,925,2
18595,977,596,4
18596,1833,873,2
18597,7543,751,2
18598,4794,724,3
18599,7877,825,3
18600,4891,77,3
18601,4887,170,4
18602,5249,693,3
18603,9524,653,3
18604,3652,451,1
18605,6032,483,3
18606,4453,634,3
18607,1350,339,4
18608,5033,278,1
18609,5588,683,1
18610,2837,145,2
18611,9771,338,1
18612,8924,757,3
18613,9211,612,4
18614,6161,528,1
18615,1226,390,3
18616,5761,6,1
18617,5081,610,1
18618,8589,452,4
18619,9916,578,1
18620,6082,477,3
18621,9084,774,1
18622,982,310,4
18623,9452,45,1
18624,2542,386,4
18625,8426,148,2
18626,4178,587,1
18627,9871,797,2
18628,5083,135,4
18629,4408,926,4
18630,8258,303,4
18631,5259,175,2
18632,8261,809,1
18633,6073,346,1
18634,5182,416,2
18635,4888,629,2
18636,8020,144,3
18637,2223,36,3
18638,3385,35,1
18639,6634,59,3
18640,2282,853,4
18641,3775,767,4
18642,6066,640,4
18643,3000,998,3
18644,6398,643,3
18645,8336,828,3
18646,7495,421,1
18647,6079,18,3
18648,7704,373,4
18649,5906,729,2
18650,2673,837,1
18651,8731,542,1
18652,4162,42,3
18653,4595,513,3
18654,6778,744,3
18655,2827,595,1
18656,8754,600,2
18657,5913,535,1
18658,5986,560,2
18659,827,455,4
18660,8926,141,1
18661,5215,258,2
18662,6529,25,2
18663,4563,283,2
18664,1977,96,4
18665,3743,769,3
18666,6312,158,4
18667,4295,256,4
18668,9170,968,3
18669,8875,373,1
18670,7255,23,1
18671,3926,967,3
18672,2279,818,2
18673,3733,333,3
18674,385,284,3
18675,416,381,4
18676,1816,983,1
18677,7070,133,1
18678,8351,905,1
18679,2503,4,1
18680,1683,914,1
18681,4206,91,2
18682,5928,523,4
18683,722,299,4
18684,5,140,2
18685,5134,46,2
18686,512,128,1
18687,8879,515,3
18688,5506,168,4
18689,1394,502,2
18690,8460,796,2
18691,8022,42,2
18692,6173,966,1
18693,2118,383,2
18694,7209,595,4
18695,6649,952,1
18696,4118,47,2
18697,7390,113,2
18698,228,812,1
18699,182,51,3
18700,9555,854,3
18701,2401,351,3
18702,638,884,1
18703,3462,374,1
18704,9078,522,2
18705,4543,766,3
18706,8074,394,3
18707,9244,307,4
18708,8285,678,4
18709,2540,396,1
18710,1365,415,1
18711,6727,711,3
18712,6378,392,4
18713,3552,189,4
18714,7051,229,1
18715,8404,556,2
18716,9775,989,4
18717,8249,842,4
18718,6262,557,2
18719,4797,380,3
18720,8296,864,3
18721,1414,404,4
18722,2986,959,4
18723,3653,352,4
18724,5303,304,3
18725,5408,178,3
18726,499,847,3
18727,4353,805,1
18728,6768,549,2
18729,3266,124,3
18730,2913,118,3
18731,7658,183,2
18732,8481,34,2
18733,2577,462,1
18734,5342,341,3
18735,4567,9,2
18736,7940,969,3
18737,1531,928,2
18738,4097,230,2
18739,98,982,3
18740,8662,607,2
18741,481,737,4
18742,9987,861,1
18743,4274,665,2
18744,6306,956,4
18745,1583,695,2
18746,6216,665,4
18747,6815,199,3
18748,8546,371,2
18749,8816,334,2
18750,9974,323,1
18751,3402,714,1
18752,2452,27,1
18753,3720,760,2
18754,7908,754,4
18755,8400,347,3
18756,9334,832,4
18757,5280,647,2
18758,1266,758,1
18759,7803,946,4
18760,9031,859,1
18761,185,172,1
18762,897,328,2
18763,9906,22,2
18764,894,387,3
18765,2013,386,4
18766,355,169,1
18767,4940,580,2
18768,898,816,4
18769,8409,917,2
18770,4520,2,1
18771,323,473,4
18772,2181,360,1
18773,2143,125,1
18774,9585,560,3
18775,9565,223,1
18776,7048,705,1
18777,8376,279,2
18778,8322,651,2
18779,1486,250,3
18780,3133,803,3
18781,1476,701,1
18782,8405,857,4
18783,2340,479,3
18784,2851,974,2
18785,3777,817,1
18786,7621,353,4
18787,1149,195,4
18788,3246,876,1
18789,1868,372,4
18790,9961,820,3
18791,5910,922,3
18792,9738,700,1
18793,7512,564,1
18794,8954,568,3
18795,5605,506,4
18796,3866,269,1
18797,7096,189,3
18798,3650,114,4
18799,4357,30,2
18800,3440,462,2
18801,9403,223,1
18802,4380,377,4
18803,4574,100,2
18804,9105,439,1
18805,4080,487,4
18806,9268,775,1
18807,5495,266,2
18808,5226,802,2
18809,1361,488,1
18810,2120,506,4
18811,7947,177,1
18812,7501,683,4
18813,2526,553,4
18814,8331,975,2
18815,6359,349,1
18816,779,880,2
18817,1291,761,2
18818,3423,383,3
18819,8407,766,2
18820,7126,432,2
18821,5217,233,4
18822,8035,116,2
18823,2410,798,2
18824,9640,337,2
18825,89,152,1
18826,5597,345,3
18827,3049,160,2
18828,9709,888,2
18829,1731,347,1
18830,575,366,1
18831,8920,747,3
18832,689,671,4
18833,9290,494,2
18834,2686,521,1
18835,813,751,1
18836,9143,711,4
18837,136,910,3
18838,796,43,1
18839,3616,541,1
18840,1662,763,2
18841,2107,915,1
18842,3794,409,1
18843,9220,405,1
18844,3133,233,4
18845,4521,577,4
18846,1173,173,4
18847,9532,844,1
18848,7382,136,1
18849,7705,619,2
18850,4699,858,3
18851,7040,621,4
18852,9946,3,1
18853,785,161,2
18854,1300,592,2
18855,7253,596,1
18856,4434,275,4
18857,35,6,4
18858,9423,913,1
18859,9905,934,3
18860,9606,175,2
18861,5413,635,2
18862,985,182,4
18863,3448,972,1
18864,5059,874,4
18865,8678,877,1
18866,5378,331,1
18867,1746,305,3
18868,3592,4,1
18869,1711,921,1
18870,7036,499,1
18871,5656,906,1
18872,2250,703,1
18873,938,486,3
18874,4020,968,3
18875,3237,363,3
18876,2748,763,2
18877,6993,380,2
18878,7848,357,3
18879,8724,272,1
18880,2056,651,2
18881,6290,812,3
18882,3007,313,1
18883,4406,800,3
18884,6532,118,3
18885,6641,331,3
18886,4167,751,4
18887,3653,842,2
18888,250,86,4
18889,1949,995,2
18890,7695,956,2
18891,4884,185,4
18892,2123,936,1
18893,1082,846,3
18894,322,460,1
18895,6882,545,2
18896,3387,149,1
18897,7972,115,1
18898,4573,388,4
18899,5187,215,1
18900,1496,969,3
18901,7976,59,3
18902,5819,459,1
18903,1687,282,2
18904,368,150,4
18905,6412,464,1
18906,8383,131,3
18907,4498,9,3
18908,2317,738,2
18909,2106,260,2
18910,427,43,3
18911,4359,84,1
18912,8324,821,3
18913,2071,804,4
18914,9922,708,4
18915,7764,402,3
18916,2284,421,2
18917,3747,729,2
18918,2011,208,2
18919,5845,426,2
18920,1393,902,2
18921,7625,282,1
18922,5089,14,3
18923,6042,104,4
18924,2109,765,4
18925,7655,936,2
18926,1128,415,1
18927,6894,603,2
18928,4570,590,4
18929,1430,472,3
18930,6488,259,4
18931,8251,192,1
18932,7743,865,3
18933,2449,61,4
18934,5545,484,1
18935,4356,804,4
18936,4507,546,2
18937,7569,83,3
18938,3445,777,1
18939,3157,499,4
18940,3118,696,1
18941,7979,997,3
18942,8284,108,4
18943,7512,259,2
18944,1694,812,2
18945,1985,754,2
18946,7532,156,3
18947,9248,871,4
18948,7448,229,3
18949,8157,325,2
18950,1714,491,3
18951,1338,997,4
18952,4097,473,3
18953,6165,24,1
18954,5415,480,3
18955,4531,108,3
18956,7443,630,4
18957,1968,679,3
18958,2488,573,2
18959,3784,282,2
18960,8966,174,1
18961,7172,540,4
18962,2050,158,2
18963,5337,872,2
18964,4544,744,2
18965,2456,123,2
18966,2555,728,4
18967,8769,506,4
18968,3581,169,3
18969,9307,942,4
18970,848,626,2
18971,9794,289,4
18972,5846,560,3
18973,8304,986,2
18974,4952,267,2
18975,2494,755,1
18976,1632,611,3
18977,230,634,3
18978,5986,76,4
18979,7436,607,1
18980,1779,502,1
18981,5687,778,3
18982,8233,600,3
18983,9280,875,3
18984,886,382,2
18985,6311,130,2
18986,7065,687,1
18987,7238,836,4
18988,9103,167,4
18989,3735,456,3
18990,308,391,3
18991,9340,448,3
18992,6777,374,2
18993,1097,337,4
18994,2400,296,3
18995,6241,735,4
18996,5330,984,3
18997,6918,289,2
18998,9790,930,4
18999,9817,223,1
19000,7231,948,1
19001,12,288,4
19002,6710,428,1
19003,5927,698,2
19004,2186,717,4
19005,1669,852,2
19006,4919,497,1
19007,3203,902,1
19008,5414,165,1
19009,6470,275,1
19010,9231,66,1
19011,7383,757,1
19012,6527,443,2
19013,5208,304,1
19014,380,886,2
19015,1431,870,1
19016,4345,751,1
19017,9663,89,3
19018,5129,813,1
19019,6571,502,2
19020,8570,222,2
19021,9852,706,4
19022,32,860,3
19023,8478,200,3
19024,6680,871,2
19025,3021,487,4
19026,774,220,4
19027,1143,818,2
19028,2452,517,4
19029,5596,903,2
19030,5194,480,4
19031,8919,836,4
19032,5697,954,2
19033,6649,273,2
19034,7170,948,4
19035,9702,504,3
19036,2253,345,3
19037,2139,103,4
19038,1481,783,1
19039,6808,539,3
19040,9918,887,3
19041,9320,571,2
19042,6194,224,3
19043,9583,301,3
19044,695,334,2
19045,7616,374,3
19046,9223,623,1
19047,4515,620,3
19048,1955,781,1
19049,4182,116,1
19050,1289,7,4
19051,2748,385,1
19052,5753,913,3
19053,7367,100,2
19054,8086,198,2
19055,6161,845,4
19056,6974,992,3
19057,8341,73,2
19058,7739,735,1
19059,3125,594,3
19060,8113,757,2
19061,1783,794,2
19062,5395,847,3
19063,8119,47,4
19064,5746,98,3
19065,9263,643,4
19066,6872,508,3
19067,984,59,2
19068,8734,416,4
19069,4097,749,1
19070,6803,813,1
19071,7428,245,1
19072,9566,946,3
19073,742,856,3
19074,7802,545,2
19075,5545,372,4
19076,6892,108,2
19077,8858,644,2
19078,4875,51,2
19079,9091,814,4
19080,2175,453,3
19081,620,388,3
19082,8176,830,1
19083,8727,539,4
19084,552,262,3
19085,9380,84,4
19086,384,494,2
19087,285,830,2
19088,7853,714,3
19089,8731,509,3
19090,3134,901,2
19091,173,367,1
19092,498,986,1
19093,9735,811,3
19094,3568,399,3
19095,9790,439,1
19096,8012,346,3
19097,5654,270,2
19098,2847,217,2
19099,7165,9,4
19100,9707,257,2
19101,4878,455,2
19102,9583,693,4
19103,9493,705,2
19104,2580,953,1
19105,5408,133,3
19106,9398,891,4
19107,1294,762,4
19108,577,965,3
19109,4389,557,1
19110,9172,524,2
19111,7081,274,1
19112,9661,257,1
19113,3007,380,3
19114,7926,143,3
19115,6968,209,2
19116,550,778,2
19117,4957,348,3
19118,70,602,3
19119,3138,43,3
19120,4046,656,4
19121,6734,431,3
19122,8078,882,1
19123,5452,318,4
19124,1595,813,4
19125,1931,231,1
19126,7155,611,3
19127,7878,710,1
19128,7723,127,2
19129,311,764,1
19130,2534,675,4
19131,8702,328,2
19132,8081,711,2
19133,4373,319,1
19134,6824,578,3
19135,3140,897,3
19136,1202,511,1
19137,7622,128,1
19138,9078,522,2
19139,2343,80,2
19140,1965,455,2
19141,3794,385,1
19142,3346,129,1
19143,349,47,1
19144,9832,343,3
19145,70,535,4
19146,4141,636,3
19147,501,224,2
19148,4165,423,4
19149,477,377,4
19150,7354,207,4
19151,4370,116,3
19152,986,970,2
19153,3002,398,3
19154,6953,826,2
19155,79,640,3
19156,8352,857,3
19157,6429,82,1
19158,2434,539,2
19159,3564,577,3
19160,3168,487,4
19161,2056,984,1
19162,1206,524,2
19163,1148,569,3
19164,1399,720,4
19165,5132,670,2
19166,547,994,4
19167,2713,962,1
19168,4240,513,4
19169,8823,101,2
19170,876,786,3
19171,1161,129,2
19172,5411,42,4
19173,9611,570,2
19174,2913,66,3
19175,4513,375,4
19176,9149,657,4
19177,3531,85,3
19178,6710,975,4
19179,101,283,1
19180,1597,373,1
19181,6868,723,4
19182,9565,347,3
19183,3264,625,2
19184,1407,549,1
19185,1770,696,2
19186,4715,852,4
19187,4105,673,1
19188,7375,552,1
19189,8184,55,4
19190,8070,241,1
19191,9466,576,2
19192,2728,951,2
19193,2953,540,2
19194,1981,651,1
19195,2263,121,3
19196,2461,201,3
19197,8619,313,1
19198,7500,728,1
19199,9278,242,2
19200,2670,340,4
19201,1483,450,4
19202,9830,96,3
19203,700,410,3
19204,1791,609,4
19205,8153,231,2
19206,396,223,4
19207,208,906,4
19208,1920,851,3
19209,9474,726,4
19210,619,853,2
19211,7413,854,3
19212,4553,383,4
19213,6663,681,4
19214,7109,694,2
19215,1944,767,3
19216,1972,720,2
19217,1646,730,2
19218,9911,809,2
19219,3052,182,2
19220,9587,307,4
19221,8745,37,1
19222,810,361,1
19223,7011,449,1
19224,5914,852,4
19225,6628,216,4
19226,8726,714,3
19227,7052,530,1
19228,1035,37,4
19229,3363,270,2
19230,778,284,3
19231,176,907,3
19232,8065,217,2
19233,6700,649,4
19234,3253,61,3
19235,6812,156,3
19236,9721,454,2
19237,2126,876,2
19238,7817,25,1
19239,4415,319,2
19240,8793,529,3
19241,5513,846,2
19242,1530,979,4
19243,120,296,4
19244,653,640,1
19245,3075,210,1
19246,8107,474,2
19247,6402,753,2
19248,9760,151,4
19249,5706,56,3
19250,5866,239,2
19251,8676,144,3
19252,8882,380,1
19253,2287,734,3
19254,7526,415,3
19255,8400,600,2
19256,9876,990,4
19257,2537,355,1
19258,477,549,4
19259,7167,305,1
19260,7607,174,3
19261,6052,927,1
19262,8751,974,3
19263,5362,236,3
19264,5675,208,3
19265,5674,173,2
19266,8600,759,3
19267,2773,113,3
19268,6729,891,1
19269,1264,940,1
19270,951,996,3
19271,5684,610,4
19272,9313,764,3
19273,3027,176,2
19274,4522,107,2
19275,2392,314,2
19276,6781,708,2
19277,8327,630,2
19278,6159,326,1
19279,5722,423,3
19280,4541,366,4
19281,116,232,3
19282,6619,392,1
19283,8076,198,4
19284,4274,66,4
19285,6475,673,3
19286,7659,993,1
19287,7924,460,3
19288,9534,99,2
19289,42,52,2
19290,2129,377,4
19291,6166,200,4
19292,510,181,1
19293,6752,788,4
19294,452,577,1
19295,2467,925,4
19296,6841,717,4
19297,1798,949,4
19298,3560,567,2
19299,3522,211,4
19300,9901,503,1
19301,3501,894,1
19302,2616,649,4
19303,1161,682,3
19304,1447,222,2
19305,2389,443,1
19306,1516,557,4
19307,3122,801,4
19308,4024,510,4
19309,2929,494,3
19310,2634,49,4
19311,788,39,2
19312,1665,638,1
19313,2487,699,3
19314,1270,414,3
19315,4442,662,4
19316,6693,887,2
19317,4194,559,2
19318,2173,202,1
19319,7330,1000,3
19320,8837,724,3
19321,8270,482,3
19322,1848,384,2
19323,215,798,2
19324,1579,307,4
19325,6128,998,3
19326,8476,995,1
19327,6216,88,4
19328,4987,502,2
19329,8429,245,4
19330,6956,640,3
19331,7998,116,2
19332,4663,288,3
19333,6269,898,3
19334,7596,159,3
19335,6015,253,4
19336,5177,701,3
19337,5145,401,1
19338,5584,602,2
19339,3105,207,2
19340,5243,111,4
19341,9575,126,2
19342,409,427,2
19343,1685,736,2
19344,9738,144,3
19345,568,245,3
19346,1405,198,3
19347,601,512,1
19348,6407,477,1
19349,5840,90,3
19350,2588,882,3
19351,9005,751,4
19352,2980,116,4
19353,633,16,4
19354,8308,70,2
19355,2863,627,1
19356,1540,864,1
19357,1850,797,2
19358,7548,621,3
19359,1005,377,2
19360,8062,240,3
19361,6013,617,4
19362,5811,726,2
19363,950,561,3
19364,8589,814,2
19365,4394,780,3
19366,5446,930,1
19367,3088,642,1
19368,7069,813,2
19369,727,496,2
19370,3401,355,3
19371,7441,944,3
19372,1185,136,2
19373,5720,844,2
19374,8100,430,3
19375,8558,147,2
19376,4272,880,1
19377,1016,713,3
19378,2149,17,4
19379,1506,853,1
19380,1439,766,3
19381,6864,227,2
19382,9516,102,1
19383,7745,357,4
19384,6252,660,3
19385,4715,636,2
19386,2832,150,2
19387,3082,34,4
19388,5066,167,2
19389,2441,563,2
19390,1460,792,1
19391,5089,588,1
19392,6871,579,3
19393,4433,38,4
19394,3304,899,4
19395,2267,80,2
19396,7082,441,1
19397,6090,621,2
19398,9214,167,2
19399,4442,603,4
19400,4024,535,2
19401,6010,832,4
19402,9829,452,1
19403,6844,616,1
19404,7430,909,3
19405,6020,687,3
19406,1470,249,2
19407,524,527,1
19408,6047,693,1
19409,1135,665,2
19410,506,40,1
19411,660,948,3
19412,9042,645,1
19413,1765,877,3
19414,4190,809,2
19415,4903,775,2
19416,4113,590,3
19417,1111,962,3
19418,6343,127,2
19419,5920,884,3
19420,6297,386,2
19421,9218,17,4
19422,3199,834,4
19423,5511,446,3
19424,6864,124,1
19425,1527,801,2
19426,9941,302,1
19427,4853,767,1
19428,1177,148,4
19429,2249,983,3
19430,1840,629,4
19431,5787,31,2
19432,8337,570,4
19433,3245,250,1
19434,7282,269,3
19435,4983,632,3
19436,6773,185,4
19437,5848,452,4
19438,7390,683,4
19439,9062,779,2
19440,2753,74,4
19441,7420,910,2
19442,3360,724,4
19443,2432,389,3
19444,7077,701,2
19445,7400,174,1
19446,998,296,3
19447,1065,823,4
19448,6049,366,1
19449,5373,71,4
19450,8875,783,2
19451,7204,238,2
19452,5556,55,2
19453,1863,314,2
19454,1635,497,2
19455,1434,632,2
19456,3601,713,4
19457,2243,156,3
19458,2167,524,2
19459,3221,301,3
19460,2335,637,1
19461,7193,124,2
19462,2377,976,2
19463,504,161,3
19464,3508,686,1
19465,62,821,4
19466,2497,231,2
19467,4666,874,3
19468,4410,905,3
19469,4557,62,3
19470,1664,203,4
19471,4611,648,4
19472,916,367,3
19473,4178,816,1
19474,745,367,4
19475,2946,887,3
19476,2514,837,3
19477,5020,631,2
19478,863,974,2
19479,3263,202,2
19480,1439,358,2
19481,2745,531,2
19482,3537,250,2
19483,799,87,4
19484,1768,970,4
19485,2816,406,3
19486,5753,396,1
19487,9605,527,1
19488,7500,534,4
19489,2080,667,1
19490,1048,229,3
19491,7968,650,1
19492,5032,56,2
19493,2746,500,3
19494,3227,10,1
19495,3753,526,2
19496,6045,906,3
19497,3710,391,2
19498,1305,356,4
19499,3862,467,1
19500,3648,570,3
19501,7387,453,2
19502,6819,4,2
19503,3520,194,4
19504,442,434,2
19505,5650,592,1
19506,6273,449,1
19507,2239,226,1
19508,7495,787,3
19509,737,901,1
19510,269,329,2
19511,5415,139,1
19512,7116,984,2
19513,2100,973,4
19514,5856,136,2
19515,1704,813,1
19516,9404,541,4
19517,5119,753,3
19518,7780,86,2
19519,3742,285,1
19520,8512,112,2
19521,9826,102,4
19522,8873,983,4
19523,833,388,2
19524,5328,869,2
19525,6834,816,1
19526,3380,680,1
19527,8501,277,4
19528,8613,818,4
19529,8183,860,4
19530,7614,76,1
19531,495,892,1
19532,9594,249,2
19533,2650,11,4
19534,6519,185,3
19535,7889,219,1
19536,6325,619,3
19537,7044,957,2
19538,9074,330,1
19539,6652,628,1
19540,5874,557,2
19541,438,636,1
19542,277,925,1
19543,3858,821,4
19544,7078,479,3
19545,8790,42,2
19546,7830,236,2
19547,8022,467,4
19548,3348,73,3
19549,8529,893,2
19550,6651,333,4
19551,4666,658,3
19552,8400,415,3
19553,8861,907,4
19554,3738,671,2
19555,5986,488,3
19556,5081,236,2
19557,8806,820,4
19558,2539,983,2
19559,4127,773,1
19560,4151,151,2
19561,9456,629,1
19562,1311,587,4
19563,8220,991,4
19564,3055,899,1
19565,1581,883,2
19566,8017,373,4
19567,4620,513,4
19568,2867,35,4
19569,8133,622,4
19570,2748,205,3
19571,2497,525,1
19572,8413,178,4
19573,9659,663,3
19574,4735,595,1
19575,994,77,1
19576,3693,930,1
19577,1640,184,1
19578,9229,139,3
19579,4750,414,2
19580,3265,61,2
19581,9374,457,2
19582,9373,814,3
19583,9608,590,2
19584,8028,767,3
19585,766,933,2
19586,3726,819,2
19587,1185,239,2
19588,8640,214,1
19589,6722,716,3
19590,645,59,3
19591,1499,335,4
19592,3355,585,2
19593,5998,128,2
19594,21,239,3
19595,9335,143,1
19596,1104,195,2
19597,821,210,3
19598,2450,174,3
19599,1551,567,2
19600,4745,230,2
19601,6059,950,4
19602,5559,16,3
19603,8998,302,4
19604,4815,814,3
19605,5910,432,1
19606,3508,924,2
19607,6534,872,3
19608,4584,326,2
19609,2041,653,3
19610,7832,315,2
19611,4926,480,4
19612,6071,430,3
19613,4029,159,4
19614,3333,202,2
19615,9567,632,4
19616,898,285,2
19617,2829,62,4
19618,1933,814,1
19619,2519,124,4
19620,149,278,2
19621,7764,588,4
19622,5735,27,3
19623,3280,194,4
19624,2156,257,1
19625,7394,315,1
19626,7232,564,2
19627,7935,422,1
19628,7877,704,1
19629,6854,295,2
19630,889,671,4
19631,4140,232,4
19632,5171,699,1
19633,7542,827,4
19634,8042,522,3
19635,2172,375,1
19636,725,717,1
19637,7091,348,4
19638,9162,456,1
19639,1102,585,4
19640,7815,267,4
19641,7440,350,2
19642,1293,393,2
19643,7658,629,4
19644,700,442,4
19645,9337,631,3
19646,5752,87,3
19647,4682,62,2
19648,2478,565,2
19649,7123,154,3
19650,7435,341,2
19651,6658,967,4
19652,6651,574,1
19653,2667,571,3
19654,6711,104,3
19655,6005,325,3
19656,6082,876,1
19657,1840,827,4
19658,5624,326,3
19659,8444,222,2
19660,1530,994,3
19661,7213,17,3
19662,6900,314,4
19663,2264,723,3
19664,6602,450,2
19665,3516,4,3
19666,5268,283,3
19667,3610,752,4
19668,4912,989,3
19669,9555,232,4
19670,5009,781,4
19671,9480,13,4
19672,7040,554,2
19673,8414,776,3
19674,9532,101,4
19675,9518,498,1
19676,5993,449,4
19677,2364,914,3
19678,9121,31,4
19679,4091,735,2
19680,5515,745,1
19681,8606,431,2
19682,6630,804,3
19683,7673,825,4
19684,9174,963,1
19685,9411,941,2
19686,7136,819,4
19687,6262,428,1
19688,7491,468,2
19689,996,645,1
19690,2727,233,1
19691,3866,619,1
19692,2639,51,1
19693,1491,816,3
19694,5183,33,1
19695,7090,139,3
19696,4868,869,3
19697,2,818,1
19698,520,234,4
19699,2096,899,2
19700,4969,470,2
19701,4957,154,3
19702,3678,55,3
19703,6555,914,4
19704,324,327,1
19705,9200,146,2
19706,958,30,4
19707,7625,582,2
19708,8235,293,4
19709,3286,594,3
19710,5515,350,4
19711,4149,846,2
19712,2376,401,1
19713,8723,118,4
19714,6079,616,4
19715,61,988,1
19716,1509,973,1
19717,8280,44,3
19718,7492,615,3
19719,9514,786,1
19720,5817,90,3
19721,8525,290,2
19722,6111,519,1
19723,3031,786,1
19724,3058,975,4
19725,2683,335,1
19726,1192,284,1
19727,7042,527,3
19728,609,786,4
19729,5734,917,4
19730,3105,892,1
19731,3762,178,3
19732,1450,337,3
19733,2268,578,4
19734,4341,641,2
19735,8526,401,4
19736,7786,480,1
19737,9888,893,1
19738,2847,199,2
19739,6206,574,2
19740,9048,801,4
19741,8690,750,1
19742,8966,724,4
19743,409,510,3
19744,8050,162,1
19745,5621,925,2
19746,9725,92,4
19747,7598,361,1
19748,8835,396,2
19749,2360,510,4
19750,6524,605,3
19751,3083,128,1
19752,2715,294,1
19753,8894,762,4
19754,96,669,3
19755,4023,409,4
19756,8688,612,3
19757,8088,20,3
19758,1909,108,3
19759,3723,335,4
19760,4102,129,2
19761,1185,856,4
19762,4209,182,1
19763,7143,249,3
19764,6522,699,1
19765,159,693,4
19766,5234,703,4
19767,396,457,4
19768,3880,556,1
19769,2728,291,1
19770,5249,492,2
19771,6318,565,2
19772,4411,521,2
19773,7741,808,3
19774,1432,408,1
19775,6464,724,1
19776,4692,48,2
19777,5370,84,3
19778,7386,228,1
19779,15,634,4
19780,4794,422,3
19781,2175,286,2
19782,4903,555,2
19783,1400,83,3
19784,6074,18,4
19785,5075,323,2
19786,3491,307,3
19787,6679,603,2
19788,4523,14,1
19789,3694,530,3
19790,9831,853,4
19791,4305,431,3
19792,8535,903,1
19793,8317,754,3
19794,2246,954,2
19795,8912,945,2
19796,4937,527,4
19797,4801,652,2
19798,2330,230,4
19799,2707,966,2
19800,5134,611,3
19801,5391,87,1
19802,4522,725,1
19803,6164,535,3
19804,861,15,1
19805,6397,486,3
19806,7649,715,1
19807,9388,625,1
19808,2472,36,1
19809,1097,773,1
19810,7133,703,2
19811,8556,192,1
19812,5705,381,4
19813,4601,119,1
19814,3794,596,4
19815,158,758,4
19816,622,981,3
19817,2314,178,1
19818,237,874,3
19819,6763,69,2
19820,1645,611,4
19821,5715,938,2
19822,5951,889,3
19823,7937,688,1
19824,7218,547,2
19825,5967,637,3
19826,4460,466,2
19827,6104,101,2
19828,1983,879,2
19829,333,564,4
19830,5927,717,3
19831,89,597,1
19832,7843,40,1
19833,4952,217,1
19834,6019,644,3
19835,7294,87,4
19836,3499,907,3
19837,4234,124,3
19838,1753,866,2
19839,6364,820,1
19840,2534,740,3
19841,544,208,4
19842,428,127,2
19843,7697,664,2
19844,7506,6,1
19845,8043,437,1
19846,2695,940,3
19847,152,135,4
19848,3870,988,3
19849,6924,563,4
19850,9681,950,3
19851,5587,163,1
19852,541,59,4
19853,2233,813,1
19854,6944,615,4
19855,7876,918,1
19856,8711,199,2
19857,3775,556,4
19858,9071,974,2
19859,5802,7,2
19860,4852,34,1
19861,1392,869,4
19862,767,318,4
19863,6572,294,1
19864,200,256,1
19865,6154,50,4
19866,429,198,2
19867,6712,94,2
19868,4154,268,2
19869,3667,968,4
19870,5051,864,3
19871,6877,519,4
19872,8291,170,4
19873,3705,980,3
19874,7908,45,4
19875,2283,878,3
19876,7096,187,3
19877,9860,597,4
19878,9579,530,4
19879,8637,807,4
19880,2152,876,1
19881,5520,859,3
19882,512,388,4
19883,2295,523,2
19884,3782,398,1
19885,8562,242,3
19886,2810,195,2
19887,9722,84,4
19888,2268,934,4
19889,7863,800,1
19890,2260,570,4
19891,4173,995,2
19892,8830,726,2
19893,3977,789,1
19894,3129,82,4
19895,9296,626,1
19896,2255,247,1
19897,7124,646,3
19898,5696,883,2
19899,3237,362,1
19900,7350,908,3
19901,9562,387,3
19902,6384,555,3
19903,7042,503,1
19904,9881,292,4
19905,1699,312,2
19906,9995,382,1
19907,6837,119,4
19908,2762,273,1
19909,5178,251,3
19910,7491,462,2
19911,3170,860,1
19912,3710,233,2
19913,6152,102,3
19914,3542,297,3
19915,7040,927,3
19916,8724,755,4
19917,8104,79,1
19918,5577,193,3
19919,7867,980,2
19920,235,989,2
19921,3421,263,1
19922,6240,12,3
19923,6333,172,1
19924,7894,35,3
19925,624,79,3
19926,2285,489,3
19927,5964,658,2
19928,6627,241,3
19929,4276,56,3
19930,8159,817,1
19931,1345,744,2
19932,6732,255,2
19933,4233,615,2
19934,8846,644,3
19935,5408,474,1
19936,6092,597,4
19937,6739,707,1
19938,4778,601,2
19939,5597,59,3
19940,6665,82,4
19941,1738,490,1
19942,3533,188,4
19943,1852,935,3
19944,8055,111,1
19945,8920,328,4
19946,3944,987,1
19947,6871,577,1
19948,6681,691,4
19949,1383,200,1
19950,2963,118,2
19951,9519,570,4
19952,4172,428,4
19953,8493,243,3
19954,1675,760,4
19955,1304,137,2
19956,4634,834,4
19957,1899,80,2
19958,6436,210,2
19959,9732,778,2
19960,621,596,1
19961,7092,926,3
19962,8528,663,2
19963,2488,575,2
19964,72,7,3
19965,6325,228,3
19966,8698,84,4
19967,9550,368,3
19968,9531,665,4
19969,1430,915,4
19970,9042,702,1
19971,4361,747,1
19972,8997,568,2
19973,1033,176,1
19974,3300,762,1
19975,9086,722,2
19976,7530,223,4
19977,3281,672,4
19978,5542,424,4
19979,6128,413,4
19980,5783,791,3
19981,2949,33,3
19982,9078,849,2
19983,2669,461,3
19984,123,922,3
19985,4708,432,3
19986,6241,461,1
19987,1832,715,4
19988,2365,687,3
19989,8928,312,1
19990,6643,815,3
19991,8575,871,3
19992,9691,65,3
19993,4754,116,4
19994,8625,863,4
19995,298,355,2
19996,5812,863,4
19997,3610,659,3
19998,9912,579,3
19999,194,221,1
20000,8502,212,2
20001,4265,276,1
20002,137,614,1
20003,5209,888,3
20004,2561,168,1
20005,9160,824,3
20006,3236,710,2
20007,3455,690,1
20008,7721,282,4
20009,4719,870,3
20010,3076,274,1
20011,2019,57,4
20012,4751,583,1
20013,2410,753,3
20014,8077,195,3
20015,9527,469,2
20016,8862,829,1
20017,4951,913,4
20018,6705,455,3
20019,6819,839,3
20020,9919,930,2
20021,2202,366,1
20022,6170,319,4
20023,4210,189,4
20024,458,914,1
20025,8393,632,4
20026,2570,830,2
20027,9945,834,3
20028,8473,467,1
20029,6574,446,4
20030,5853,327,2
20031,4351,529,3
20032,3660,33,2
20033,4643,438,4
20034,7364,212,1
20035,4149,859,1
20036,125,54,3
20037,3463,385,3
20038,7150,482,2
20039,8167,192,2
20040,6771,517,4
20041,6311,74,2
20042,8438,993,3
20043,4452,113,3
20044,2082,377,2
20045,3789,431,1
20046,2780,930,4
20047,9871,24,4
20048,7864,324,4
20049,8710,500,2
20050,6121,608,3
20051,4770,421,2
20052,4430,179,3
20053,3775,360,4
20054,5059,801,4
20055,2559,962,1
20056,6978,915,4
20057,5590,158,4
20058,3712,338,4
20059,5300,365,2
20060,8684,579,1
20061,849,82,4
20062,6567,596,4
20063,6449,882,4
20064,8186,727,1
20065,5256,420,2
20066,305,650,4
20067,5984,588,2
20068,5596,817,4
20069,7517,480,4
20070,6238,867,1
20071,555,816,1
20072,2788,460,2
20073,1556,245,4
20074,2260,784,4
20075,5437,73,2
20076,5312,321,3
20077,7689,634,2
20078,6122,937,2
20079,4036,271,1
20080,2973,845,1
20081,1976,617,1
20082,6561,294,2
20083,6999,640,4
20084,7502,759,3
20085,4210,863,4
20086,7632,294,2
20087,720,894,3
20088,633,220,1
20089,9175,778,2
20090,7906,888,2
20091,6184,593,2
20092,1736,623,1
20093,7035,738,4
20094,7586,85,1
20095,8591,407,4
20096,9439,778,3
20097,7341,617,2
20098,9030,728,1
20099,2092,570,2
20100,9658,144,4
20101,8906,106,4
20102,8591,596,3
20103,2875,484,4
20104,9430,1,2
20105,500,650,1
20106,5093,354,1
20107,2808,601,4
20108,9735,105,4
20109,7514,96,4
20110,1231,253,4
20111,631,105,1
20112,1600,24,4
20113,3302,868,3
20114,5698,884,2
20115,8082,527,3
20116,6019,728,1
20117,2349,454,1
20118,44,380,2
20119,8202,715,2
20120,5055,777,4
20121,7609,559,3
20122,1791,356,4
20123,7797,607,4
20124,8481,23,4
20125,8986,305,4
20126,6673,129,3
20127,9443,588,4
20128,7374,170,2
20129,3229,314,4
20130,1194,710,4
20131,8382,584,1
20132,8051,489,1
20133,913,879,2
20134,991,212,4
20135,8756,445,3
20136,1796,955,1
20137,8891,631,3
20138,7418,277,4
20139,1277,469,2
20140,8631,544,4
20141,8447,258,4
20142,8824,423,2
20143,9122,166,3
20144,6396,611,4
20145,1482,645,4
20146,8747,360,3
20147,1091,890,2
20148,1394,168,4
20149,7685,219,1
20150,5407,855,2
20151,8780,89,3
20152,9955,947,1
20153,4567,858,2
20154,6654,656,1
20155,2299,608,1
20156,5341,712,1
20157,6337,217,3
20158,5577,88,2
20159,8944,347,1
20160,3174,779,1
20161,8223,967,1
20162,8152,637,1
20163,1954,871,3
20164,9949,682,4
20165,2349,828,3
20166,8641,760,2
20167,4737,241,1
20168,6709,482,3
20169,1072,405,4
20170,1890,130,2
20171,9722,537,1
20172,3511,725,4
20173,6399,544,4
20174,8387,632,4
20175,2901,807,3
20176,3219,847,4
20177,2050,318,2
20178,7114,760,4
20179,5513,130,2
20180,6016,815,4
20181,3962,479,1
20182,260,680,4
20183,3127,208,3
20184,6835,973,1
20185,3174,651,1
20186,8721,342,2
20187,4776,510,1
20188,9436,384,2
20189,5743,992,2
20190,734,999,4
20191,7369,790,2
20192,1955,527,4
20193,1741,387,2
20194,4786,321,4
20195,8405,272,2
20196,9308,581,4
20197,4752,121,2
20198,5959,239,1
20199,2134,194,3
20200,6675,649,2
20201,9244,503,2
20202,7256,799,1
20203,1169,135,3
20204,8030,123,1
20205,1510,49,2
20206,8352,248,2
20207,3615,86,1
20208,2571,604,4
20209,9944,480,3
20210,4179,348,2
20211,7956,841,4
20212,9887,423,4
20213,3006,671,3
20214,2459,521,2
20215,3315,501,4
20216,6592,225,4
20217,8377,556,2
20218,1453,229,1
20219,7027,432,4
20220,1682,146,2
20221,7998,545,4
20222,9081,578,3
20223,3673,206,2
20224,7019,761,3
20225,5836,678,3
20226,8905,155,4
20227,4011,648,3
20228,4236,563,1
20229,6796,408,1
20230,4549,577,4
20231,1585,28,2
20232,7098,518,2
20233,2086,319,3
20234,9785,62,3
20235,7693,153,1
20236,5615,873,3
20237,6163,243,2
20238,5531,152,3
20239,8350,731,3
20240,8362,134,1
20241,2332,674,3
20242,975,147,2
20243,8211,118,3
20244,363,805,3
20245,773,611,4
20246,3848,89,2
20247,3312,111,2
20248,5496,983,4
20249,9058,4,4
20250,3939,671,3
20251,8232,620,2
20252,6810,349,3
20253,6109,643,3
20254,7706,3,1
20255,7563,170,4
20256,8351,852,3
20257,3472,825,4
20258,4292,741,3
20259,8156,218,4
20260,4371,124,3
20261,9847,143,4
20262,4613,677,1
20263,1896,573,1
20264,275,84,2
20265,9558,28,1
20266,3032,746,1
20267,456,456,4
20268,3995,951,4
20269,6431,622,1
20270,2191,5,3
20271,1560,14,2
20272,3025,752,2
20273,1705,182,3
20274,2187,574,3
20275,5875,186,1
20276,2124,800,1
20277,3548,344,2
20278,9058,667,2
20279,4030,532,2
20280,8888,753,3
20281,5223,692,4
20282,9202,834,4
20283,7828,632,4
20284,3287,747,1
20285,2613,961,2
20286,5802,592,4
20287,26,59,1
20288,86,20,3
20289,6449,956,2
20290,5885,993,2
20291,4978,889,1
20292,5560,57,4
20293,6865,368,2
20294,3481,759,2
20295,5186,495,1
20296,1833,594,1
20297,6865,328,1
20298,9232,141,1
20299,6617,854,3
20300,1610,359,2
20301,7344,950,1
20302,1544,672,2
20303,7927,283,1
20304,1874,149,4
20305,7658,960,4
20306,4359,138,3
20307,9805,732,3
20308,4923,926,4
20309,6765,505,1
20310,9577,155,2
20311,4905,465,2
20312,2714,122,2
20313,2286,355,1
20314,8183,415,1
20315,2089,601,2
20316,7830,1,4
20317,6139,795,2
20318,6297,952,4
20319,1726,151,1
20320,1887,810,2
20321,3542,861,4
20322,9810,157,1
20323,4348,706,1
20324,2544,169,2
20325,5506,766,4
20326,4321,466,3
20327,4389,126,2
20328,4747,17,3
20329,4037,545,3
20330,3063,731,2
20331,3928,850,3
20332,1276,83,3
20333,8891,671,2
20334,7792,762,1
20335,2572,262,3
20336,2709,535,3
20337,9233,847,2
20338,3603,297,3
20339,6894,822,2
20340,3502,176,1
20341,1228,77,3
20342,7887,34,1
20343,1159,507,2
20344,3898,918,4
20345,3649,833,1
20346,9682,668,1
20347,1730,712,1
20348,7506,648,4
20349,2503,241,4
20350,8286,384,3
20351,6984,473,1
20352,2802,223,1
20353,1245,447,4
20354,5027,958,2
20355,552,157,1
20356,2093,30,4
20357,6616,241,2
20358,7166,463,2
20359,9622,381,3
20360,8412,251,2
20361,8522,713,4
20362,4869,708,4
20363,4436,128,2
20364,6369,432,2
20365,458,346,4
20366,8288,660,2
20367,2701,538,2
20368,3836,226,1
20369,7866,484,4
20370,3786,443,3
20371,9673,658,2
20372,3445,325,3
20373,6467,564,1
20374,7754,659,3
20375,5602,487,3
20376,9095,511,1
20377,6251,387,4
20378,6195,776,1
20379,9742,871,4
20380,9085,746,3
20381,423,496,3
20382,6371,965,4
20383,3438,549,4
20384,2858,232,2
20385,8753,566,3
20386,1247,789,1
20387,1179,479,3
20388,8780,853,1
20389,4483,621,3
20390,6804,683,4
20391,869,224,3
20392,6988,719,2
20393,3157,696,1
20394,2523,348,3
20395,6092,493,1
20396,7906,606,3
20397,6618,198,2
20398,5658,120,3
20399,6717,468,3
20400,7454,938,1
20401,2461,209,4
20402,5961,973,4
20403,1763,635,1
20404,4102,189,3
20405,4279,653,4
20406,2070,758,3
20407,1481,437,4
20408,4456,591,4
20409,4513,544,3
20410,9001,236,4
20411,716,807,3
20412,8306,207,1
20413,8408,141,1
20414,1746,560,1
20415,4888,531,3
20416,522,999,4
20417,1716,872,4
20418,9485,600,4
20419,4073,260,3
20420,381,418,1
20421,8603,575,2
20422,5085,482,2
20423,2313,169,4
20424,8721,819,2
20425,339,642,1
20426,7312,964,2
20427,2973,734,2
20428,9586,554,1
20429,8391,361,3
20430,3678,166,4
20431,8135,697,4
20432,7762,34,3
20433,6101,678,1
20434,3444,942,4
20435,1494,931,1
20436,9760,392,2
20437,5042,918,4
20438,7006,418,3
20439,9665,8,3
20440,3283,274,4
20441,5826,954,4
20442,4121,298,3
20443,1257,57,1
20444,5844,584,3
20445,5569,370,3
20446,4119,343,4
20447,2229,220,2
20448,1139,467,1
20449,4505,709,1
20450,1699,849,4
20451,4216,195,3
20452,7691,77,4
20453,1246,511,1
20454,2369,615,4
20455,2930,512,2
20456,904,862,2
20457,9378,264,3
20458,5573,699,3
20459,7119,591,4
20460,2820,442,1
20461,4331,146,3
20462,5053,533,2
20463,4183,103,4
20464,5954,915,4
20465,2629,222,1
20466,9105,629,4
20467,1097,699,2
20468,6750,931,3
20469,4507,393,3
20470,5932,95,4
20471,3546,484,2
20472,4083,292,2
20473,3813,520,2
20474,3314,559,2
20475,5466,419,3
20476,9063,259,4
20477,6237,841,2
20478,7898,724,4
20479,8196,808,2
20480,8641,484,3
20481,2513,656,3
20482,4588,204,4
20483,4023,764,3
20484,9309,653,1
20485,8718,66,3
20486,8302,2,3
20487,9650,703,3
20488,8045,437,4
20489,2650,495,2
20490,8907,477,2
20491,4295,564,4
20492,3123,328,2
20493,2974,115,4
20494,9455,951,2
20495,3680,506,3
20496,3081,416,1
20497,4365,209,2
20498,6423,981,3
20499,3571,481,4
20500,8391,553,2
20501,4769,56,1
20502,9885,861,3
20503,1916,174,2
20504,9539,331,3
20505,7432,22,2
20506,4208,645,2
20507,1433,602,2
20508,6557,711,3
20509,9863,970,2
20510,9064,774,2
20511,1457,466,3
20512,4680,635,3
20513,5867,626,4
20514,7911,221,2
20515,1591,110,2
20516,1797,587,4
20517,1099,534,4
20518,3070,762,1
20519,980,75,1
20520,2253,614,2
20521,7652,113,2
20522,2184,985,1
20523,9507,802,3
20524,4323,391,4
20525,5639,23,4
20526,6003,30,3
20527,6613,847,1
20528,2197,955,2
20529,4136,505,1
20530,4592,84,1
20531,6561,507,2
20532,7007,731,3
20533,5584,45,4
20534,8178,857,4
20535,1317,978,3
20536,6643,784,1
20537,1605,466,4
20538,6233,941,4
20539,9564,216,1
20540,1842,31,2
20541,9975,876,4
20542,3136,582,3
20543,2525,469,2
20544,6713,493,3
20545,1571,195,1
20546,4427,787,3
20547,15,268,4
20548,4148,759,3
20549,2247,845,3
20550,3113,538,2
20551,7245,812,2
20552,9569,3,1
20553,8022,126,2
20554,6846,711,3
20555,9508,118,1
20556,7081,108,2
20557,5443,802,3
20558,4253,620,4
20559,9496,723,3
20560,4584,480,1
20561,50,484,2
20562,3962,906,3
20563,9956,344,3
20564,1951,53,4
20565,2709,337,3
20566,6090,466,1
20567,2735,506,2
20568,9684,149,1
20569,5045,467,4
20570,2127,163,2
20571,4602,179,1
20572,3242,913,1
20573,717,892,3
20574,6987,970,1
20575,7269,357,2
20576,6848,992,3
20577,9328,602,2
20578,8417,647,4
20579,8383,548,3
20580,9178,557,2
20581,8958,122,4
20582,6283,466,2
20583,7193,115,3
20584,407,682,1
20585,5095,434,2
20586,5696,773,1
20587,8975,866,1
20588,5964,653,4
20589,9689,79,4
20590,3376,244,2
20591,8955,169,1
20592,1215,541,4
20593,2816,275,2
20594,8712,23,1
20595,1523,732,1
20596,3194,739,4
20597,5493,47,2
20598,589,398,4
20599,6628,667,3
20600,5598,819,4
20601,5565,101,3
20602,2172,206,1
20603,5027,632,1
20604,229,413,4
20605,6772,248,2
20606,2134,376,1
20607,7145,5,2
20608,2464,213,4
20609,8068,597,3
20610,5785,992,1
20611,5948,827,3
20612,9664,362,2
20613,2499,135,3
20614,9394,565,4
20615,7584,942,3
20616,2621,145,1
20617,5922,702,3
20618,9250,923,2
20619,8056,481,3
20620,1961,238,1
20621,9704,681,2
20622,7946,980,2
20623,2490,838,4
20624,2725,580,1
20625,4897,64,2
20626,2449,448,1
20627,8840,124,3
20628,6528,768,2
20629,5270,338,1
20630,6490,666,4
20631,6967,641,3
20632,4641,48,4
20633,9643,119,2
20634,7562,974,1
20635,5485,482,1
20636,1975,799,2
20637,2718,884,4
20638,2734,895,2
20639,5221,935,4
20640,6744,169,3
20641,7550,572,2
20642,3039,756,1
20643,6220,541,3
20644,4616,358,4
20645,5339,333,2
20646,857,791,1
20647,3201,204,2
20648,34,375,4
20649,3333,999,4
20650,1733,949,3
20651,663,178,1
20652,8055,115,2
20653,7874,855,4
20654,8132,119,1
20655,945,101,4
20656,4153,667,4
20657,697,542,2
20658,8809,143,1
20659,2757,456,2
20660,6413,362,4
20661,5504,807,3
20662,2834,625,2
20663,2929,502,4
20664,8096,244,2
20665,656,168,2
20666,9303,195,1
20667,9030,297,3
20668,1476,700,1
20669,1319,413,1
20670,8454,758,4
20671,2114,790,1
20672,7111,298,3
20673,2888,20,2
20674,7293,861,1
20675,8361,707,2
20676,3070,333,2
20677,5116,312,3
20678,3334,994,1
20679,8185,904,2
20680,6994,567,2
20681,1329,359,3
20682,6703,500,1
20683,9503,982,2
20684,173,78,2
20685,4266,513,3
20686,5012,117,4
20687,1048,948,3
20688,4700,310,2
20689,9601,387,1
20690,8763,607,1
20691,8014,719,2
20692,1101,322,2
20693,3906,260,2
20694,8024,737,2
20695,6754,604,3
20696,1620,867,1
20697,3169,192,1
20698,5457,536,3
20699,3504,782,4
20700,4294,811,3
20701,8443,51,3
20702,8581,184,4
20703,6507,655,3
20704,2416,964,2
20705,3134,418,2
20706,9220,5,1
20707,4899,741,4
20708,2932,25,1
20709,9171,865,1
20710,1288,141,3
20711,7467,234,4
20712,8766,174,1
20713,746,338,4
20714,7528,742,2
20715,3458,971,1
20716,6878,394,3
20717,2050,367,4
20718,7716,19,3
20719,6102,975,2
20720,4826,199,3
20721,3998,372,4
20722,5563,62,2
20723,6948,496,1
20724,5215,249,3
20725,5149,344,4
20726,4447,8,3
20727,4174,592,2
20728,7880,86,1
20729,733,676,2
20730,7895,580,1
20731,8688,464,1
20732,4307,68,4
20733,5972,439,4
20734,3294,562,3
20735,7050,864,3
20736,8520,561,1
20737,399,121,2
20738,5325,747,2
20739,573,351,2
20740,3062,903,1
20741,5830,730,4
20742,3203,846,4
20743,472,814,3
20744,7,710,2
20745,4681,975,3
20746,1395,860,4
20747,1391,607,3
20748,9332,282,3
20749,2153,515,2
20750,1278,338,2
20751,3935,515,4
20752,183,108,1
20753,6141,178,2
20754,3072,451,3
20755,3288,283,3
20756,8488,686,4
20757,5832,426,4
20758,5061,733,3
20759,3560,413,2
20760,2576,930,2
20761,5268,723,1
20762,3679,148,3
20763,6497,464,4
20764,8396,930,1
20765,8191,645,2
20766,2062,129,4
20767,6032,489,1
20768,1303,303,1
20769,8448,496,2
20770,4844,767,4
20771,7463,478,3
20772,2481,390,3
20773,9506,473,3
20774,3720,389,2
20775,563,71,4
20776,1603,690,1
20777,1223,897,3
20778,3053,254,1
20779,9159,72,2
20780,7380,149,4
20781,988,764,2
20782,4967,410,2
20783,2030,464,1
20784,2973,254,4
20785,8040,249,4
20786,3637,446,4
20787,9963,126,4
20788,9032,461,1
20789,282,105,4
20790,4368,341,2
20791,8813,733,2
20792,2161,156,1
20793,7762,879,3
20794,3,158,2
20795,3998,79,4
20796,4391,254,1
20797,3616,361,1
20798,1278,564,1
20799,8409,76,1
20800,2607,968,1
20801,821,358,1
20802,2985,329,2
20803,9091,72,2
20804,147,865,3
20805,4681,427,4
20806,9871,364,3
20807,4034,710,4
20808,6481,345,3
20809,5791,331,2
20810,1105,858,1
20811,8961,731,3
20812,9501,348,3
20813,4349,535,4
20814,3867,306,4
20815,1033,525,2
20816,2966,608,3
20817,572,403,1
20818,8723,720,1
20819,782,998,3
20820,5341,181,4
20821,6792,90,1
20822,2846,269,2
20823,7907,274,2
20824,4492,81,3
20825,2069,913,3
20826,3573,954,3
20827,315,813,3
20828,8389,114,3
20829,8916,359,2
20830,9824,701,4
20831,8349,203,1
20832,8996,375,2
20833,4582,633,2
20834,4574,477,2
20835,7982,135,3
20836,7361,455,2
20837,291,448,2
20838,9027,383,3
20839,6251,70,1
20840,8845,59,4
20841,3842,648,3
20842,2638,729,3
20843,8981,486,4
20844,7191,167,4
20845,2942,352,4
20846,6810,160,2
20847,9297,940,4
20848,8219,167,3
20849,8402,621,1
20850,9014,141,3
20851,5295,966,3
20852,3722,733,4
20853,2813,288,2
20854,637,968,1
20855,9982,169,4
20856,9947,354,2
20857,8818,7,4
20858,613,495,4
20859,1130,534,1
20860,5582,543,3
20861,8902,726,2
20862,2421,986,4
20863,9627,716,2
20864,5926,408,2
20865,5489,367,1
20866,6903,340,3
20867,3138,269,4
20868,7577,958,1
20869,8041,235,2
20870,9399,98,1
20871,2465,825,1
20872,1702,20,1
20873,9181,808,1
20874,1419,240,1
20875,5932,658,2
20876,256,426,2
20877,5571,508,2
20878,4462,254,3
20879,4406,33,3
20880,8798,577,1
20881,2922,915,1
20882,7376,855,4
20883,2888,62,4
20884,4627,880,3
20885,7906,134,2
20886,7766,446,3
20887,4061,587,1
20888,1826,484,2
20889,2725,575,2
20890,7306,334,1
20891,9487,971,2
20892,8359,781,4
20893,130,791,3
20894,8662,336,3
20895,9950,204,4
20896,9037,489,2
20897,6145,108,4
20898,9506,948,4
20899,1205,738,4
20900,8661,924,4
20901,8131,898,3
20902,4342,974,1
20903,1405,529,3
20904,8173,406,2
20905,9708,454,3
20906,9389,858,3
20907,7341,762,1
20908,6656,738,1
20909,7914,819,1
20910,3,184,4
20911,7042,992,2
20912,245,605,1
20913,1825,781,3
20914,7990,232,1
20915,4831,368,2
20916,3077,930,1
20917,9651,103,2
20918,4199,679,2
20919,7979,322,4
20920,4751,420,4
20921,6147,389,3
20922,4918,150,1
20923,9894,548,4
20924,6190,402,3
20925,5639,983,1
20926,7200,38,4
20927,3221,117,1
20928,5024,275,2
20929,1174,27,2
20930,7,603,1
20931,1477,406,4
20932,4713,833,3
20933,3436,390,1
20934,3691,333,2
20935,8559,331,2
20936,4847,14,4
20937,8526,350,2
20938,8522,749,1
20939,3315,343,2
20940,4154,411,2
20941,4463,451,1
20942,3041,69,4
20943,7350,60,2
20944,5429,912,2
20945,8932,807,2
20946,6995,842,4
20947,7394,607,1
20948,278,613,2
20949,2172,872,1
20950,9199,617,4
20951,9377,374,2
20952,5958,65,4
20953,4616,637,1
20954,4356,379,3
20955,9350,808,2
20956,5851,196,3
20957,6827,10,3
20958,8868,743,1
20959,1548,902,3
20960,2271,228,4
20961,1775,244,4
20962,7193,324,2
20963,4886,188,3
20964,5763,854,1
20965,2432,900,3
20966,4091,731,4
20967,8746,353,4
20968,4388,829,2
20969,3154,118,1
20970,4387,835,3
20971,9898,962,2
20972,9451,711,2
20973,953,786,4
20974,7834,64,2
20975,9840,374,3
20976,99,443,2
20977,5287,100,4
20978,475,638,3
20979,1494,652,3
20980,5984,708,3
20981,9141,194,1
20982,3232,553,4
20983,1012,753,4
20984,5317,720,3
20985,1435,146,1
20986,2153,71,3
20987,945,499,4
20988,6643,507,2
20989,9335,33,3
20990,9370,938,1
20991,7336,561,2
20992,5002,225,2
20993,6580,991,1
20994,6595,2,4
20995,3266,64,2
20996,5921,566,2
20997,6357,886,4
20998,9007,955,2
20999,4661,58,4
21000,3438,757,2
21001,4682,744,4
21002,6946,68,1
21003,8017,294,3
21004,3725,538,4
21005,6617,473,4
21006,6725,311,3
21007,3393,237,1
21008,2722,321,3
21009,8009,691,3
21010,6236,19,1
21011,340,465,2
21012,7701,406,2
21013,2965,291,1
21014,5035,935,1
21015,8832,736,1
21016,893,795,2
21017,5152,18,4
21018,8774,805,3
21019,3082,450,2
21020,3905,334,1
21021,2989,787,1
21022,7074,489,2
21023,3297,687,2
21024,7432,542,1
21025,4174,426,4
21026,8006,387,4
21027,1310,306,2
21028,9037,407,3
21029,9030,560,4
21030,8532,706,4
21031,3212,519,1
21032,2556,581,3
21033,6154,377,4
21034,6828,950,1
21035,2223,280,1
21036,2085,918,3
21037,6693,580,1
21038,2681,376,4
21039,8763,90,4
21040,6975,310,1
21041,1323,499,3
21042,8974,601,1
21043,9728,717,1
21044,1889,728,2
21045,391,700,2
21046,9165,496,2
21047,3221,165,1
21048,6984,843,4
21049,1421,315,4
21050,7863,642,1
21051,3148,783,1
21052,2176,524,4
21053,9778,822,1
21054,4075,765,2
21055,2002,287,4
21056,5604,874,2
21057,5665,186,3
21058,3709,734,4
21059,3199,866,2
21060,2338,930,2
21061,1163,991,4
21062,946,686,3
21063,790,453,3
21064,7549,749,1
21065,4374,495,3
21066,1057,163,4
21067,4376,131,4
21068,9292,463,1
21069,6019,757,2
21070,2349,431,4
21071,6792,476,1
21072,1801,425,4
21073,1736,557,1
21074,4379,480,4
21075,2258,139,2
21076,1419,267,4
21077,1292,106,3
21078,2117,419,4
21079,5702,193,2
21080,425,402,4
21081,7413,790,2
21082,5292,925,3
21083,4208,488,3
21084,5817,981,4
21085,8462,688,2
21086,5374,873,3
21087,2578,480,4
21088,2041,902,3
21089,5133,80,4
21090,8734,688,4
21091,7975,42,1
21092,1043,827,3
21093,8937,288,3
21094,7050,301,1
21095,3666,379,4
21096,7173,756,4
21097,1895,76,3
21098,6825,292,1
21099,5192,551,4
21100,3470,319,2
21101,2659,711,2
21102,5888,958,2
21103,8770,401,1
21104,8685,127,4
21105,4038,125,3
21106,3721,53,1
21107,2848,52,4
21108,8360,79,2
21109,7011,618,1
21110,2123,257,4
21111,1632,686,2
21112,8077,220,4
21113,2518,257,1
21114,521,808,2
21115,4889,248,2
21116,4212,7,3
21117,597,706,3
21118,9429,89,1
21119,4087,810,1
21120,8885,976,1
21121,9105,82,2
21122,7746,980,4
21123,2453,963,3
21124,1126,921,4
21125,4172,188,2
21126,6784,978,3
21127,4142,574,3
21128,1853,872,1
21129,1750,2,2
21130,1039,770,1
21131,3613,685,2
21132,4407,979,1
21133,7379,518,1
21134,4332,965,2
21135,7040,690,4
21136,4054,177,4
21137,5145,581,2
21138,4332,526,4
21139,5249,374,2
21140,5337,680,3
21141,8121,553,4
21142,9533,599,4
21143,3984,163,2
21144,8547,861,4
21145,6990,880,3
21146,2817,585,4
21147,4275,646,2
21148,2538,288,3
21149,1469,886,4
21150,5738,213,4
21151,7908,478,3
21152,3598,423,2
21153,1953,770,1
21154,2322,936,4
21155,3735,765,3
21156,9028,754,1
21157,990,452,1
21158,2449,301,4
21159,6049,419,4
21160,91,942,4
21161,7925,38,2
21162,1118,270,4
21163,4250,774,3
21164,5176,864,1
21165,1314,665,3
21166,9059,650,2
21167,3363,821,3
21168,7313,783,2
21169,2014,547,3
21170,5461,682,4
21171,5313,290,2
21172,1428,459,1
21173,7036,508,2
21174,6335,497,4
21175,277,698,4
21176,9370,440,4
21177,9420,632,2
21178,8467,392,2
21179,838,548,2
21180,5274,799,2
21181,577,20,3
21182,4356,227,1
21183,6192,840,4
21184,121,276,1
21185,4335,880,2
21186,2724,889,2
21187,4140,49,4
21188,7125,731,4
21189,336,798,4
21190,4141,46,4
21191,4324,393,2
21192,7633,540,4
21193,6670,207,1
21194,73,209,2
21195,1703,198,4
21196,6017,544,4
21197,8261,49,4
21198,7415,397,4
21199,7216,681,3
21200,8846,247,1
21201,3354,690,1
21202,2367,603,4
21203,8363,371,3
21204,2497,592,4
21205,4336,538,2
21206,9650,563,4
21207,2048,896,1
21208,3354,604,3
21209,5287,279,2
21210,4698,59,3
21211,4387,904,1
21212,6589,846,2
21213,5315,968,3
21214,9066,58,1
21215,8118,864,4
21216,9786,498,4
21217,2446,774,4
21218,3683,443,1
21219,5964,108,1
21220,31,691,2
21221,5796,217,3
21222,9211,964,2
21223,5366,137,3
21224,8220,63,1
21225,429,939,4
21226,3170,88,1
21227,520,587,4
21228,3984,203,1
21229,6635,400,3
21230,3687,999,4
21231,3574,819,3
21232,827,94,1
21233,3433,532,1
21234,184,409,1
21235,9785,344,4
21236,3265,8,1
21237,9870,185,3
21238,4549,893,1
21239,9151,633,2
21240,3910,286,2
21241,2491,178,3
21242,7564,86,3
21243,5341,718,1
21244,5223,96,3
21245,2604,526,3
21246,4654,572,3
21247,8563,451,1
21248,1457,638,4
21249,9973,829,1
21250,2067,121,2
21251,8558,434,4
21252,1146,650,1
21253,8899,240,3
21254,8188,799,3
21255,2383,759,4
21256,1640,148,1
21257,4599,162,3
21258,277,536,2
21259,8157,292,4
21260,1725,626,1
21261,6948,842,3
21262,4874,240,2
21263,7762,207,1
21264,9950,52,1
21265,9678,33,4
21266,2851,634,1
21267,3708,624,1
21268,4249,103,1
21269,4607,925,1
21270,6399,238,2
21271,1854,288,4
21272,6463,509,2
21273,321,51,1
21274,6652,298,4
21275,1222,883,1
21276,5135,576,3
21277,3470,913,1
21278,8508,638,4
21279,7629,258,4
21280,3986,80,3
21281,5626,790,2
21282,3266,744,4
21283,2102,108,1
21284,3121,965,4
21285,1224,734,4
21286,5488,276,2
21287,8328,304,3
21288,1971,982,2
21289,7135,231,2
21290,6852,187,2
21291,7839,642,4
21292,3358,276,3
21293,9232,399,2
21294,7102,210,3
21295,3394,341,2
21296,2748,469,4
21297,4290,894,1
21298,7941,436,4
21299,6765,929,1
21300,9278,771,4
21301,5232,898,3
21302,5816,727,2
21303,5215,274,3
21304,9440,346,1
21305,7422,442,3
21306,2727,963,3
21307,9643,247,2
21308,7870,246,3
21309,8705,915,4
21310,6869,77,1
21311,927,674,3
21312,4100,857,2
21313,7760,953,1
21314,6851,612,1
21315,9066,470,1
21316,3473,92,4
21317,2557,929,3
21318,8395,949,1
21319,2493,842,1
21320,8513,163,1
21321,6596,300,4
21322,380,956,2
21323,8639,922,2
21324,6702,530,3
21325,7940,547,4
21326,620,743,1
21327,5677,839,1
21328,4195,251,2
21329,9995,797,1
21330,8371,441,4
21331,7697,342,1
21332,4882,307,4
21333,4422,648,2
21334,841,506,4
21335,2983,969,1
21336,7651,679,1
21337,3070,559,2
21338,7526,756,2
21339,9283,546,1
21340,9479,797,3
21341,3696,491,4
21342,5068,458,4
21343,3395,27,3
21344,5562,839,1
21345,604,729,3
21346,8782,904,2
21347,7977,564,3
21348,9840,972,4
21349,668,63,3
21350,4904,143,3
21351,1168,544,4
21352,8499,627,1
21353,5736,360,1
21354,8056,483,3
21355,3723,595,3
21356,357,754,1
21357,8728,82,3
21358,8657,915,2
21359,5399,994,1
21360,2773,435,3
21361,2531,904,4
21362,9376,932,1
21363,5257,628,4
21364,3639,5,4
21365,7241,500,1
21366,792,545,1
21367,4012,42,3
21368,7189,349,3
21369,1648,21,1
21370,3304,101,4
21371,9587,621,4
21372,2559,79,2
21373,9395,181,2
21374,8708,921,1
21375,6588,371,1
21376,4246,995,2
21377,4115,218,2
21378,9916,282,2
21379,2503,536,3
21380,152,436,3
21381,5419,211,2
21382,8943,314,3
21383,2657,986,3
21384,7361,742,3
21385,1752,618,4
21386,3313,342,4
21387,1766,550,2
21388,8501,380,2
21389,3842,839,2
21390,3312,784,1
21391,9998,357,1
21392,2587,101,3
21393,4416,828,4
21394,8871,673,4
21395,691,538,4
21396,5104,798,4
21397,7996,270,1
21398,154,694,4
21399,1782,275,2
21400,5191,864,4
21401,4058,861,1
21402,410,551,2
21403,3863,187,1
21404,1793,125,3
21405,252,532,2
21406,4837,698,4
21407,1472,651,1
21408,4866,81,4
21409,3566,368,3
21410,5644,496,3
21411,1425,289,3
21412,7488,294,4
21413,3964,353,3
21414,9186,935,4
21415,8666,660,3
21416,8170,396,4
21417,1279,396,2
21418,4970,907,3
21419,8185,471,4
21420,3851,205,1
21421,1354,588,4
21422,5657,993,4
21423,6042,256,1
21424,4806,851,3
21425,3279,478,1
21426,8161,278,4
21427,1609,218,1
21428,4155,855,2
21429,9481,422,2
21430,6723,87,2
21431,8624,940,2
21432,7630,650,2
21433,618,453,3
21434,742,268,4
21435,5465,478,1
21436,9263,655,4
21437,4996,701,1
21438,4304,873,1
21439,8114,316,3
21440,507,100,1
21441,5458,615,3
21442,4059,74,3
21443,7911,925,1
21444,9761,743,4
21445,5239,836,1
21446,6578,274,3
21447,7326,545,3
21448,8965,587,3
21449,4164,955,2
21450,7573,775,4
21451,2563,883,1
21452,355,527,4
21453,4288,567,3
21454,5081,903,2
21455,725,513,3
21456,9187,700,1
21457,3836,955,3
21458,1779,924,1
21459,4608,503,4
21460,2016,524,4
21461,7780,233,1
21462,8548,368,4
21463,2876,388,2
21464,3695,631,2
21465,4383,89,3
21466,1451,248,3
21467,676,86,4
21468,4492,621,4
21469,1673,210,4
21470,4247,80,2
21471,5259,760,3
21472,1936,533,3
21473,297,536,1
21474,6533,277,4
21475,7758,207,4
21476,9197,803,4
21477,5150,105,4
21478,9424,214,3
21479,2277,372,2
21480,7537,836,3
21481,7423,11,3
21482,6222,337,4
21483,1486,652,4
21484,3685,886,4
21485,7500,650,1
21486,5903,822,4
21487,8766,658,4
21488,2921,584,2
21489,35,401,1
21490,8831,816,1
21491,2905,18,2
21492,8283,174,4
21493,3407,837,3
21494,5124,775,2
21495,2796,802,3
21496,8238,497,4
21497,244,924,2
21498,2188,69,2
21499,4344,817,3
21500,6757,869,3
21501,1687,753,4
21502,1818,674,4
21503,6252,635,3
21504,5538,583,3
21505,8293,214,1
21506,7810,282,1
21507,3530,598,1
21508,4836,704,3
21509,4256,713,2
21510,2393,1000,4
21511,4350,216,3
21512,7931,411,2
21513,9696,436,1
21514,1177,923,4
21515,1953,833,2
21516,6402,45,2
21517,8475,606,2
21518,1121,446,4
21519,2531,726,2
21520,4555,75,4
21521,6081,416,4
21522,3245,976,4
21523,9062,732,1
21524,5351,447,1
21525,135,978,4
21526,2702,128,4
21527,5406,429,2
21528,6994,615,2
21529,3384,229,2
21530,4037,68,2
21531,5016,875,4
21532,7917,385,4
21533,8146,750,2
21534,7178,590,1
21535,43,682,3
21536,3435,526,3
21537,9199,383,1
21538,6039,706,4
21539,9737,840,1
21540,3444,870,2
21541,2733,685,1
21542,2762,292,3
21543,4488,200,2
21544,9560,582,1
21545,3073,157,3
21546,3503,431,1
21547,5108,286,2
21548,8571,686,1
21549,5641,73,3
21550,8268,607,3
21551,2978,460,4
21552,8463,802,2
21553,4787,64,3
21554,6705,969,4
21555,5763,58,3
21556,7117,845,2
21557,8424,179,2
21558,3762,173,4
21559,6813,550,1
21560,8984,388,4
21561,3298,709,1
21562,5856,163,4
21563,1607,843,4
21564,7241,423,4
21565,4720,444,4
21566,2767,829,1
21567,3148,345,4
21568,6214,64,3
21569,4474,900,4
21570,8058,557,3
21571,5701,51,1
21572,4186,960,4
21573,6768,888,2
21574,6697,137,3
21575,7352,541,4
21576,6668,124,4
21577,9114,150,4
21578,9189,628,1
21579,9247,920,2
21580,8917,69,1
21581,8293,461,1
21582,7996,648,4
21583,8911,158,1
21584,5722,406,3
21585,8382,561,4
21586,9017,21,2
21587,2809,939,4
21588,3741,287,4
21589,1736,945,3
21590,1870,740,1
21591,3831,405,2
21592,1306,692,4
21593,7287,443,2
21594,6352,6,1
21595,8532,236,3
21596,7798,988,3
21597,2036,791,4
21598,264,744,4
21599,1017,71,3
21600,5990,9,4
21601,5891,572,1
21602,4655,405,3
21603,7754,972,3
21604,6022,326,2
21605,6216,713,4
21606,7147,406,3
21607,1118,336,3
21608,7498,16,1
21609,846,855,4
21610,9946,575,3
21611,5682,652,1
21612,7572,273,2
21613,8561,566,1
21614,8610,711,1
21615,4140,725,1
21616,205,607,3
21617,6546,800,2
21618,9225,305,3
21619,5434,228,2
21620,2577,831,1
21621,8085,858,3
21622,1459,349,1
21623,6599,422,1
21624,8001,857,3
21625,9331,441,2
21626,1394,677,2
21627,6705,756,3
21628,3290,712,4
21629,3033,992,1
21630,9933,951,4
21631,6219,270,1
21632,3186,620,2
21633,2398,479,2
21634,7232,714,3
21635,1085,291,2
21636,1559,867,3
21637,5390,294,4
21638,8542,66,4
21639,8655,607,4
21640,5832,359,2
21641,644,551,4
21642,2923,38,4
21643,6231,444,3
21644,2202,957,1
21645,7305,31,1
21646,853,97,3
21647,7566,721,3
21648,7378,944,4
21649,2661,65,1
21650,8671,112,4
21651,3909,775,4
21652,614,176,1
21653,9397,737,4
21654,2051,920,4
21655,9075,687,4
21656,820,956,3
21657,4487,4,4
21658,5734,858,4
21659,1022,444,1
21660,9177,384,1
21661,6201,523,4
21662,2876,49,3
21663,3482,655,4
21664,8424,528,1
21665,5188,544,1
21666,4838,67,1
21667,8830,712,2
21668,6366,771,3
21669,2328,753,3
21670,7304,368,4
21671,9780,37,4
21672,9013,690,2
21673,3249,584,3
21674,4914,736,1
21675,4197,544,4
21676,3470,280,1
21677,5162,862,4
21678,1102,477,3
21679,7454,351,2
21680,9655,897,3
21681,6593,205,3
21682,3207,66,3
21683,2940,11,2
21684,5966,886,1
21685,2156,995,2
21686,5426,90,4
21687,2750,548,1
21688,6464,467,2
21689,7290,635,4
21690,6536,798,3
21691,1155,840,1
21692,815,74,2
21693,8303,239,3
21694,4450,956,2
21695,1016,677,4
21696,3826,872,1
21697,381,522,2
21698,7947,876,1
21699,8735,628,1
21700,5549,924,2
21701,8120,506,3
21702,1064,625,4
21703,5880,157,3
21704,5081,340,3
21705,999,392,3
21706,8006,899,4
21707,7144,555,4
21708,9657,886,1
21709,3482,152,2
21710,8615,306,1
21711,9475,333,1
21712,312,10,1
21713,6010,715,4
21714,9776,827,2
21715,5789,275,1
21716,9614,519,2
21717,2868,944,1
21718,9825,571,2
21719,6986,779,3
21720,9688,336,3
21721,2758,240,4
21722,6898,177,4
21723,4251,971,2
21724,7348,881,4
21725,1209,325,4
21726,8776,603,2
21727,8137,714,1
21728,3195,867,4
21729,2299,891,4
21730,2193,763,1
21731,7636,517,2
21732,9908,963,2
21733,1225,821,3
21734,5056,573,4
21735,9926,320,4
21736,6398,615,2
21737,2306,338,4
21738,2986,388,1
21739,4638,918,3
21740,9998,850,1
21741,2219,361,2
21742,2076,541,1
21743,3756,600,1
21744,9301,575,1
21745,2547,351,2
21746,6017,148,2
21747,5049,952,3
21748,7251,955,1
21749,2402,267,3
21750,9521,993,4
21751,7914,553,4
21752,2893,444,3
21753,6732,324,3
21754,235,969,3
21755,2189,532,3
21756,3884,917,1
21757,4910,916,3
21758,3998,669,3
21759,2459,282,4
21760,4346,771,3
21761,2604,162,1
21762,3733,628,3
21763,9187,43,3
21764,4078,803,2
21765,1679,667,3
21766,4823,249,4
21767,8781,857,2
21768,6961,655,2
21769,5249,807,3
21770,5613,546,2
21771,8821,796,3
21772,3044,91,3
21773,9893,359,4
21774,5471,489,4
21775,8084,409,1
21776,2833,789,3
21777,4614,52,1
21778,1757,925,3
21779,3179,184,1
21780,5204,752,3
21781,8618,527,1
21782,3666,915,4
21783,2690,975,1
21784,8064,820,4
21785,9153,319,3
21786,1263,766,3
21787,783,375,4
21788,9139,757,2
21789,9122,985,4
21790,850,487,3
21791,8750,340,2
21792,9287,523,4
21793,7546,788,3
21794,5467,293,2
21795,2605,707,2
21796,9286,175,3
21797,7997,767,2
21798,343,706,1
21799,7660,163,4
21800,6009,684,3
21801,2221,384,2
21802,9683,993,3
21803,2827,352,4
21804,2996,788,2
21805,7324,301,1
21806,1390,691,1
21807,2962,974,1
21808,4053,581,3
21809,1918,112,4
21810,7765,207,4
21811,4285,933,4
21812,7062,895,2
21813,2804,46,2
21814,1555,341,3
21815,5008,133,2
21816,8705,627,2
21817,4375,700,4
21818,5434,553,3
21819,3375,477,3
21820,55,129,4
21821,8919,888,1
21822,6222,652,2
21823,349,615,2
21824,2691,452,3
21825,1651,371,3
21826,5883,154,2
21827,880,265,3
21828,1790,713,3
21829,2644,307,4
21830,9373,447,2
21831,7859,99,1
21832,9499,834,4
21833,4462,819,1
21834,2748,263,3
21835,6367,809,1
21836,9764,912,1
21837,2015,110,2
21838,9506,80,4
21839,4366,894,2
21840,7017,632,3
21841,1888,902,1
21842,1453,463,2
21843,3406,832,3
21844,6937,401,1
21845,3822,534,1
21846,9308,30,1
21847,3846,869,1
21848,8107,109,4
21849,1473,544,1
21850,3786,426,2
21851,1218,231,3
21852,7360,622,2
21853,1742,789,1
21854,3620,723,2
21855,8466,696,4
21856,1854,493,1
21857,8390,321,4
21858,546,390,4
21859,1886,282,1
21860,5977,929,2
21861,3010,33,1
21862,484,717,4
21863,3758,794,3
21864,5842,527,2
21865,1263,920,1
21866,7151,154,1
21867,2637,526,1
21868,6763,774,3
21869,594,258,4
21870,3937,762,4
21871,5452,812,1
21872,8854,720,2
21873,108,212,1
21874,1892,565,4
21875,150,911,1
21876,9517,668,1
21877,6623,400,4
21878,7103,350,1
21879,9137,375,4
21880,2334,259,3
21881,5507,345,2
21882,8480,911,1
21883,841,631,1
21884,4378,158,3
21885,6509,324,3
21886,1548,915,2
21887,7756,980,4
21888,2633,502,3
21889,4147,822,3
21890,8594,852,1
21891,4629,236,1
21892,2390,198,3
21893,5719,624,2
21894,7950,280,4
21895,6925,176,1
21896,6707,817,4
21897,8746,325,3
21898,5400,777,4
21899,6843,6,3
21900,8266,485,1
21901,7422,398,2
21902,9930,9,2
21903,9898,400,3
21904,552,941,2
21905,1551,522,3
21906,9385,379,1
21907,6611,277,3
21908,9782,844,4
21909,3798,96,4
21910,1878,642,4
21911,9765,985,2
21912,3126,911,3
21913,1851,603,4
21914,323,809,3
21915,8291,398,1
21916,5454,892,1
21917,5469,363,1
21918,4904,679,4
21919,9474,664,1
21920,2548,189,3
21921,1881,343,4
21922,5582,223,1
21923,9583,119,3
21924,8842,708,3
21925,9317,64,2
21926,8643,605,1
21927,997,264,1
21928,1790,989,1
21929,9815,477,2
21930,9627,203,4
21931,2607,328,3
21932,526,733,3
21933,288,768,2
21934,4072,874,4
21935,3363,998,2
21936,6277,35,1
21937,8326,181,4
21938,2964,789,2
21939,8783,570,3
21940,6593,792,3
21941,6616,430,3
21942,4859,692,4
21943,2264,61,2
21944,6222,223,4
21945,9933,345,1
21946,198,13,3
21947,9020,678,1
21948,6664,572,3
21949,9037,687,3
21950,1025,963,4
21951,5688,999,1
21952,1350,444,2
21953,3302,105,4
21954,4021,956,2
21955,789,895,4
21956,8347,633,2
21957,7912,505,4
21958,838,308,2
21959,5733,732,1
21960,9309,603,3
21961,2858,599,1
21962,3898,28,4
21963,9948,928,3
21964,6899,628,3
21965,6041,615,4
21966,4999,839,1
21967,5120,332,1
21968,8673,504,2
21969,6476,373,1
21970,6119,885,3
21971,4651,932,2
21972,4781,345,2
21973,219,158,1
21974,4025,301,2
21975,903,178,3
21976,6898,224,2
21977,8202,906,2
21978,2962,526,1
21979,3005,566,4
21980,3480,332,2
21981,9845,263,1
21982,1731,453,2
21983,7214,856,1
21984,7558,558,3
21985,5918,534,4
21986,5625,564,4
21987,2900,868,3
21988,7774,991,3
21989,3194,216,1
21990,1810,425,3
21991,7348,549,4
21992,1108,59,3
21993,3078,739,4
21994,348,851,4
21995,4653,725,2
21996,3893,592,1
21997,89,479,3
21998,795,307,2
21999,3652,100,3
22000,9302,973,4
22001,100,273,4
22002,2091,917,1
22003,5403,618,2
22004,3491,786,4
22005,8266,516,2
22006,746,118,1
22007,6724,761,1
22008,6769,287,1
22009,6297,894,4
22010,8359,812,1
22011,4034,352,4
22012,7016,958,2
22013,1173,983,1
22014,9306,794,4
22015,9652,175,1
22016,8250,254,1
22017,6671,39,4
22018,4922,369,2
22019,5664,86,4
22020,9060,980,4
22021,3511,532,3
22022,8773,293,4
22023,7566,727,2
22024,6590,464,3
22025,721,223,3
22026,5653,945,1
22027,5536,224,2
22028,2662,327,3
22029,8121,356,4
22030,5107,779,4
22031,6432,616,4
22032,708,314,2
22033,2931,826,1
22034,2627,311,3
22035,5481,679,1
22036,2808,734,2
22037,8048,793,1
22038,2133,974,3
22039,497,149,3
22040,1842,879,4
22041,9393,552,4
22042,8275,333,2
22043,8591,716,4
22044,9144,910,4
22045,8085,790,1
22046,4167,955,1
22047,7070,600,4
22048,9125,970,1
22049,1453,373,3
22050,1647,4,1
22051,1672,547,3
22052,2442,369,2
22053,6948,285,1
22054,5158,864,1
22055,7952,630,3
22056,8489,577,2
22057,1137,625,1
22058,7776,376,3
22059,2432,941,1
22060,4614,935,4
22061,2476,836,1
22062,9959,510,3
22063,9900,105,4
22064,7808,419,4
22065,5094,935,1
22066,852,455,2
22067,506,215,2
22068,2501,351,3
22069,7314,918,2
22070,8716,161,3
22071,7961,106,2
22072,1887,346,4
22073,8702,362,3
22074,833,654,3
22075,8646,404,1
22076,4761,780,4
22077,5577,25,3
22078,2153,714,1
22079,6315,709,2
22080,1171,467,4
22081,6318,464,4
22082,8040,86,4
22083,5390,617,2
22084,536,863,1
22085,6262,124,4
22086,8153,550,3
22087,5010,262,3
22088,1430,679,4
22089,597,225,1
22090,3319,400,4
22091,3653,834,2
22092,9776,78,1
22093,5448,569,3
22094,3332,883,1
22095,1870,237,1
22096,3998,287,4
22097,4676,185,2
22098,8079,279,2
22099,5361,149,3
22100,1920,298,2
22101,9655,537,3
22102,313,120,1
22103,4998,948,1
22104,7409,313,3
22105,8686,513,1
22106,1833,627,2
22107,7541,433,2
22108,7366,994,4
22109,2832,912,2
22110,5197,30,3
22111,2245,278,1
22112,5009,364,2
22113,9554,906,1
22114,4174,193,1
22115,991,276,1
22116,6679,193,4
22117,9680,705,3
22118,7231,329,3
22119,1430,525,4
22120,5560,821,4
22121,1800,259,1
22122,3095,791,3
22123,4460,666,3
22124,410,831,4
22125,449,22,3
22126,3483,189,3
22127,9135,782,4
22128,4860,550,4
22129,8095,71,2
22130,1195,8,4
22131,8666,854,2
22132,6042,477,4
22133,4009,603,4
22134,9091,982,2
22135,4250,87,2
22136,7285,54,2
22137,4793,363,4
22138,3474,8,4
22139,1696,107,1
22140,2571,336,2
22141,9805,400,3
22142,7369,687,2
22143,9199,459,2
22144,3201,971,3
22145,1186,816,4
22146,2549,761,1
22147,5791,41,3
22148,6227,374,4
22149,8952,280,4
22150,6430,840,4
22151,2359,798,4
22152,1688,210,1
22153,2222,719,3
22154,777,111,2
22155,2996,407,3
22156,4019,457,2
22157,3706,916,4
22158,8754,377,1
22159,4065,967,4
22160,5935,185,2
22161,3999,358,3
22162,4293,640,2
22163,681,526,4
22164,7598,726,3
22165,572,121,2
22166,3207,654,3
22167,4982,221,4
22168,6067,707,1
22169,5328,226,2
22170,8143,432,2
22171,5256,448,3
22172,1270,280,2
22173,3503,495,1
22174,4518,762,3
22175,6063,104,2
22176,1695,851,2
22177,8672,985,3
22178,3625,980,4
22179,6237,76,1
22180,3185,369,3
22181,5868,506,4
22182,5246,26,2
22183,9734,465,3
22184,8930,774,1
22185,1010,79,1
22186,1203,550,1
22187,9365,343,1
22188,5932,176,3
22189,9158,954,2
22190,716,548,2
22191,1658,12,4
22192,9437,72,1
22193,8291,949,4
22194,8092,602,1
22195,9184,512,3
22196,5514,418,2
22197,4504,481,2
22198,7292,172,2
22199,997,38,2
22200,617,430,2
22201,3770,572,4
22202,1709,440,1
22203,2532,158,2
22204,7384,800,3
22205,2526,717,1
22206,7751,567,2
22207,7672,453,1
22208,941,779,3
22209,428,860,1
22210,9108,795,2
22211,2769,363,3
22212,1485,156,1
22213,3354,736,2
22214,782,520,2
22215,3685,637,2
22216,3518,955,3
22217,7078,148,2
22218,6700,891,3
22219,2324,260,1
22220,556,776,1
22221,7921,286,2
22222,5936,632,1
22223,4613,708,3
22224,7869,245,2
22225,3644,907,2
22226,6551,488,1
22227,7303,437,2
22228,8480,19,3
22229,6680,20,3
22230,2241,874,3
22231,5118,11,3
22232,8160,849,4
22233,1783,19,1
22234,2351,456,3
22235,8115,572,4
22236,8854,494,4
22237,8932,123,1
22238,7108,288,1
22239,2057,980,3
22240,8877,198,4
22241,6215,341,2
22242,6466,924,4
22243,6555,221,1
22244,7315,169,4
22245,2119,477,3
22246,7454,651,2
22247,1745,813,2
22248,1756,882,2
22249,1217,809,2
22250,4090,572,4
22251,978,460,2
22252,7995,291,4
22253,2259,163,2
22254,2218,336,3
22255,4937,385,2
22256,6597,894,2
22257,2228,389,4
22258,9261,106,4
22259,6341,891,4
22260,3228,991,2
22261,55,187,3
22262,1509,322,3
22263,4427,604,4
22264,7510,707,3
22265,8756,678,3
22266,7411,110,4
22267,8147,381,4
22268,9377,681,3
22269,8362,372,4
22270,5017,666,2
22271,319,609,1
22272,9016,84,3
22273,5230,54,4
22274,4809,61,2
22275,3527,677,3
22276,6285,699,2
22277,7007,980,3
22278,780,546,3
22279,9329,349,3
22280,1484,307,3
22281,7455,142,2
22282,9198,103,4
22283,568,754,3
22284,6873,47,3
22285,2285,394,4
22286,1304,906,4
22287,9689,472,4
22288,9042,753,1
22289,9768,509,4
22290,7462,746,2
22291,1995,312,1
22292,2555,272,4
22293,9682,382,4
22294,662,333,1
22295,2533,864,1
22296,6494,950,3
22297,1035,323,4
22298,2286,825,1
22299,2945,258,1
22300,448,360,2
22301,6188,155,4
22302,3327,608,4
22303,4068,572,3
22304,7050,616,1
22305,5939,661,2
22306,6188,158,3
22307,6774,699,4
22308,6060,289,1
22309,9617,859,1
22310,1787,807,1
22311,7846,51,4
22312,8714,924,2
22313,1719,962,1
22314,7819,431,3
22315,3939,679,4
22316,534,406,4
22317,5851,143,3
22318,7609,709,3
22319,339,493,1
22320,2860,632,4
22321,2737,363,4
22322,1756,249,2
22323,2849,807,4
22324,5793,257,2
22325,8458,898,1
22326,374,380,4
22327,7677,311,1
22328,8508,978,2
22329,9220,307,2
22330,642,336,1
22331,4564,278,2
22332,9273,67,4
22333,3114,891,1
22334,360,574,4
22335,5305,694,4
22336,8949,476,4
22337,865,287,1
22338,5177,485,3
22339,2174,639,3
22340,3362,152,1
22341,5859,997,4
22342,6868,926,2
22343,9292,188,4
22344,3471,53,4
22345,4083,754,2
22346,7345,961,1
22347,7932,216,3
22348,9167,332,4
22349,7906,340,3
22350,9286,609,1
22351,924,728,4
22352,4207,606,2
22353,7229,354,4
22354,9259,160,4
22355,939,730,3
22356,6033,196,1
22357,6235,404,3
22358,926,299,2
22359,4881,862,3
22360,8838,298,4
22361,7141,745,1
22362,1760,456,4
22363,1461,418,2
22364,3879,58,2
22365,4605,523,2
22366,9384,866,1
22367,3472,706,2
22368,724,132,4
22369,2407,923,3
22370,7867,345,2
22371,2972,419,2
22372,5124,325,3
22373,8703,229,1
22374,5187,907,2
22375,2289,583,2
22376,614,894,1
22377,1571,501,4
22378,8778,789,3
22379,1582,876,3
22380,5723,849,1
22381,8967,366,3
22382,1275,144,3
22383,8974,441,4
22384,9181,917,1
22385,955,112,3
22386,6548,243,1
22387,4381,217,4
22388,7565,19,1
22389,5034,222,2
22390,237,737,3
22391,4833,414,2
22392,5224,549,3
22393,2095,94,1
22394,855,126,4
22395,9856,725,2
22396,900,471,4
22397,631,360,4
22398,7835,925,2
22399,7689,384,2
22400,3594,221,3
22401,6880,374,4
22402,3198,860,2
22403,9634,313,4
22404,471,125,2
22405,8401,849,3
22406,5603,190,4
22407,9535,883,2
22408,3710,513,3
22409,8170,748,2
22410,6991,601,4
22411,809,486,2
22412,7514,639,1
22413,8945,497,2
22414,3362,672,2
22415,8758,649,1
22416,6161,622,4
22417,5854,62,4
22418,9191,235,4
22419,5656,936,3
22420,9177,622,1
22421,3361,863,3
22422,4907,408,4
22423,5634,935,2
22424,2278,533,4
22425,5601,930,2
22426,4058,627,4
22427,9195,570,4
22428,1010,69,1
22429,2681,921,3
22430,6523,691,2
22431,9637,757,4
22432,6940,768,4
22433,1464,291,4
22434,8467,911,4
22435,3221,1000,2
22436,7647,474,3
22437,4442,961,1
22438,5379,378,3
22439,655,823,2
22440,4292,948,3
22441,47,213,4
22442,2081,567,3
22443,5301,290,3
22444,4260,495,2
22445,8709,742,4
22446,105,592,2
22447,6614,535,1
22448,2344,678,1
22449,1644,731,3
22450,9178,887,3
22451,3586,838,2
22452,9864,650,2
22453,9732,379,4
22454,8866,970,4
22455,5682,847,1
22456,9837,354,2
22457,5231,922,4
22458,3486,62,1
22459,809,930,1
22460,603,244,1
22461,416,790,4
22462,4471,926,1
22463,2849,444,1
22464,149,838,1
22465,872,229,1
22466,2274,540,1
22467,7311,684,2
22468,9738,725,3
22469,4609,771,4
22470,4176,392,2
22471,2905,416,4
22472,4662,37,4
22473,6319,249,4
22474,3654,645,1
22475,8369,410,2
22476,4183,344,3
22477,5148,788,3
22478,7726,13,4
22479,574,648,4
22480,8196,56,3
22481,5093,5,4
22482,1847,964,2
22483,9691,945,4
22484,9283,9,1
22485,1322,503,4
22486,2355,84,3
22487,8222,527,4
22488,3823,86,3
22489,5249,689,1
22490,3794,760,2
22491,1791,380,2
22492,3454,374,2
22493,5308,202,2
22494,2425,36,1
22495,3035,700,4
22496,5111,621,2
22497,9737,81,1
22498,114,756,1
22499,1523,134,3
22500,887,798,1
22501,8120,144,2
22502,4265,721,3
22503,6441,742,4
22504,7976,647,3
22505,2684,783,4
22506,9008,852,1
22507,8717,925,2
22508,6612,848,1
22509,5205,270,2
22510,3890,556,2
22511,9541,82,4
22512,9972,940,1
22513,4585,592,1
22514,9762,562,1
22515,7926,845,1
22516,284,120,3
22517,9914,117,4
22518,7337,9,4
22519,4887,767,3
22520,3672,974,3
22521,7752,643,2
22522,1417,840,4
22523,3543,570,1
22524,4648,372,3
22525,159,362,4
22526,5079,657,2
22527,269,137,3
22528,4399,432,3
22529,2531,536,3
22530,9514,845,3
22531,2363,722,3
22532,2710,959,2
22533,4690,999,2
22534,849,805,1
22535,4746,157,3
22536,8718,729,3
22537,3817,181,1
22538,3075,739,4
22539,9089,39,4
22540,8097,138,2
22541,4511,257,1
22542,4582,779,4
22543,3629,193,2
22544,7603,532,3
22545,5256,816,2
22546,412,335,1
22547,7157,627,4
22548,6134,543,3
22549,2466,971,3
22550,8001,984,2
22551,4468,804,2
22552,6090,579,4
22553,6843,272,1
22554,708,774,4
22555,9389,436,3
22556,7149,629,1
22557,1864,848,4
22558,4824,283,2
22559,3845,869,4
22560,159,82,3
22561,1140,346,3
22562,1080,753,1
22563,5700,800,1
22564,7225,500,3
22565,7699,962,4
22566,1361,665,2
22567,3893,841,3
22568,8201,977,4
22569,6205,392,2
22570,6451,628,1
22571,9579,88,1
22572,7067,247,2
22573,3824,398,2
22574,6122,193,4
22575,8592,445,2
22576,604,898,4
22577,997,123,2
22578,2032,691,4
22579,9132,567,4
22580,8638,52,2
22581,4075,679,2
22582,3783,102,4
22583,5011,586,3
22584,8750,412,3
22585,9407,80,4
22586,601,330,1
22587,3525,904,1
22588,7913,812,1
22589,4765,897,4
22590,672,116,1
22591,5695,527,4
22592,2751,274,3
22593,1033,788,1
22594,1301,782,2
22595,9383,495,2
22596,183,935,2
22597,1265,827,1
22598,6056,875,1
22599,9449,395,1
22600,5092,753,4
22601,9566,995,1
22602,155,456,4
22603,4310,243,2
22604,6585,861,2
22605,1726,291,2
22606,4286,226,2
22607,2435,264,3
22608,3071,588,3
22609,1724,993,3
22610,3938,560,3
22611,1565,43,2
22612,5108,31,4
22613,5133,189,4
22614,427,707,4
22615,6733,993,3
22616,4414,757,2
22617,2019,902,1
22618,3653,655,1
22619,6719,945,2
22620,7230,492,3
22621,1024,788,1
22622,9959,780,3
22623,2827,975,2
22624,8323,367,2
22625,2850,38,3
22626,3289,240,1
22627,95,398,2
22628,3798,62,3
22629,491,936,3
22630,7203,556,2
22631,7695,502,2
22632,5031,760,3
22633,7590,720,2
22634,4643,435,3
22635,2394,743,4
22636,7878,760,3
22637,9808,566,2
22638,5544,742,1
22639,9842,128,4
22640,7246,949,2
22641,7647,853,4
22642,6645,15,4
22643,2716,378,2
22644,7512,504,2
22645,4689,327,4
22646,4612,271,1
22647,5731,216,4
22648,6489,925,1
22649,8634,800,4
22650,724,804,3
22651,8365,612,3
22652,85,653,1
22653,9165,376,1
22654,4815,799,4
22655,8950,471,2
22656,6448,557,3
22657,5188,392,1
22658,8459,621,1
22659,3845,293,2
22660,1515,741,4
22661,7719,378,3
22662,497,657,2
22663,1754,950,1
22664,3269,543,2
22665,5959,388,2
22666,7458,633,4
22667,3734,766,4
22668,7951,543,1
22669,1583,600,4
22670,2678,177,2
22671,1559,270,2
22672,1687,102,2
22673,5415,248,3
22674,170,281,3
22675,4438,648,3
22676,8,865,4
22677,2126,776,1
22678,1196,871,1
22679,2876,328,4
22680,6511,942,4
22681,9405,797,3
22682,6731,101,1
22683,3467,626,2
22684,5755,246,1
22685,1155,597,2
22686,6593,939,2
22687,3509,594,3
22688,9690,499,3
22689,7803,486,4
22690,8075,736,4
22691,1668,173,4
22692,6870,369,1
22693,4206,710,2
22694,5098,747,1
22695,120,62,4
22696,9897,37,1
22697,4458,87,1
22698,3948,423,4
22699,2362,37,4
22700,6321,849,4
22701,1428,8,2
22702,646,83,1
22703,7390,280,3
22704,1857,690,2
22705,4323,458,4
22706,3628,73,1
22707,1735,81,1
22708,6652,53,1
22709,3788,7,3
22710,9574,485,2
22711,7907,45,4
22712,1885,180,3
22713,5368,377,3
22714,1904,594,3
22715,1052,228,2
22716,2658,662,2
22717,6906,443,3
22718,701,617,1
22719,1986,490,1
22720,5815,428,3
22721,9811,742,1
22722,4604,334,4
22723,8960,791,3
22724,8060,122,3
22725,3442,363,1
22726,2873,14,1
22727,4565,881,3
22728,2030,324,2
22729,8966,317,2
22730,6422,338,4
22731,8303,742,3
22732,8986,781,4
22733,7911,841,3
22734,4337,795,2
22735,482,154,4
22736,8398,631,1
22737,1280,471,3
22738,5447,887,4
22739,1770,642,3
22740,1048,169,1
22741,6119,269,1
22742,4394,521,2
22743,5116,359,4
22744,6965,955,2
22745,5631,314,1
22746,3664,791,2
22747,1192,291,4
22748,577,969,4
22749,7790,576,1
22750,9188,862,3
22751,3331,978,2
22752,6040,850,4
22753,8973,884,3
22754,7248,420,3
22755,39,349,3
22756,8191,385,4
22757,4329,821,3
22758,5516,219,1
22759,4032,936,4
22760,7863,533,2
22761,3268,438,2
22762,8106,767,3
22763,2420,649,2
22764,7795,678,3
22765,652,321,1
22766,7781,723,1
22767,7194,371,4
22768,3815,161,2
22769,9079,198,4
22770,1802,203,1
22771,5055,187,1
22772,880,135,4
22773,3984,704,3
22774,88,961,2
22775,6692,185,4
22776,5493,400,2
22777,9485,354,2
22778,2100,748,3
22779,2073,612,2
22780,2376,440,4
22781,4228,722,3
22782,2502,870,1
22783,8512,137,4
22784,417,496,3
22785,9735,866,1
22786,7307,779,2
22787,1234,785,1
22788,7160,27,1
22789,2092,295,1
22790,3106,438,1
22791,3218,430,1
22792,8847,145,4
22793,8478,114,3
22794,7277,732,3
22795,8589,284,4
22796,5850,735,3
22797,2615,535,1
22798,735,674,2
22799,1777,630,2
22800,8393,591,4
22801,3710,373,3
22802,3051,237,1
22803,3732,247,3
22804,8470,739,4
22805,2884,412,3
22806,310,240,3
22807,146,911,3
22808,4412,827,4
22809,802,109,1
22810,1285,416,2
22811,2422,638,1
22812,19,50,3
22813,2700,107,2
22814,9732,397,1
22815,8034,199,2
22816,1850,188,3
22817,6869,713,4
22818,1179,980,3
22819,2493,45,4
22820,2077,116,3
22821,589,159,3
22822,9445,607,2
22823,4791,704,2
22824,1733,938,4
22825,1864,674,1
22826,5252,130,2
22827,3232,127,2
22828,8813,667,3
22829,1478,819,3
22830,3005,471,4
22831,6160,366,3
22832,9337,833,2
22833,5890,255,2
22834,4364,169,3
22835,4384,712,4
22836,5854,585,3
22837,7732,399,2
22838,4919,843,2
22839,9738,787,4
22840,1732,535,4
22841,5373,171,2
22842,8469,127,4
22843,654,167,4
22844,2167,276,3
22845,8898,367,2
22846,2450,302,2
22847,1321,443,4
22848,2145,54,2
22849,9088,529,3
22850,7035,91,1
22851,8532,418,2
22852,3006,417,3
22853,9978,82,3
22854,207,802,4
22855,7153,640,3
22856,2225,335,1
22857,6017,343,4
22858,2494,594,4
22859,5524,381,2
22860,3323,568,3
22861,1894,594,4
22862,2718,117,3
22863,1960,348,3
22864,3100,569,3
22865,7074,587,4
22866,5719,847,2
22867,8557,301,4
22868,3584,395,3
22869,9329,838,2
22870,8092,754,4
22871,7061,966,1
22872,2009,939,2
22873,1669,737,4
22874,6327,779,1
22875,5397,760,4
22876,5995,754,1
22877,4464,725,4
22878,938,930,4
22879,2659,929,3
22880,699,125,1
22881,7155,480,4
22882,4483,887,3
22883,4498,35,3
22884,6974,46,2
22885,956,958,1
22886,8577,453,2
22887,2506,915,3
22888,6515,335,1
22889,9984,57,3
22890,3879,526,1
22891,5702,689,2
22892,4410,430,3
22893,466,971,2
22894,2486,300,1
22895,3386,27,4
22896,168,720,2
22897,712,568,3
22898,4488,765,2
22899,3819,979,3
22900,8484,615,2
22901,7723,960,4
22902,3877,514,3
22903,6845,52,4
22904,3082,732,4
22905,5578,300,4
22906,7225,257,4
22907,975,84,1
22908,538,573,3
22909,3095,640,1
22910,1387,433,2
22911,5814,531,4
22912,5776,107,3
22913,6467,21,1
22914,2296,323,2
22915,317,13,3
22916,8446,659,3
22917,650,247,3
22918,5018,635,1
22919,9340,374,3
22920,53,119,4
22921,7553,301,3
22922,327,197,3
22923,4477,261,2
22924,5144,930,2
22925,868,325,1
22926,3119,333,3
22927,1813,936,2
22928,6786,806,3
22929,116,27,2
22930,9108,673,4
22931,5752,330,4
22932,8884,864,1
22933,6433,697,4
22934,6957,789,3
22935,3222,31,4
22936,7367,199,4
22937,5141,42,2
22938,7809,863,4
22939,3161,884,4
22940,2680,782,1
22941,9008,303,1
22942,7350,470,3
22943,5453,326,3
22944,9168,755,1
22945,1347,430,4
22946,1718,496,2
22947,4513,718,4
22948,4776,183,2
22949,1208,594,1
22950,4728,202,1
22951,5877,895,1
22952,9351,451,1
22953,7889,111,1
22954,2520,654,1
22955,2560,660,2
22956,4662,622,2
22957,5967,42,4
22958,1355,563,2
22959,293,237,4
22960,2848,562,1
22961,9197,630,2
22962,2612,558,3
22963,700,841,1
22964,7587,525,2
22965,6792,877,2
22966,1224,696,2
22967,2793,815,3
22968,1714,930,1
22969,974,654,1
22970,2905,132,3
22971,9628,709,1
22972,6820,230,2
22973,4261,345,2
22974,4891,188,1
22975,312,383,3
22976,8875,714,1
22977,1161,626,2
22978,2005,45,2
22979,883,766,3
22980,2443,800,4
22981,336,208,3
22982,4190,748,1
22983,8764,654,3
22984,5018,787,1
22985,4924,216,1
22986,8138,919,3
22987,5884,922,3
22988,589,341,3
22989,5215,571,4
22990,4988,272,3
22991,2357,411,3
22992,6415,374,1
22993,7781,169,2
22994,1493,832,2
22995,4467,111,1
22996,7130,156,3
22997,4491,551,2
22998,6083,882,4
22999,5505,226,1
23000,4904,567,1
23001,8609,101,1
23002,2623,809,4
23003,2122,240,2
23004,3407,146,4
23005,1357,608,2
23006,334,10,2
23007,699,457,1
23008,6356,869,3
23009,7302,213,3
23010,8666,37,1
23011,8916,765,1
23012,7780,271,3
23013,1160,751,1
23014,7641,43,4
23015,2569,738,2
23016,387,961,3
23017,6602,416,4
23018,2562,636,1
23019,9623,854,4
23020,8379,532,2
23021,5667,523,3
23022,3139,283,1
23023,7693,444,3
23024,1019,252,4
23025,257,170,1
23026,9888,221,1
23027,5709,691,1
23028,2533,477,1
23029,9858,543,1
23030,981,953,3
23031,4335,817,4
23032,5199,816,2
23033,4981,649,2
23034,6988,363,2
23035,3285,287,2
23036,951,314,1
23037,6308,896,2
23038,2087,357,2
23039,9237,380,4
23040,9709,936,1
23041,234,201,3
23042,2618,293,1
23043,6024,291,3
23044,7432,636,3
23045,8529,73,3
23046,101,118,2
23047,323,538,2
23048,8432,591,2
23049,1606,969,1
23050,6725,926,2
23051,4383,507,1
23052,1937,867,4
23053,5975,258,1
23054,8585,245,3
23055,2168,628,2
23056,6850,827,2
23057,1551,486,4
23058,1442,582,4
23059,3563,11,1
23060,4994,657,1
23061,1542,98,1
23062,4828,688,1
23063,5410,422,4
23064,9881,925,3
23065,8264,902,4
23066,4252,864,1
23067,8162,634,4
23068,1939,551,3
23069,858,278,2
23070,1626,836,1
23071,6843,734,2
23072,3569,281,1
23073,2009,442,4
23074,4065,222,1
23075,3765,614,2
23076,3609,790,4
23077,3177,412,1
23078,8116,996,3
23079,4293,656,2
23080,6090,556,4
23081,5050,666,3
23082,8628,349,2
23083,1979,879,2
23084,4392,783,1
23085,8152,884,3
23086,1756,820,4
23087,4784,927,4
23088,394,291,4
23089,4983,747,1
23090,883,118,3
23091,9662,81,2
23092,4088,500,1
23093,9310,652,3
23094,7634,948,2
23095,6485,143,1
23096,6350,846,2
23097,1108,347,4
23098,7567,796,4
23099,1431,361,4
23100,4723,887,2
23101,5734,336,1
23102,3680,391,3
23103,9811,246,1
23104,1658,992,4
23105,4626,768,3
23106,2299,580,4
23107,7208,664,2
23108,5060,650,2
23109,4746,672,4
23110,516,84,3
23111,2810,461,1
23112,825,804,2
23113,6166,632,4
23114,5099,902,2
23115,8311,633,1
23116,6396,407,1
23117,4454,422,2
23118,7107,291,2
23119,1006,264,3
23120,7659,783,4
23121,8163,952,4
23122,1540,904,3
23123,7228,396,1
23124,6681,500,1
23125,289,771,1
23126,2853,991,1
23127,358,147,3
23128,3213,71,1
23129,598,16,2
23130,5978,715,2
23131,3502,320,2
23132,6554,347,3
23133,7331,13,2
23134,9212,127,4
23135,3016,681,2
23136,6286,340,3
23137,6968,474,4
23138,1037,286,4
23139,8400,771,3
23140,7361,275,3
23141,5522,168,2
23142,5233,770,1
23143,8933,799,2
23144,3334,985,4
23145,7625,531,1
23146,9293,961,2
23147,2709,879,4
23148,3140,372,3
23149,8827,466,4
23150,7321,150,4
23151,2468,347,4
23152,9550,877,2
23153,7878,311,4
23154,8840,677,4
23155,4021,594,3
23156,593,372,3
23157,3441,499,2
23158,8254,382,2
23159,9311,246,1
23160,3515,313,1
23161,4022,715,4
23162,742,486,2
23163,7975,473,1
23164,5605,947,1
23165,6376,76,2
23166,8659,52,4
23167,4426,611,1
23168,836,774,2
23169,8389,537,1
23170,8077,203,2
23171,8866,234,1
23172,4612,50,3
23173,8075,622,3
23174,1447,433,1
23175,2525,233,4
23176,6092,168,2
23177,3182,234,3
23178,8068,327,4
23179,4181,920,3
23180,6062,852,2
23181,5771,668,4
23182,4395,176,2
23183,8122,811,4
23184,2985,32,3
23185,3844,584,2
23186,4588,995,3
23187,3419,17,2
23188,6059,105,3
23189,6400,948,4
23190,8582,918,4
23191,1854,247,3
23192,468,250,3
23193,4389,217,2
23194,6946,403,3
23195,8469,996,1
23196,9994,731,2
23197,2806,762,1
23198,9903,400,4
23199,7438,911,2
23200,1626,436,2
23201,5121,696,4
23202,9042,957,3
23203,7323,551,3
23204,3454,306,4
23205,5385,574,3
23206,121,562,1
23207,8337,672,4
23208,1048,40,3
23209,7647,156,4
23210,5353,843,2
23211,8256,925,3
23212,6474,726,1
23213,5328,597,4
23214,5256,308,2
23215,9415,123,1
23216,5785,85,1
23217,7026,374,4
23218,8464,553,4
23219,7199,252,2
23220,2744,396,3
23221,5838,935,2
23222,3445,844,1
23223,2185,628,2
23224,1978,912,3
23225,2922,251,1
23226,355,345,1
23227,6958,809,4
23228,5801,148,2
23229,4853,828,2
23230,1111,584,3
23231,6179,348,4
23232,4786,923,1
23233,6873,839,3
23234,8326,312,4
23235,3055,276,2
23236,1944,302,2
23237,5433,446,1
23238,3935,259,1
23239,1145,923,3
23240,7040,187,3
23241,9393,823,3
23242,4566,105,2
23243,8211,28,3
23244,3223,9,3
23245,5236,218,3
23246,1002,666,1
23247,9719,313,4
23248,7437,293,1
23249,4500,109,1
23250,4964,327,4
23251,6033,832,2
23252,3635,607,3
23253,1062,366,4
23254,4420,793,4
23255,272,426,4
23256,8229,27,2
23257,1528,190,3
23258,7117,951,3
23259,3242,757,1
23260,7975,739,2
23261,2863,601,3
23262,5499,150,1
23263,5149,457,2
23264,3820,102,3
23265,9142,564,4
23266,5526,374,3
23267,9329,426,3
23268,1930,194,2
23269,8628,561,4
23270,5499,395,1
23271,9088,756,3
23272,6429,617,2
23273,830,977,2
23274,8723,972,2
23275,5617,137,4
23276,6178,836,4
23277,5389,391,4
23278,7734,222,1
23279,6060,647,3
23280,2045,478,1
23281,4494,817,4
23282,6246,983,3
23283,1325,613,1
23284,7633,408,3
23285,1965,384,2
23286,420,878,2
23287,5385,34,2
23288,6460,539,4
23289,471,445,4
23290,8639,279,3
23291,9631,770,4
23292,4286,88,1
23293,3901,376,2
23294,7918,704,1
23295,357,661,4
23296,9774,573,2
23297,1418,615,2
23298,9947,60,2
23299,4672,325,1
23300,7204,391,2
23301,4780,545,4
23302,4434,270,1
23303,5688,601,3
23304,1610,653,4
23305,7895,277,2
23306,4677,53,2
23307,1301,628,4
23308,1020,902,2
23309,293,425,2
23310,4386,530,2
23311,2769,229,3
23312,8394,434,2
23313,4343,960,1
23314,5993,795,2
23315,1660,215,4
23316,7864,653,3
23317,1554,658,4
23318,1867,260,3
23319,8444,361,1
23320,7624,69,2
23321,9187,257,3
23322,6446,534,3
23323,5916,568,4
23324,1453,441,2
23325,4576,870,3
23326,3594,813,2
23327,3802,711,1
23328,4113,293,1
23329,8559,715,3
23330,8466,116,2
23331,3498,767,4
23332,7454,225,4
23333,9821,395,1
23334,435,540,4
23335,6,672,4
23336,8590,34,3
23337,9391,596,1
23338,3583,214,2
23339,6249,201,1
23340,2923,816,3
23341,1692,798,4
23342,7174,436,2
23343,6664,884,4
23344,1970,950,2
23345,9447,20,3
23346,919,533,3
23347,4223,157,3
23348,702,123,2
23349,8274,177,4
23350,3150,89,3
23351,4797,153,1
23352,2147,366,4
23353,837,416,3
23354,7584,807,1
23355,2962,689,3
23356,4369,741,3
23357,2457,58,1
23358,4836,529,1
23359,9050,908,3
23360,4845,550,1
23361,5994,703,1
23362,771,924,3
23363,1517,965,4
23364,8228,383,1
23365,5213,142,2
23366,5448,262,1
23367,367,465,2
23368,7320,806,2
23369,873,542,2
23370,2979,365,4
23371,4350,399,3
23372,4547,655,3
23373,8596,41,4
23374,3247,890,3
23375,4846,761,4
23376,8401,42,2
23377,3904,298,1
23378,8007,24,2
23379,6736,952,4
23380,2210,780,4
23381,679,111,1
23382,3850,537,1
23383,4767,324,1
23384,9884,930,4
23385,212,472,2
23386,4786,765,1
23387,4849,585,3
23388,4626,97,1
23389,1936,408,3
23390,9260,787,4
23391,4099,641,3
23392,8939,593,4
23393,677,614,4
23394,4971,590,4
23395,5282,266,3
23396,881,57,1
23397,8303,25,4
23398,3969,377,1
23399,1510,339,2
23400,4536,541,3
23401,2290,597,1
23402,5002,576,4
23403,8606,232,1
23404,50,596,1
23405,7581,117,4
23406,551,130,1
23407,2904,746,1
23408,1880,230,2
23409,2186,489,1
23410,9971,118,1
23411,9300,822,1
23412,4887,524,2
23413,7591,501,2
23414,5715,867,4
23415,8145,73,3
23416,9911,818,3
23417,5529,417,2
23418,1307,746,1
23419,6752,624,1
23420,8780,555,3
23421,429,204,4
23422,5229,214,3
23423,9346,388,4
23424,2497,201,3
23425,5003,397,4
23426,5840,822,2
23427,8850,209,4
23428,8160,609,2
23429,9295,341,4
23430,4712,38,3
23431,7338,597,2
23432,7501,395,1
23433,2417,573,3
23434,6023,714,2
23435,9655,781,1
23436,659,131,3
23437,6458,67,3
23438,1239,150,2
23439,5566,974,1
23440,4175,876,3
23441,9286,369,1
23442,1876,4,3
23443,5971,597,4
23444,7978,988,2
23445,8504,490,3
23446,1274,811,3
23447,6371,474,4
23448,3526,179,1
23449,6346,172,2
23450,9592,140,4
23451,5796,660,4
23452,3028,780,3
23453,4200,264,2
23454,8332,55,4
23455,7293,846,3
23456,4276,186,1
23457,4819,612,3
23458,735,315,4
23459,9907,266,4
23460,6702,289,3
23461,1611,354,1
23462,7947,633,3
23463,8526,332,2
23464,2368,447,4
23465,2128,358,2
23466,9111,482,1
23467,7026,618,3
23468,4233,926,3
23469,2714,666,3
23470,9800,570,4
23471,9408,427,2
23472,5430,497,3
23473,6287,66,1
23474,3256,543,3
23475,5128,893,1
23476,3097,910,1
23477,2182,619,1
23478,3846,25,2
23479,7819,138,1
23480,9983,374,4
23481,2566,356,1
23482,5760,510,3
23483,2323,118,3
23484,9312,491,3
23485,2240,959,1
23486,776,433,4
23487,4573,400,4
23488,7033,240,4
23489,6484,36,4
23490,6385,789,1
23491,7100,719,3
23492,2190,64,2
23493,2495,757,2
23494,5650,805,3
23495,2049,641,2
23496,9109,282,1
23497,6166,728,3
23498,9231,909,4
23499,9429,565,3
23500,7868,650,3
23501,467,118,1
23502,7926,419,1
23503,3757,20,1
23504,70,240,3
23505,6369,695,1
23506,4312,614,3
23507,9866,172,2
23508,6531,121,1
23509,6972,471,4
23510,4257,459,4
23511,3417,73,2
23512,3513,275,1
23513,1693,494,1
23514,2399,835,4
23515,2201,579,2
23516,5451,750,3
23517,9347,485,2
23518,2535,796,4
23519,8995,867,4
23520,1059,484,4
23521,5133,780,1
23522,3015,829,3
23523,8285,199,1
23524,2318,39,4
23525,1250,694,3
23526,5561,935,2
23527,8607,216,4
23528,7644,882,3
23529,2966,979,2
23530,3155,885,3
23531,6190,366,3
23532,1333,752,3
23533,2015,579,2
23534,8120,659,3
23535,4603,97,1
23536,6908,497,3
23537,8423,363,2
23538,4500,390,2
23539,5371,710,1
23540,4792,116,1
23541,1122,115,4
23542,8263,926,1
23543,2989,791,1
23544,2881,337,3
23545,4388,175,3
23546,818,279,2
23547,4921,302,2
23548,6955,686,2
23549,376,280,4
23550,1487,737,3
23551,8815,579,1
23552,8323,46,3
23553,9557,311,4
23554,9625,374,2
23555,4869,240,2
23556,884,386,4
23557,6923,415,1
23558,4538,348,2
23559,3785,430,2
23560,3579,930,2
23561,2694,38,3
23562,192,188,3
23563,8778,63,2
23564,9146,789,3
23565,7016,767,2
23566,511,814,3
23567,3787,487,3
23568,292,603,4
23569,6913,517,1
23570,9908,548,4
23571,4543,711,4
23572,4573,680,4
23573,7111,321,2
23574,5961,165,2
23575,8560,374,4
23576,1635,896,2
23577,2002,663,2
23578,2628,683,4
23579,93,121,1
23580,9349,142,2
23581,5557,456,2
23582,7952,673,2
23583,9781,238,2
23584,6080,782,1
23585,1216,851,2
23586,2584,487,1
23587,9417,440,4
23588,218,231,1
23589,204,335,2
23590,8098,121,1
23591,9698,542,2
23592,340,896,3
23593,4060,673,2
23594,7493,910,4
23595,5502,225,1
23596,2546,541,3
23597,7322,754,3
23598,4024,227,1
23599,5982,768,2
23600,1320,415,4
23601,4216,704,3
23602,4684,861,3
23603,185,654,4
23604,4214,192,1
23605,7818,530,4
23606,8500,744,2
23607,449,51,3
23608,7727,365,2
23609,5492,509,3
23610,8392,196,4
23611,4650,620,2
23612,9099,733,4
23613,6600,898,1
23614,133,873,4
23615,3752,9,1
23616,7879,824,2
23617,1587,573,2
23618,6465,707,3
23619,4047,741,3
23620,3730,556,2
23621,1891,940,1
23622,463,557,4
23623,4695,140,3
23624,3819,179,1
23625,4327,477,3
23626,9479,234,3
23627,4166,588,3
23628,1903,5,4
23629,6084,529,4
23630,7987,682,4
23631,9671,539,4
23632,9393,406,1
23633,9178,458,1
23634,9659,635,2
23635,6009,275,2
23636,7414,927,4
23637,2078,617,2
23638,1366,476,4
23639,588,502,4
23640,2131,808,2
23641,571,685,4
23642,7052,595,3
23643,1760,436,2
23644,605,256,1
23645,5793,876,1
23646,5393,867,4
23647,3205,108,3
23648,3086,32,3
23649,9940,406,1
23650,6328,20,3
23651,436,371,1
23652,4048,341,1
23653,8466,846,2
23654,8364,724,4
23655,682,297,1
23656,310,574,1
23657,9331,773,2
23658,2693,672,2
23659,8945,773,2
23660,2379,844,1
23661,181,415,3
23662,5747,395,3
23663,2739,281,3
23664,8678,71,4
23665,2624,891,2
23666,9242,409,1
23667,2388,298,2
23668,2112,662,2
23669,7168,104,4
23670,7177,243,2
23671,6501,786,4
23672,716,377,2
23673,8542,786,3
23674,4171,325,2
23675,4827,629,1
23676,5295,882,3
23677,1107,225,2
23678,3340,461,1
23679,5843,248,3
23680,7603,610,3
23681,3772,623,3
23682,5523,669,3
23683,9898,821,2
23684,8961,641,1
23685,5277,713,1
23686,5217,996,3
23687,7733,832,2
23688,6252,914,3
23689,3123,91,2
23690,3213,412,4
23691,5563,148,1
23692,3924,327,3
23693,6652,90,2
23694,8435,11,3
23695,5006,857,2
23696,9426,724,1
23697,3376,897,2
23698,2570,379,3
23699,6941,779,1
23700,802,105,1
23701,1847,300,3
23702,5020,496,2
23703,7013,993,3
23704,3645,473,3
23705,8332,782,2
23706,6605,137,2
23707,2396,818,4
23708,1594,572,1
23709,8270,857,4
23710,3235,361,1
23711,2336,827,3
23712,7184,6,3
23713,3150,100,2
23714,4212,825,1
23715,2138,654,1
23716,4677,57,1
23717,4624,814,2
23718,1517,271,1
23719,7175,106,1
23720,1297,617,1
23721,5222,292,1
23722,2696,911,2
23723,4454,809,1
23724,6797,258,2
23725,178,318,4
23726,3192,214,2
23727,331,694,1
23728,3057,445,2
23729,9608,474,1
23730,489,472,2
23731,4405,580,3
23732,3143,550,1
23733,151,120,2
23734,6958,90,1
23735,5754,916,1
23736,6597,318,4
23737,5816,390,4
23738,1546,199,4
23739,1182,82,1
23740,7869,987,4
23741,4308,466,2
23742,4769,33,2
23743,7034,104,3
23744,577,411,1
23745,4523,750,3
23746,4450,446,1
23747,828,526,1
23748,1124,518,3
23749,6576,853,3
23750,116,210,2
23751,386,769,4
23752,7987,766,2
23753,6654,819,1
23754,5379,442,3
23755,3748,695,2
23756,1817,664,3
23757,7260,415,3
23758,6615,233,2
23759,4771,560,4
23760,3424,701,1
23761,1178,537,3
23762,5105,341,1
23763,2641,375,2
23764,9209,275,2
23765,1843,156,3
23766,4463,236,1
23767,3718,836,1
23768,3928,383,2
23769,9713,967,3
23770,7381,177,2
23771,9430,20,1
23772,6148,457,2
23773,8400,689,2
23774,5316,174,3
23775,4209,187,2
23776,3925,683,1
23777,1416,213,2
23778,7419,918,4
23779,3442,284,2
23780,1977,974,4
23781,7121,742,4
23782,9254,899,4
23783,838,888,3
23784,5976,170,2
23785,489,337,4
23786,9819,541,3
23787,6016,321,3
23788,2653,720,4
23789,3596,4,3
23790,8477,113,4
23791,3815,738,1
23792,8290,975,1
23793,8529,826,2
23794,2918,918,1
23795,5839,587,3
23796,7512,183,4
23797,7324,820,4
23798,8465,492,4
23799,6594,977,1
23800,5589,619,1
23801,2216,661,4
23802,9279,831,4
23803,2257,513,2
23804,4160,815,4
23805,3267,356,3
23806,9934,224,2
23807,1174,61,3
23808,5749,397,3
23809,7875,398,1
23810,1894,510,2
23811,9797,656,2
23812,6922,519,3
23813,1345,363,3
23814,1656,602,4
23815,5441,828,4
23816,9151,79,4
23817,9989,115,4
23818,2472,889,2
23819,1903,257,1
23820,4338,126,3
23821,4038,359,3
23822,8507,103,2
23823,7698,45,2
23824,7022,932,2
23825,928,982,1
23826,5568,564,2
23827,826,627,2
23828,5650,462,3
23829,4672,923,1
23830,8655,108,3
23831,6772,898,3
23832,745,912,4
23833,1060,728,3
23834,1156,808,3
23835,8229,56,3
23836,6847,360,4
23837,2150,80,1
23838,9046,458,2
23839,8252,724,3
23840,3355,844,3
23841,7655,635,1
23842,3176,384,4
23843,5649,113,1
23844,6876,869,4
23845,62,505,4
23846,8539,843,3
23847,470,233,1
23848,497,383,3
23849,3991,183,3
23850,203,520,3
23851,8551,28,3
23852,2295,387,4
23853,2312,442,4
23854,6356,575,2
23855,4894,772,3
23856,7487,276,4
23857,3015,335,4
23858,6822,581,2
23859,4099,423,3
23860,8668,937,3
23861,964,215,3
23862,2334,419,2
23863,1191,920,2
23864,931,296,1
23865,7745,564,3
23866,4370,247,4
23867,1832,49,1
23868,3784,96,3
23869,3743,628,1
23870,2480,59,3
23871,550,752,1
23872,6631,205,4
23873,6437,227,1
23874,5519,517,4
23875,9783,919,1
23876,5012,901,3
23877,1346,245,2
23878,3472,122,1
23879,4007,838,4
23880,1719,572,2
23881,4669,566,2
23882,588,524,4
23883,3953,489,1
23884,1740,158,4
23885,8145,745,4
23886,302,452,3
23887,1026,284,2
23888,8546,184,3
23889,8765,548,2
23890,1434,316,3
23891,6999,546,2
23892,968,275,1
23893,1335,901,1
23894,8050,628,3
23895,9761,522,1
23896,234,653,4
23897,5743,635,3
23898,3673,259,4
23899,9324,866,3
23900,7917,396,3
23901,1174,878,2
23902,9983,448,1
23903,1569,221,1
23904,3693,132,1
23905,477,498,1
23906,3689,991,2
23907,4625,472,2
23908,7449,709,1
23909,2405,655,2
23910,4928,412,2
23911,9675,784,3
23912,8644,269,1
23913,9172,301,4
23914,3704,323,1
23915,2386,547,3
23916,65,105,3
23917,7141,538,4
23918,7177,889,2
23919,5757,209,4
23920,8445,435,4
23921,7062,827,4
23922,1043,455,1
23923,2977,963,4
23924,7662,790,3
23925,9360,80,1
23926,331,463,2
23927,4206,810,2
23928,5171,109,4
23929,7835,772,1
23930,1724,27,2
23931,8085,480,3
23932,6861,378,4
23933,5244,603,3
23934,6566,492,2
23935,9105,848,3
23936,3043,764,2
23937,1740,594,4
23938,6946,411,3
23939,5902,840,1
23940,7660,89,1
23941,6690,287,3
23942,7582,731,1
23943,649,938,2
23944,4555,407,2
23945,9560,376,4
23946,6213,519,1
23947,5896,75,1
23948,9483,311,4
23949,2455,326,3
23950,8441,455,4
23951,6313,122,2
23952,7101,688,3
23953,3680,75,3
23954,59,905,1
23955,520,185,2
23956,7733,847,4
23957,7810,219,4
23958,472,378,1
23959,7284,70,2
23960,6368,291,3
23961,5525,624,2
23962,3987,435,3
23963,9274,618,4
23964,9650,553,3
23965,1325,129,3
23966,6598,71,2
23967,5615,355,3
23968,6808,611,2
23969,4037,70,2
23970,1847,907,3
23971,2865,873,3
23972,6273,39,2
23973,5895,100,2
23974,7736,807,2
23975,3982,635,1
23976,8222,989,3
23977,8637,425,1
23978,7070,70,3
23979,285,283,3
23980,5038,526,4
23981,5116,878,2
23982,9658,41,1
23983,2654,756,1
23984,8279,839,1
23985,4244,59,4
23986,4561,413,4
23987,4533,186,3
23988,9222,291,1
23989,8896,174,4
23990,5294,792,3
23991,3558,947,1
23992,7636,965,1
23993,4935,645,1
23994,7335,313,4
23995,1737,778,3
23996,7553,282,4
23997,4340,471,2
23998,3561,881,4
23999,6422,85,1
24000,7535,412,1
24001,4449,506,1
24002,2752,866,4
24003,9986,698,3
24004,1020,261,4
24005,1173,101,1
24006,7332,173,3
24007,7374,697,1
24008,4192,681,4
24009,5742,246,3
24010,6218,84,2
24011,4103,865,1
24012,42,94,2
24013,809,159,3
24014,5868,732,3
24015,8605,883,1
24016,7543,180,4
24017,7811,973,2
24018,1157,683,2
24019,9376,212,3
24020,704,260,4
24021,2704,96,1
24022,7686,259,3
24023,6956,823,1
24024,2375,756,4
24025,7738,867,1
24026,5085,36,4
24027,2451,26,4
24028,3322,65,4
24029,9087,390,3
24030,9045,616,4
24031,1584,905,3
24032,4093,615,4
24033,6754,788,1
24034,40,980,4
24035,7389,550,1
24036,326,31,1
24037,3975,207,1
24038,3134,298,1
24039,2919,367,4
24040,5509,983,1
24041,972,729,1
24042,9586,832,2
24043,9961,942,1
24044,2017,687,3
24045,5021,785,1
24046,5193,968,4
24047,2781,419,3
24048,9679,383,1
24049,9329,501,3
24050,3362,618,3
24051,4814,936,4
24052,6853,615,1
24053,9463,274,1
24054,5522,532,4
24055,3659,108,3
24056,9364,51,2
24057,5593,509,1
24058,6664,185,2
24059,4378,561,1
24060,3904,875,2
24061,9601,772,3
24062,3047,798,4
24063,2092,907,4
24064,6843,330,1
24065,1943,757,3
24066,570,165,1
24067,296,753,4
24068,3083,121,1
24069,6272,685,3
24070,2689,387,4
24071,8011,414,4
24072,7013,246,1
24073,7592,785,1
24074,468,297,2
24075,4144,729,1
24076,551,727,4
24077,2151,518,4
24078,4120,511,2
24079,3285,88,4
24080,6303,83,1
24081,4341,452,2
24082,5000,896,3
24083,8865,104,3
24084,7107,286,2
24085,6536,303,2
24086,6990,628,3
24087,5799,614,1
24088,5699,117,1
24089,6233,89,2
24090,1667,863,3
24091,8432,792,4
24092,1204,941,3
24093,5467,933,1
24094,4334,391,2
24095,4045,955,1
24096,1892,793,2
24097,8078,948,1
24098,9085,876,2
24099,2426,873,4
24100,6508,436,3
24101,2183,737,4
24102,8247,369,2
24103,225,456,3
24104,5050,48,1
24105,4483,727,2
24106,6573,434,3
24107,4183,749,4
24108,9334,13,2
24109,4491,646,4
24110,6558,430,3
24111,5820,48,2
24112,9414,577,4
24113,1239,756,2
24114,4091,128,3
24115,7197,896,2
24116,3945,836,3
24117,2704,940,3
24118,8601,542,1
24119,7829,660,1
24120,6593,233,1
24121,4977,147,1
24122,8684,343,1
24123,6382,525,4
24124,2538,115,2
24125,4948,235,1
24126,8553,119,3
24127,9935,687,4
24128,3073,155,3
24129,9158,683,2
24130,1835,625,1
24131,5262,606,3
24132,3050,587,4
24133,8947,610,3
24134,5854,508,2
24135,9627,636,4
24136,2764,765,4
24137,273,501,1
24138,8485,505,1
24139,9768,826,4
24140,5631,139,3
24141,1064,710,2
24142,2111,626,1
24143,9225,734,4
24144,1861,245,4
24145,3471,566,3
24146,9896,978,3
24147,8460,195,3
24148,3920,329,3
24149,9924,505,2
24150,7935,477,1
24151,3475,320,3
24152,820,592,3
24153,9165,252,2
24154,6335,79,4
24155,7831,389,3
24156,5510,419,4
24157,5008,975,4
24158,9006,384,4
24159,6375,477,4
24160,4018,273,1
24161,5777,970,2
24162,578,625,4
24163,801,757,3
24164,6925,815,2
24165,2963,156,4
24166,3466,698,3
24167,9555,771,3
24168,8114,87,3
24169,5870,763,3
24170,3921,652,3
24171,517,113,1
24172,9420,590,4
24173,6810,669,3
24174,7270,586,1
24175,7444,729,2
24176,7690,20,4
24177,4452,848,2
24178,4478,514,4
24179,5675,704,1
24180,347,768,2
24181,9254,922,1
24182,9843,422,3
24183,5544,583,1
24184,4690,181,1
24185,6283,848,3
24186,1362,907,4
24187,3229,358,4
24188,8144,160,1
24189,8570,595,4
24190,1718,664,2
24191,6705,82,4
24192,4966,384,4
24193,9808,688,2
24194,9920,560,2
24195,1168,405,1
24196,2002,942,3
24197,8514,732,2
24198,4540,139,4
24199,8724,758,1
24200,560,550,2
24201,904,57,1
24202,7836,854,3
24203,3951,974,4
24204,1435,983,3
24205,2740,167,4
24206,6567,609,1
24207,3969,448,2
24208,6408,909,3
24209,4494,228,2
24210,2120,835,4
24211,8908,812,3
24212,5851,496,3
24213,9616,132,4
24214,2366,498,4
24215,7340,212,1
24216,2197,207,4
24217,739,246,1
24218,6936,369,1
24219,8418,793,4
24220,6090,354,1
24221,8144,225,2
24222,591,772,3
24223,1175,689,4
24224,7654,88,4
24225,4123,609,3
24226,4253,912,2
24227,3544,124,1
24228,1094,287,1
24229,7935,997,2
24230,1590,838,1
24231,9664,747,4
24232,5737,772,4
24233,8620,226,2
24234,6586,839,4
24235,268,275,3
24236,7124,605,4
24237,6884,218,3
24238,8480,924,4
24239,5471,258,4
24240,2160,136,2
24241,879,197,1
24242,8539,339,2
24243,8992,914,4
24244,597,368,4
24245,7953,442,1
24246,2562,832,1
24247,3313,264,4
24248,2866,822,2
24249,4001,91,2
24250,2671,450,1
24251,8395,901,1
24252,171,574,4
24253,1005,205,3
24254,4519,319,1
24255,7606,926,4
24256,3191,779,2
24257,4753,358,2
24258,6418,333,2
24259,5170,607,4
24260,9038,746,3
24261,6525,682,2
24262,8902,859,1
24263,5703,45,3
24264,2566,902,4
24265,8335,422,4
24266,7976,391,3
24267,6717,276,1
24268,6542,8,1
24269,9289,216,1
24270,4026,480,3
24271,719,755,1
24272,7112,657,2
24273,2268,275,3
24274,9017,716,3
24275,907,240,1
24276,3759,659,2
24277,8534,194,4
24278,7661,279,2
24279,9036,982,3
24280,2804,808,3
24281,1427,450,4
24282,5949,439,3
24283,6528,844,3
24284,8812,530,3
24285,6720,602,1
24286,8940,85,4
24287,5394,954,3
24288,7112,241,4
24289,8401,746,1
24290,5846,169,3
24291,5362,462,3
24292,1489,450,1
24293,6156,658,3
24294,9452,372,2
24295,8131,388,1
24296,6310,359,3
24297,4032,143,2
24298,6620,448,3
24299,2865,436,3
24300,1155,958,4
24301,7061,143,1
24302,2138,962,4
24303,6802,915,2
24304,5139,2,3
24305,7840,3,3
24306,9472,777,1
24307,7788,516,4
24308,6695,418,2
24309,4903,186,2
24310,3320,144,2
24311,8365,246,3
24312,7156,166,4
24313,3461,481,1
24314,1429,583,1
24315,8330,697,2
24316,85,994,4
24317,46,304,3
24318,4896,835,1
24319,9895,444,2
24320,3354,668,1
24321,1066,792,1
24322,3404,291,2
24323,6907,378,3
24324,1384,140,4
24325,9069,789,2
24326,4548,521,1
24327,9419,930,3
24328,7818,103,3
24329,6545,240,4
24330,456,623,1
24331,3204,340,3
24332,2737,642,4
24333,874,611,4
24334,5416,30,1
24335,7602,483,2
24336,7964,245,2
24337,8643,725,2
24338,2775,597,4
24339,6850,879,1
24340,1812,982,2
24341,1538,537,2
24342,3729,391,3
24343,9075,620,3
24344,2522,880,4
24345,8344,974,2
24346,9138,81,4
24347,4958,365,2
24348,7694,409,4
24349,1794,263,1
24350,9142,875,1
24351,1455,985,2
24352,8020,310,2
24353,5916,960,4
24354,1303,102,4
24355,8137,98,3
24356,2131,174,4
24357,6008,307,1
24358,820,600,3
24359,7400,321,4
24360,8257,343,3
24361,2397,26,4
24362,6161,453,1
24363,2976,275,3
24364,4380,240,3
24365,8336,815,3
24366,4331,151,1
24367,9262,564,4
24368,277,832,4
24369,8266,264,2
24370,8598,578,2
24371,9413,190,3
24372,2569,677,1
24373,1427,139,2
24374,6825,163,2
24375,8939,840,2
24376,8296,544,4
24377,7324,500,4
24378,3309,127,2
24379,5166,901,1
24380,3777,357,4
24381,4227,254,2
24382,9474,717,3
24383,440,841,2
24384,9601,452,4
24385,3711,3,3
24386,448,474,3
24387,1714,609,4
24388,6625,245,1
24389,8656,210,4
24390,7788,300,4
24391,3304,249,1
24392,4039,300,3
24393,6347,474,1
24394,2169,821,4
24395,6192,570,1
24396,6806,481,1
24397,4311,573,1
24398,3213,548,2
24399,4777,846,2
24400,223,445,1
24401,4058,325,3
24402,6193,274,1
24403,6326,461,2
24404,841,637,1
24405,7108,577,1
24406,2422,174,1
24407,9178,629,1
24408,3490,678,2
24409,7149,223,1
24410,239,87,2
24411,8342,572,1
24412,9183,699,4
24413,2636,617,4
24414,6704,176,2
24415,3186,121,1
24416,2690,183,4
24417,6887,453,3
24418,6125,353,2
24419,8869,200,4
24420,3403,761,3
24421,7810,612,4
24422,3881,307,4
24423,8739,726,2
24424,1601,566,3
24425,2259,117,3
24426,7454,580,3
24427,9940,592,2
24428,8964,431,2
24429,9083,211,1
24430,4009,915,3
24431,4278,466,2
24432,8476,589,3
24433,4127,802,2
24434,1932,128,3
24435,5631,769,3
24436,6185,123,4
24437,8366,28,3
24438,9155,763,1
24439,8234,604,1
24440,2550,605,1
24441,1585,539,1
24442,8733,87,3
24443,586,470,2
24444,9302,275,2
24445,1084,537,1
24446,70,37,4
24447,413,901,3
24448,8018,254,4
24449,7866,256,2
24450,9378,776,4
24451,1629,287,1
24452,9719,660,4
24453,1180,604,3
24454,4001,782,2
24455,2872,878,1
24456,3250,165,3
24457,4865,290,1
24458,8890,838,1
24459,4095,505,2
24460,7949,725,4
24461,7163,758,2
24462,1627,856,1
24463,5190,65,2
24464,6675,826,4
24465,5976,107,2
24466,372,444,4
24467,9812,784,1
24468,3420,233,3
24469,3729,726,3
24470,6478,232,1
24471,8550,762,3
24472,7259,399,1
24473,2710,318,1
24474,6393,701,2
24475,9809,688,2
24476,7313,518,3
24477,4828,54,3
24478,7961,675,4
24479,7885,601,2
24480,2792,905,1
24481,8276,844,2
24482,8898,708,3
24483,1709,533,3
24484,6773,594,3
24485,8968,911,3
24486,8084,126,2
24487,6614,670,4
24488,4218,834,2
24489,6754,574,1
24490,2413,529,1
24491,1333,495,2
24492,1247,916,1
24493,5211,168,1
24494,5396,424,2
24495,8163,943,2
24496,1160,812,2
24497,3718,832,3
24498,2400,629,2
24499,6291,261,4
24500,6297,665,4
24501,5251,839,1
24502,4019,13,1
24503,8619,346,1
24504,7381,653,4
24505,3089,32,3
24506,5586,684,4
24507,7354,643,1
24508,4335,219,4
24509,9249,760,1
24510,7286,69,3
24511,9970,688,1
24512,2133,59,3
24513,6210,314,3
24514,4823,415,2
24515,7698,270,1
24516,3478,953,4
24517,4987,429,4
24518,9297,805,2
24519,4979,732,4
24520,4921,611,1
24521,5831,705,4
24522,5149,167,1
24523,7434,915,2
24524,5077,569,4
24525,3275,110,1
24526,3911,280,2
24527,3632,859,1
24528,3091,157,1
24529,1745,441,1
24530,7802,392,2
24531,6305,348,1
24532,6992,320,1
24533,3515,913,4
24534,8861,305,1
24535,6632,817,4
24536,2633,162,3
24537,7578,192,2
24538,1110,130,1
24539,606,462,2
24540,6193,788,3
24541,2470,967,4
24542,3055,331,1
24543,6537,40,4
24544,4282,473,4
24545,1380,414,3
24546,3428,358,3
24547,3923,819,3
24548,7165,610,3
24549,8563,16,3
24550,7963,65,1
24551,9150,511,1
24552,7928,470,1
24553,9906,495,4
24554,3155,191,2
24555,3423,456,2
24556,2184,819,2
24557,5726,119,3
24558,2553,756,2
24559,5260,810,3
24560,4831,709,2
24561,3007,295,1
24562,8547,706,4
24563,3993,141,2
24564,1628,445,2
24565,6271,562,2
24566,7760,791,1
24567,8411,419,3
24568,681,748,2
24569,1107,750,2
24570,6913,50,1
24571,6353,47,2
24572,1281,751,4
24573,4441,652,2
24574,7941,266,3
24575,8687,887,1
24576,6247,762,2
24577,5000,513,3
24578,2768,975,4
24579,2981,753,3
24580,333,300,1
24581,2041,574,3
24582,5939,411,3
24583,7827,439,1
24584,377,567,2
24585,8530,837,2
24586,4246,439,1
24587,9910,1,4
24588,9910,354,3
24589,4113,365,4
24590,3276,838,2
24591,5244,157,3
24592,2987,431,1
24593,5196,592,2
24594,6243,527,1
24595,860,957,3
24596,6982,138,3
24597,735,439,4
24598,8978,43,2
24599,6333,933,1
24600,2758,420,3
24601,2040,898,4
24602,3750,325,2
24603,7851,197,2
24604,3449,828,3
24605,2979,852,1
24606,294,3,3
24607,8080,430,4
24608,4178,979,3
24609,9865,814,2
24610,7098,516,1
24611,8903,774,4
24612,3758,43,1
24613,9394,643,3
24614,2697,221,2
24615,6259,194,1
24616,4176,344,3
24617,6763,942,1
24618,5939,185,2
24619,5678,383,3
24620,1674,867,4
24621,8145,323,4
24622,8086,440,1
24623,7154,274,1
24624,4505,167,1
24625,176,20,1
24626,7014,883,2
24627,2027,713,2
24628,3450,794,3
24629,8635,436,2
24630,6484,245,4
24631,9053,588,2
24632,1416,660,3
24633,8533,829,1
24634,4952,286,3
24635,2981,421,4
24636,6390,869,3
24637,6012,479,1
24638,2482,911,4
24639,9879,123,3
24640,8351,698,1
24641,4216,45,3
24642,4311,105,2
24643,7942,228,2
24644,4701,988,3
24645,773,731,3
24646,6272,719,2
24647,5909,223,3
24648,7816,899,4
24649,2825,219,4
24650,2315,158,2
24651,6169,669,1
24652,7608,126,2
24653,5214,847,4
24654,9797,674,4
24655,6699,615,3
24656,4032,333,4
24657,9908,801,3
24658,1664,815,2
24659,9586,306,4
24660,5265,609,3
24661,3772,279,4
24662,7393,471,4
24663,3724,468,1
24664,5964,188,4
24665,3229,228,1
24666,844,823,4
24667,2272,892,4
24668,7211,146,4
24669,1440,66,2
24670,5333,652,4
24671,9713,812,3
24672,7963,717,1
24673,2767,444,4
24674,3667,432,3
24675,901,482,2
24676,3974,122,3
24677,456,487,3
24678,9919,971,1
24679,105,437,2
24680,2663,447,2
24681,715,940,2
24682,1776,741,2
24683,3622,24,1
24684,8667,437,1
24685,2594,17,3
24686,9196,217,1
24687,6276,775,3
24688,6453,687,2
24689,3773,713,3
24690,3293,930,4
24691,8651,886,3
24692,3261,44,2
24693,4253,79,4
24694,5168,504,2
24695,3586,442,3
24696,56,203,1
24697,6289,504,3
24698,982,634,1
24699,9230,716,4
24700,5439,980,3
24701,5203,670,3
24702,244,300,4
24703,6287,792,4
24704,3586,605,1
24705,5888,707,4
24706,5723,144,3
24707,2914,403,2
24708,6073,609,1
24709,4553,206,3
24710,2172,30,4
24711,5719,456,4
24712,6452,399,1
24713,4030,2,2
24714,281,878,4
24715,96,109,3
24716,6312,451,4
24717,3171,95,3
24718,2356,799,2
24719,4363,506,2
24720,1018,394,2
24721,382,736,3
24722,6139,301,2
24723,8471,73,2
24724,9191,749,3
24725,8881,190,3
24726,3463,881,1
24727,226,189,3
24728,1571,727,2
24729,6632,940,1
24730,3423,342,3
24731,2965,330,3
24732,5138,524,1
24733,1162,194,2
24734,6388,280,3
24735,7952,221,3
24736,7878,32,4
24737,4676,542,4
24738,5890,217,1
24739,2856,712,3
24740,6125,936,2
24741,7365,615,2
24742,6264,404,2
24743,5650,310,1
24744,1896,646,1
24745,3727,762,1
24746,7481,702,3
24747,8238,932,4
24748,476,292,1
24749,8635,692,4
24750,7201,559,4
24751,4031,808,1
24752,7463,513,1
24753,8583,28,4
24754,5631,974,4
24755,3770,224,1
24756,4936,677,2
24757,5191,927,4
24758,3295,714,2
24759,5669,947,1
24760,1314,351,3
24761,2425,261,1
24762,5705,747,4
24763,7297,612,2
24764,5385,556,3
24765,3541,951,1
24766,9398,843,2
24767,2669,447,4
24768,5977,974,2
24769,3864,920,1
24770,4396,292,2
24771,3021,567,3
24772,5559,462,1
24773,8455,691,1
24774,5405,194,2
24775,7737,748,3
24776,1881,989,2
24777,2504,177,3
24778,3555,809,3
24779,7063,279,4
24780,1003,14,3
24781,7095,866,1
24782,4789,91,1
24783,4374,858,4
24784,8298,594,4
24785,5622,449,1
24786,4319,430,3
24787,8056,186,4
24788,3657,2,1
24789,2107,764,1
24790,9652,444,4
24791,3977,646,4
24792,2006,995,2
24793,6225,217,4
24794,7186,189,4
24795,3303,12,1
24796,4792,32,3
24797,468,664,4
24798,659,526,3
24799,1356,467,4
24800,7271,349,1
24801,6545,80,1
24802,2090,497,4
24803,9486,917,3
24804,3963,226,4
24805,1487,626,2
24806,8423,88,1
24807,7873,563,2
24808,8393,249,4
24809,7441,620,4
24810,1832,883,2
24811,146,818,4
24812,9402,371,4
24813,270,639,2
24814,2603,108,3
24815,1851,564,1
24816,8876,303,2
24817,9895,482,1
24818,1538,506,3
24819,367,251,4
24820,3017,981,2
24821,4037,285,2
24822,1498,947,3
24823,4936,223,1
24824,300,838,4
24825,2116,811,2
24826,3433,432,3
24827,7281,792,1
24828,4642,444,3
24829,7096,744,3
24830,9846,982,2
24831,2528,438,1
24832,4123,179,1
24833,7900,157,3
24834,4531,755,1
24835,1549,261,4
24836,1630,978,2
24837,7202,97,2
24838,9759,26,3
24839,3182,423,2
24840,7059,73,4
24841,8162,802,1
24842,3796,964,3
24843,3375,991,1
24844,9301,399,3
24845,9395,299,4
24846,9802,400,2
24847,9301,160,3
24848,131,332,1
24849,7260,247,4
24850,5816,403,1
24851,1357,527,4
24852,4236,52,4
24853,4256,627,1
24854,1951,870,3
24855,5880,203,1
24856,2038,364,4
24857,3141,410,3
24858,3737,810,3
24859,458,662,4
24860,766,754,1
24861,2589,773,3
24862,47,656,3
24863,668,836,4
24864,6391,81,1
24865,9959,110,4
24866,5919,39,3
24867,3210,588,1
24868,5692,7,3
24869,5038,171,1
24870,8590,328,1
24871,2060,56,2
24872,6336,849,2
24873,6971,344,2
24874,3388,386,3
24875,6940,299,2
24876,7060,581,3
24877,2922,3,4
24878,6064,982,3
24879,2368,872,3
24880,5683,170,2
24881,4874,745,2
24882,2175,797,3
24883,1346,333,4
24884,8256,565,1
24885,7425,148,3
24886,7099,8,1
24887,7995,225,3
24888,281,663,1
24889,8974,912,1
24890,5439,82,1
24891,6070,120,1
24892,9354,983,2
24893,1388,770,3
24894,5188,16,3
24895,1850,95,3
24896,8274,721,2
24897,2254,540,2
24898,5131,517,3
24899,7639,724,4
24900,143,172,1
24901,7393,725,1
24902,9979,786,3
24903,6898,29,3
24904,2167,523,3
24905,6161,151,3
24906,5340,658,1
24907,3971,765,4
24908,6218,419,1
24909,8732,959,1
24910,847,632,4
24911,2544,282,3
24912,9889,382,3
24913,2382,97,2
24914,2220,108,3
24915,6056,415,2
24916,1748,688,3
24917,4282,682,1
24918,4397,332,4
24919,8230,824,3
24920,7948,904,4
24921,5329,853,4
24922,2647,390,1
24923,4719,180,2
24924,9533,149,4
24925,1739,5,4
24926,9719,983,4
24927,6652,822,4
24928,5183,750,3
24929,8492,254,1
24930,1310,58,1
24931,2718,197,3
24932,8791,617,2
24933,3049,220,4
24934,4774,654,3
24935,1494,689,1
24936,8935,968,4
24937,5334,628,1
24938,7652,759,4
24939,82,567,1
24940,7762,616,3
24941,6617,421,1
24942,3700,63,2
24943,385,746,2
24944,5687,393,2
24945,2895,88,2
24946,5559,14,4
24947,4317,482,2
24948,402,676,3
24949,8733,481,4
24950,198,694,1
24951,2626,761,1
24952,3880,705,2
24953,823,767,3
24954,7653,681,1
24955,5902,110,3
24956,10000,228,2
24957,7853,919,2
24958,6030,83,2
24959,3706,547,4
24960,3508,590,4
24961,5705,296,4
24962,8955,157,2
24963,8300,348,4
24964,3239,124,2
24965,6045,459,2
24966,3655,897,3
24967,614,919,3
24968,3149,256,1
24969,2800,432,3
24970,9940,155,4
24971,6584,340,1
24972,9274,965,2
24973,7911,206,1
24974,928,102,4
24975,3219,566,1
24976,7772,501,2
24977,2493,15,1
24978,174,646,2
24979,2840,528,2
24980,1405,85,1
24981,91,893,2
24982,7570,300,4
24983,2514,987,3
24984,7132,719,3
24985,6939,671,3
24986,8020,718,1
24987,4043,715,1
24988,7477,817,2
24989,312,432,1
24990,111,186,2
24991,4517,587,4
24992,25,813,4
24993,1765,398,3
24994,9072,219,1
24995,3050,207,1
24996,6509,521,1
24997,2836,970,3
24998,8312,914,4
24999,8640,872,1
25000,1387,690,1
