order_id,customer_id,order_date,order_status
1,961,2022-09-30,RETURNED
2,1996,2024-03-25,DELIVERED
3,1461,2024-02-25,CANCELLED
4,1508,2023-06-09,DELIVERED
5,1141,2022-05-01,DELIVERED
6,1907,2023-04-26,DELIVERED
7,726,2022-04-04,DELIVERED
8,1034,2024-02-20,DELIVERED
9,809,2024-01-30,DELIVERED
10,1828,2022-03-26,DELIVERED
11,534,2022-12-14,DELIVERED
12,1906,2023-11-26,RETURNED
13,271,2022-07-03,DELIVERED
14,1087,2024-06-05,DELIVERED
15,240,2023-10-04,DELIVERED
16,262,2024-10-19,RETURNED
17,1710,2023-07-30,CANCELLED
18,1897,2024-05-30,DELIVERED
19,1796,2023-06-24,DELIVERED
20,1560,2023-06-25,DELIVERED
21,893,2022-12-04,DELIVERED
22,1007,2022-11-06,DELIVERED
23,1891,2024-06-20,DELIVERED
24,305,2022-04-22,DELIVERED
25,74,2024-08-21,DELIVERED
26,1446,2024-08-14,DELIVERED
27,1834,2024-10-10,DELIVERED
28,731,2024-09-20,DELIVERED
29,231,2022-10-31,DELIVERED
30,192,2023-02-22,RETURNED
31,370,2022-12-11,CANCELLED
32,1685,2023-07-13,DELIVERED
33,1359,2023-03-11,DELIVERED
34,1990,2022-01-09,DELIVERED
35,1169,2023-01-05,DELIVERED
36,158,2023-05-20,CANCELLED
37,1387,2022-07-13,RETURNED
38,54,2023-08-06,DELIVERED
39,1394,2022-09-07,DELIVERED
40,1210,2022-08-06,CANCELLED
41,315,2022-03-01,DELIVERED
42,1702,2024-09-09,DELIVERED
43,1957,2023-07-06,DELIVERED
44,12,2023-11-06,RETURNED
45,1344,2024-07-16,DELIVERED
46,1499,2022-09-22,DELIVERED
47,100,2023-08-03,DELIVERED
48,114,2022-05-25,DELIVERED
49,1234,2024-02-21,DELIVERED
50,523,2022-12-31,DELIVERED
51,1579,2024-03-27,DELIVERED
52,1746,2023-03-03,DELIVERED
53,1597,2024-04-04,DELIVERED
54,1542,2022-11-12,DELIVERED
55,1006,2024-06-04,CANCELLED
56,1888,2023-09-28,RETURNED
57,1236,2022-09-26,DELIVERED
58,197,2024-01-23,DELIVERED
59,1003,2024-07-01,RETURNED
60,976,2023-07-04,DELIVERED
61,867,2022-07-04,CANCELLED
62,1661,2024-01-25,DELIVERED
63,890,2024-05-22,DELIVERED
64,1052,2023-12-01,RETURNED
65,1386,2023-04-05,DELIVERED
66,1462,2022-11-14,RETURNED
67,1080,2024-12-10,DELIVERED
68,959,2024-06-14,DELIVERED
69,1642,2024-09-05,DELIVERED
70,262,2023-09-08,CANCELLED
71,1072,2024-05-25,DELIVERED
72,98,2022-06-06,RETURNED
73,1052,2022-08-09,DELIVERED
74,846,2022-07-13,DELIVERED
75,1476,2023-06-03,DELIVERED
76,1200,2022-06-17,CANCELLED
77,34,2022-08-22,CANCELLED
78,948,2023-01-03,CANCELLED
79,1727,2024-03-15,DELIVERED
80,853,2023-09-02,DELIVERED
81,1483,2024-07-20,CANCELLED
82,922,2023-06-27,DELIVERED
83,1881,2023-01-19,DELIVERED
84,161,2023-06-16,RETURNED
85,218,2024-06-07,DELIVERED
86,12,2024-03-19,DELIVERED
87,352,2024-09-04,DELIVERED
88,830,2024-09-23,DELIVERED
89,1666,2024-01-09,DELIVERED
90,1973,2024-03-19,CANCELLED
91,180,2022-09-14,DELIVERED
92,391,2022-08-18,CANCELLED
93,1426,2023-01-21,RETURNED
94,429,2024-09-12,DELIVERED
95,1331,2023-05-11,DELIVERED
96,1283,2023-01-26,DELIVERED
97,1577,2024-08-07,DELIVERED
98,865,2022-02-14,DELIVERED
99,1849,2022-11-09,CANCELLED
100,912,2024-09-20,DELIVERED
101,1761,2024-07-09,DELIVERED
102,413,2023-08-27,DELIVERED
103,1708,2024-03-13,DELIVERED
104,17,2022-07-30,DELIVERED
105,1461,2024-06-03,RETURNED
106,1738,2024-10-12,CANCELLED
107,1221,2023-08-19,DELIVERED
108,819,2024-09-22,DELIVERED
109,1485,2024-09-26,DELIVERED
110,125,2024-12-17,DELIVERED
111,1181,2023-10-09,DELIVERED
112,549,2024-05-04,RETURNED
113,240,2024-10-10,DELIVERED
114,1324,2023-12-12,DELIVERED
115,894,2022-02-12,DELIVERED
116,1488,2023-01-29,DELIVERED
117,898,2023-04-21,DELIVERED
118,1204,2023-11-26,RETURNED
119,1748,2024-08-17,DELIVERED
120,601,2024-03-10,RETURNED
121,1707,2024-01-08,CANCELLED
122,1638,2022-11-28,DELIVERED
123,579,2022-06-26,DELIVERED
124,265,2022-12-21,DELIVERED
125,1241,2024-10-04,DELIVERED
126,852,2024-10-08,DELIVERED
127,429,2022-04-07,RETURNED
128,735,2023-06-19,DELIVERED
129,325,2022-12-24,CANCELLED
130,1832,2024-10-28,DELIVERED
131,131,2023-11-23,DELIVERED
132,1265,2023-04-10,DELIVERED
133,459,2024-09-23,DELIVERED
134,697,2023-12-29,CANCELLED
135,1578,2023-07-02,RETURNED
136,1748,2024-11-21,DELIVERED
137,214,2022-04-14,RETURNED
138,897,2024-07-25,RETURNED
139,1548,2022-08-16,RETURNED
140,1601,2022-07-28,CANCELLED
141,86,2024-11-04,DELIVERED
142,1291,2022-08-30,RETURNED
143,1866,2024-01-11,DELIVERED
144,599,2024-06-23,CANCELLED
145,1021,2022-07-23,DELIVERED
146,745,2023-11-17,CANCELLED
147,252,2023-02-18,DELIVERED
148,852,2022-01-14,DELIVERED
149,1658,2024-08-28,DELIVERED
150,1035,2022-12-17,DELIVERED
151,763,2024-04-29,DELIVERED
152,1362,2023-05-18,DELIVERED
153,1544,2024-12-20,DELIVERED
154,468,2022-10-10,CANCELLED
155,847,2024-04-18,RETURNED
156,1950,2024-11-23,CANCELLED
157,741,2022-03-02,DELIVERED
158,1578,2022-01-21,CANCELLED
159,1060,2022-05-23,DELIVERED
160,645,2024-04-02,RETURNED
161,337,2024-06-07,DELIVERED
162,1555,2022-03-17,DELIVERED
163,1314,2022-11-06,RETURNED
164,119,2024-11-30,RETURNED
165,859,2024-04-03,RETURNED
166,1436,2023-09-16,CANCELLED
167,643,2023-12-06,DELIVERED
168,573,2024-12-16,DELIVERED
169,301,2024-04-07,DELIVERED
170,421,2024-06-24,DELIVERED
171,1818,2024-04-08,CANCELLED
172,1805,2023-09-10,DELIVERED
173,1101,2023-11-17,DELIVERED
174,1473,2022-09-16,DELIVERED
175,1108,2023-08-05,DELIVERED
176,1048,2023-10-02,DELIVERED
177,1551,2022-11-24,DELIVERED
178,1824,2023-06-14,DELIVERED
179,1586,2023-09-15,CANCELLED
180,1035,2022-08-15,CANCELLED
181,1724,2024-02-03,DELIVERED
182,1040,2023-12-27,DELIVERED
183,1550,2022-09-13,DELIVERED
184,1173,2022-01-11,DELIVERED
185,484,2024-12-28,CANCELLED
186,479,2023-12-19,DELIVERED
187,1366,2022-10-14,CANCELLED
188,1065,2023-05-23,DELIVERED
189,1058,2023-01-30,CANCELLED
190,740,2024-07-19,DELIVERED
191,1458,2024-05-21,CANCELLED
192,168,2022-07-08,DELIVERED
193,1820,2022-09-24,DELIVERED
194,914,2022-06-09,DELIVERED
195,1078,2024-04-04,DELIVERED
196,1063,2024-03-19,RETURNED
197,1197,2024-10-18,DELIVERED
198,902,2024-09-29,CANCELLED
199,854,2022-11-30,DELIVERED
200,261,2024-09-19,CANCELLED
201,265,2024-11-17,RETURNED
202,242,2023-03-12,DELIVERED
203,67,2022-11-18,RETURNED
204,757,2022-09-01,DELIVERED
205,837,2022-08-14,DELIVERED
206,1171,2023-08-17,DELIVERED
207,314,2022-08-30,DELIVERED
208,767,2023-09-14,DELIVERED
209,58,2022-10-20,DELIVERED
210,1208,2024-05-13,DELIVERED
211,1832,2023-09-17,RETURNED
212,442,2023-01-10,CANCELLED
213,1002,2022-01-05,DELIVERED
214,715,2022-05-19,RETURNED
215,856,2024-09-12,DELIVERED
216,1159,2024-07-15,RETURNED
217,1601,2024-02-12,DELIVERED
218,1475,2022-09-29,CANCELLED
219,1034,2024-08-01,CANCELLED
220,1367,2024-07-08,DELIVERED
221,1491,2023-10-29,DELIVERED
222,1280,2024-04-18,DELIVERED
223,1844,2024-03-20,DELIVERED
224,94,2024-06-26,CANCELLED
225,1323,2022-07-01,RETURNED
226,1449,2022-02-20,DELIVERED
227,1631,2023-09-25,DELIVERED
228,254,2022-06-24,DELIVERED
229,1268,2022-04-19,RETURNED
230,1069,2023-01-23,CANCELLED
231,1030,2022-02-08,DELIVERED
232,1918,2024-12-25,DELIVERED
233,39,2023-07-18,CANCELLED
234,503,2024-06-28,DELIVERED
235,1093,2023-10-19,DELIVERED
236,93,2024-10-03,RETURNED
237,48,2023-11-28,DELIVERED
238,850,2022-02-19,RETURNED
239,650,2024-02-22,DELIVERED
240,235,2022-07-23,DELIVERED
241,585,2022-10-22,DELIVERED
242,1574,2022-07-03,DELIVERED
243,1951,2024-04-14,DELIVERED
244,121,2023-10-29,DELIVERED
245,1461,2022-04-30,DELIVERED
246,203,2023-10-18,DELIVERED
247,1829,2023-10-26,DELIVERED
248,1929,2022-09-05,DELIVERED
249,491,2023-04-30,DELIVERED
250,1541,2024-10-30,DELIVERED
251,236,2023-07-06,DELIVERED
252,952,2024-04-13,DELIVERED
253,60,2024-04-14,DELIVERED
254,1872,2022-02-08,DELIVERED
255,1974,2022-07-27,DELIVERED
256,1137,2022-09-15,DELIVERED
257,834,2024-07-02,DELIVERED
258,1303,2024-10-21,DELIVERED
259,1983,2022-10-19,DELIVERED
260,345,2023-05-18,DELIVERED
261,868,2024-07-14,DELIVERED
262,1665,2024-08-09,RETURNED
263,1272,2023-08-16,DELIVERED
264,343,2022-01-02,DELIVERED
265,1888,2024-09-14,DELIVERED
266,514,2024-02-18,RETURNED
267,1726,2023-03-12,DELIVERED
268,1046,2023-07-31,DELIVERED
269,1514,2024-12-29,DELIVERED
270,616,2022-07-03,DELIVERED
271,252,2022-10-14,CANCELLED
272,573,2024-06-03,DELIVERED
273,1034,2023-10-14,RETURNED
274,1937,2023-12-03,DELIVERED
275,1542,2024-07-16,DELIVERED
276,1357,2023-10-21,DELIVERED
277,942,2023-11-04,DELIVERED
278,1417,2022-10-01,DELIVERED
279,5,2024-09-02,DELIVERED
280,20,2022-12-22,DELIVERED
281,1834,2024-09-28,CANCELLED
282,1103,2022-06-16,CANCELLED
283,1330,2022-06-08,DELIVERED
284,1828,2024-06-30,DELIVERED
285,723,2024-02-10,CANCELLED
286,734,2024-03-03,DELIVERED
287,1573,2022-01-18,DELIVERED
288,759,2023-01-31,DELIVERED
289,454,2022-02-10,CANCELLED
290,1394,2024-01-03,DELIVERED
291,1672,2023-09-13,CANCELLED
292,453,2023-04-25,RETURNED
293,1982,2024-01-14,DELIVERED
294,1010,2023-03-05,DELIVERED
295,1682,2024-03-22,DELIVERED
296,569,2024-10-21,DELIVERED
297,1131,2023-02-01,DELIVERED
298,1159,2022-12-26,DELIVERED
299,263,2022-05-14,DELIVERED
300,1912,2023-04-12,RETURNED
301,1493,2023-07-16,DELIVERED
302,1389,2022-02-17,RETURNED
303,1420,2024-12-27,DELIVERED
304,1395,2024-07-18,DELIVERED
305,875,2022-04-17,RETURNED
306,662,2024-06-04,CANCELLED
307,834,2023-07-16,DELIVERED
308,1062,2024-08-13,DELIVERED
309,1060,2022-03-31,RETURNED
310,460,2022-04-07,DELIVERED
311,861,2024-12-26,DELIVERED
312,11,2024-03-13,DELIVERED
313,168,2022-02-21,RETURNED
314,463,2024-05-17,RETURNED
315,1879,2023-05-27,DELIVERED
316,675,2023-09-29,DELIVERED
317,1281,2022-07-18,DELIVERED
318,885,2022-02-19,DELIVERED
319,1283,2023-11-16,CANCELLED
320,507,2022-08-09,DELIVERED
321,1964,2023-11-29,CANCELLED
322,1683,2023-11-15,DELIVERED
323,485,2022-05-30,CANCELLED
324,1269,2024-06-17,CANCELLED
325,1281,2024-07-03,DELIVERED
326,176,2022-05-05,RETURNED
327,773,2023-10-04,RETURNED
328,1421,2022-05-14,CANCELLED
329,127,2024-06-24,DELIVERED
330,1251,2024-06-03,DELIVERED
331,1388,2022-04-25,DELIVERED
332,604,2024-02-21,DELIVERED
333,1265,2024-04-21,DELIVERED
334,1228,2022-01-22,DELIVERED
335,951,2024-05-26,RETURNED
336,1269,2022-07-27,DELIVERED
337,1921,2022-02-23,DELIVERED
338,673,2023-01-30,DELIVERED
339,26,2022-05-19,DELIVERED
340,1722,2023-02-01,RETURNED
341,259,2024-11-08,DELIVERED
342,863,2024-09-12,CANCELLED
343,911,2023-01-16,DELIVERED
344,1633,2022-04-01,DELIVERED
345,639,2024-06-11,DELIVERED
346,1335,2024-01-03,DELIVERED
347,1813,2022-10-26,DELIVERED
348,633,2023-12-04,DELIVERED
349,1988,2022-01-17,DELIVERED
350,1347,2022-10-24,DELIVERED
351,1039,2022-04-22,DELIVERED
352,401,2023-02-15,DELIVERED
353,413,2022-05-21,DELIVERED
354,1368,2024-09-01,DELIVERED
355,958,2023-11-10,RETURNED
356,1160,2023-11-19,DELIVERED
357,858,2023-11-05,DELIVERED
358,931,2022-03-28,DELIVERED
359,1885,2022-01-08,DELIVERED
360,1420,2023-04-17,DELIVERED
361,437,2023-05-05,DELIVERED
362,1574,2023-11-10,CANCELLED
363,770,2023-02-25,DELIVERED
364,1692,2022-01-14,DELIVERED
365,152,2024-01-03,DELIVERED
366,236,2022-10-19,DELIVERED
367,399,2024-01-08,DELIVERED
368,61,2023-02-12,DELIVERED
369,357,2023-03-25,RETURNED
370,1473,2022-12-23,DELIVERED
371,1136,2023-05-19,DELIVERED
372,45,2022-12-27,CANCELLED
373,1866,2022-07-27,DELIVERED
374,1388,2022-10-09,DELIVERED
375,1613,2022-08-16,DELIVERED
376,431,2023-09-17,DELIVERED
377,758,2024-02-02,DELIVERED
378,1928,2024-12-15,RETURNED
379,1277,2024-06-07,RETURNED
380,134,2022-08-31,DELIVERED
381,1893,2022-09-25,CANCELLED
382,393,2024-12-26,DELIVERED
383,767,2023-10-14,DELIVERED
384,1303,2023-05-16,RETURNED
385,1563,2023-01-23,RETURNED
386,603,2022-11-01,DELIVERED
387,110,2023-07-28,RETURNED
388,1744,2024-11-06,RETURNED
389,1815,2024-09-28,DELIVERED
390,167,2024-08-21,CANCELLED
391,1260,2022-05-13,DELIVERED
392,795,2024-11-08,DELIVERED
393,1063,2024-08-08,DELIVERED
394,1460,2024-02-05,DELIVERED
395,990,2024-10-10,DELIVERED
396,1191,2024-04-01,DELIVERED
397,1620,2022-03-16,DELIVERED
398,1833,2023-02-20,DELIVERED
399,481,2024-03-21,DELIVERED
400,871,2024-02-12,DELIVERED
401,1916,2024-02-06,DELIVERED
402,174,2022-10-03,CANCELLED
403,605,2024-06-29,DELIVERED
404,472,2022-03-26,DELIVERED
405,1273,2023-11-20,DELIVERED
406,958,2024-06-04,DELIVERED
407,1648,2024-10-15,DELIVERED
408,784,2022-02-20,DELIVERED
409,479,2023-06-28,DELIVERED
410,736,2022-06-18,DELIVERED
411,1028,2024-11-16,DELIVERED
412,161,2023-07-21,RETURNED
413,202,2022-08-31,DELIVERED
414,79,2023-02-15,DELIVERED
415,1383,2023-11-06,DELIVERED
416,1527,2023-07-17,DELIVERED
417,1238,2022-10-10,RETURNED
418,1541,2023-06-19,DELIVERED
419,614,2023-08-01,CANCELLED
420,1604,2024-04-07,RETURNED
421,1684,2022-01-25,DELIVERED
422,1050,2022-11-02,RETURNED
423,467,2023-04-10,CANCELLED
424,430,2024-08-29,DELIVERED
425,1203,2024-08-17,CANCELLED
426,945,2023-11-29,CANCELLED
427,642,2023-01-20,DELIVERED
428,1930,2024-05-05,DELIVERED
429,922,2022-03-03,DELIVERED
430,1183,2022-09-20,DELIVERED
431,1512,2022-01-20,DELIVERED
432,1350,2023-12-28,DELIVERED
433,859,2024-05-21,DELIVERED
434,827,2023-09-06,DELIVERED
435,48,2022-03-07,RETURNED
436,315,2023-11-08,DELIVERED
437,1637,2024-03-11,RETURNED
438,419,2024-03-11,DELIVERED
439,792,2023-01-21,DELIVERED
440,674,2024-07-13,DELIVERED
441,624,2022-07-10,DELIVERED
442,1383,2022-12-30,DELIVERED
443,1412,2024-09-27,DELIVERED
444,408,2022-05-23,RETURNED
445,791,2023-08-05,DELIVERED
446,597,2024-12-09,DELIVERED
447,118,2024-01-25,DELIVERED
448,352,2023-11-01,RETURNED
449,842,2024-03-11,DELIVERED
450,227,2022-09-22,DELIVERED
451,980,2022-05-21,DELIVERED
452,1851,2023-02-27,DELIVERED
453,422,2023-09-27,DELIVERED
454,1454,2024-08-30,DELIVERED
455,1178,2023-09-28,DELIVERED
456,1030,2024-07-28,DELIVERED
457,16,2022-10-20,DELIVERED
458,1689,2024-03-28,DELIVERED
459,506,2024-12-12,DELIVERED
460,1166,2024-10-02,DELIVERED
461,1180,2022-03-22,CANCELLED
462,590,2024-07-23,DELIVERED
463,1726,2023-09-02,DELIVERED
464,1687,2022-12-25,DELIVERED
465,368,2024-06-03,DELIVERED
466,1866,2023-01-11,DELIVERED
467,196,2024-03-16,DELIVERED
468,90,2023-05-06,RETURNED
469,324,2023-07-15,RETURNED
470,1102,2023-08-21,DELIVERED
471,137,2023-03-21,RETURNED
472,843,2022-09-06,RETURNED
473,157,2022-08-04,DELIVERED
474,1597,2023-10-30,DELIVERED
475,338,2023-06-02,DELIVERED
476,92,2024-08-04,DELIVERED
477,1309,2024-08-03,DELIVERED
478,1528,2024-03-28,RETURNED
479,813,2022-03-19,DELIVERED
480,235,2022-10-07,DELIVERED
481,1534,2024-08-08,DELIVERED
482,140,2022-06-19,DELIVERED
483,497,2024-06-15,DELIVERED
484,1681,2023-07-26,CANCELLED
485,350,2022-02-06,DELIVERED
486,363,2023-08-26,DELIVERED
487,1519,2024-03-11,DELIVERED
488,1376,2022-01-23,DELIVERED
489,315,2024-06-21,DELIVERED
490,444,2022-03-12,RETURNED
491,1091,2023-03-19,DELIVERED
492,98,2024-12-06,DELIVERED
493,1468,2022-07-30,DELIVERED
494,632,2024-06-28,DELIVERED
495,10,2022-04-10,CANCELLED
496,1572,2023-02-18,RETURNED
497,768,2023-05-04,DELIVERED
498,33,2024-05-13,DELIVERED
499,30,2023-11-22,CANCELLED
500,1393,2022-05-10,DELIVERED
501,1807,2022-07-17,CANCELLED
502,1701,2022-12-10,CANCELLED
503,91,2024-05-01,DELIVERED
504,1671,2023-11-01,DELIVERED
505,1284,2023-01-24,DELIVERED
506,1914,2024-03-20,RETURNED
507,248,2023-04-21,DELIVERED
508,731,2023-10-25,DELIVERED
509,824,2023-10-10,DELIVERED
510,436,2024-07-28,DELIVERED
511,1348,2023-07-25,DELIVERED
512,756,2022-03-31,DELIVERED
513,448,2024-04-21,DELIVERED
514,1227,2024-10-20,RETURNED
515,209,2022-12-18,DELIVERED
516,195,2023-10-27,RETURNED
517,1427,2024-03-06,DELIVERED
518,1992,2022-09-30,DELIVERED
519,1302,2023-10-14,RETURNED
520,1365,2024-09-14,DELIVERED
521,37,2024-07-08,DELIVERED
522,1312,2023-04-22,DELIVERED
523,1444,2022-01-28,DELIVERED
524,1263,2022-09-12,DELIVERED
525,1512,2024-05-27,CANCELLED
526,1270,2022-06-12,DELIVERED
527,768,2024-10-18,DELIVERED
528,311,2024-02-09,DELIVERED
529,78,2023-05-03,RETURNED
530,1225,2024-06-27,CANCELLED
531,674,2022-10-02,DELIVERED
532,1319,2022-03-23,DELIVERED
533,850,2023-08-14,CANCELLED
534,470,2023-11-10,DELIVERED
535,422,2022-04-21,RETURNED
536,1362,2023-05-24,CANCELLED
537,1426,2023-04-01,DELIVERED
538,782,2024-12-03,DELIVERED
539,906,2022-01-13,DELIVERED
540,1007,2022-05-24,RETURNED
541,107,2022-10-17,RETURNED
542,258,2022-07-07,DELIVERED
543,1125,2023-02-23,DELIVERED
544,161,2024-05-22,CANCELLED
545,638,2022-12-03,CANCELLED
546,502,2024-05-18,DELIVERED
547,510,2023-09-13,DELIVERED
548,919,2023-02-17,DELIVERED
549,1601,2024-09-12,DELIVERED
550,1992,2024-01-07,DELIVERED
551,344,2024-08-22,DELIVERED
552,1035,2024-06-06,CANCELLED
553,1679,2024-09-14,DELIVERED
554,782,2024-05-25,RETURNED
555,1555,2023-09-07,DELIVERED
556,313,2022-12-26,DELIVERED
557,950,2023-09-19,DELIVERED
558,769,2024-09-11,DELIVERED
559,280,2024-08-19,DELIVERED
560,1877,2023-01-24,DELIVERED
561,1765,2024-10-22,CANCELLED
562,767,2024-10-03,DELIVERED
563,852,2024-03-19,RETURNED
564,765,2024-02-26,DELIVERED
565,1313,2022-05-26,DELIVERED
566,80,2022-09-12,DELIVERED
567,1159,2022-11-29,DELIVERED
568,894,2023-06-07,CANCELLED
569,1540,2023-12-15,DELIVERED
570,1001,2024-01-25,DELIVERED
571,1334,2024-02-29,RETURNED
572,1507,2023-05-21,DELIVERED
573,71,2024-01-11,DELIVERED
574,1386,2022-02-27,DELIVERED
575,1322,2022-10-30,DELIVERED
576,933,2022-10-29,DELIVERED
577,1234,2022-11-27,DELIVERED
578,1579,2022-07-09,DELIVERED
579,1878,2024-02-27,DELIVERED
580,1201,2022-06-14,DELIVERED
581,387,2024-05-16,DELIVERED
582,875,2023-06-02,DELIVERED
583,1026,2024-12-27,DELIVERED
584,784,2023-09-23,CANCELLED
585,1542,2022-07-02,DELIVERED
586,1173,2023-12-07,CANCELLED
587,551,2023-03-06,RETURNED
588,816,2023-09-23,DELIVERED
589,345,2024-10-04,DELIVERED
590,144,2024-05-05,DELIVERED
591,1341,2023-08-14,CANCELLED
592,350,2022-12-28,DELIVERED
593,1442,2022-10-03,DELIVERED
594,373,2024-10-26,RETURNED
595,923,2023-03-12,DELIVERED
596,121,2023-01-10,CANCELLED
597,393,2023-06-16,RETURNED
598,1786,2024-04-17,DELIVERED
599,1870,2022-08-12,RETURNED
600,341,2022-06-13,DELIVERED
601,774,2022-09-13,DELIVERED
602,701,2022-03-02,DELIVERED
603,979,2024-09-20,DELIVERED
604,207,2022-01-20,DELIVERED
605,1540,2022-01-15,DELIVERED
606,1617,2022-03-27,DELIVERED
607,1070,2022-01-15,DELIVERED
608,1066,2023-06-29,RETURNED
609,970,2023-11-22,DELIVERED
610,690,2024-01-30,DELIVERED
611,703,2023-10-08,CANCELLED
612,1928,2024-01-10,DELIVERED
613,776,2022-04-28,RETURNED
614,1789,2023-11-08,CANCELLED
615,7,2024-07-24,RETURNED
616,823,2022-10-12,DELIVERED
617,252,2024-12-22,DELIVERED
618,1433,2023-05-25,DELIVERED
619,1267,2024-08-31,DELIVERED
620,1353,2023-01-20,DELIVERED
621,1307,2023-10-22,DELIVERED
622,738,2022-04-04,RETURNED
623,1507,2023-10-29,DELIVERED
624,479,2024-09-19,DELIVERED
625,1255,2022-06-16,DELIVERED
626,1924,2024-09-02,RETURNED
627,1756,2022-07-25,CANCELLED
628,602,2023-02-04,CANCELLED
629,1782,2024-12-01,RETURNED
630,1608,2024-10-30,DELIVERED
631,1020,2022-06-28,DELIVERED
632,1379,2024-08-14,DELIVERED
633,914,2022-08-25,DELIVERED
634,1108,2023-05-09,DELIVERED
635,350,2022-07-03,DELIVERED
636,1466,2022-03-01,DELIVERED
637,1903,2023-10-31,RETURNED
638,1570,2023-07-29,DELIVERED
639,528,2024-09-02,RETURNED
640,1374,2022-09-10,DELIVERED
641,1890,2024-12-30,DELIVERED
642,1008,2022-07-05,CANCELLED
643,682,2023-04-04,RETURNED
644,1570,2022-05-13,DELIVERED
645,773,2024-02-21,DELIVERED
646,1608,2024-06-13,CANCELLED
647,458,2023-06-15,DELIVERED
648,180,2022-08-17,DELIVERED
649,1517,2023-01-21,CANCELLED
650,238,2024-01-24,DELIVERED
651,642,2024-02-18,DELIVERED
652,4,2023-09-29,DELIVERED
653,1097,2023-01-24,CANCELLED
654,868,2023-10-17,CANCELLED
655,1634,2022-09-16,DELIVERED
656,1233,2023-03-31,DELIVERED
657,19,2024-08-01,DELIVERED
658,1672,2023-08-31,CANCELLED
659,1024,2024-07-22,DELIVERED
660,581,2022-10-26,CANCELLED
661,1740,2022-03-12,DELIVERED
662,633,2024-10-25,RETURNED
663,253,2023-07-15,RETURNED
664,1447,2024-09-06,DELIVERED
665,442,2024-10-10,DELIVERED
666,1980,2024-02-11,DELIVERED
667,1660,2023-11-14,DELIVERED
668,1468,2023-03-08,CANCELLED
669,1914,2023-04-06,CANCELLED
670,108,2023-01-02,RETURNED
671,1490,2024-03-13,DELIVERED
672,1670,2022-11-23,RETURNED
673,1123,2024-03-14,DELIVERED
674,1389,2024-08-27,RETURNED
675,1552,2024-03-12,DELIVERED
676,1082,2023-08-03,DELIVERED
677,1891,2023-02-04,CANCELLED
678,1123,2024-03-17,DELIVERED
679,663,2022-04-21,CANCELLED
680,1454,2023-09-15,DELIVERED
681,336,2022-10-09,DELIVERED
682,989,2023-08-20,RETURNED
683,430,2023-03-23,CANCELLED
684,401,2022-01-19,DELIVERED
685,1754,2022-07-28,DELIVERED
686,1759,2022-10-30,DELIVERED
687,875,2022-12-11,RETURNED
688,197,2023-12-30,RETURNED
689,368,2022-04-18,DELIVERED
690,1056,2023-11-25,DELIVERED
691,1987,2022-11-01,DELIVERED
692,828,2023-05-17,DELIVERED
693,494,2024-03-23,DELIVERED
694,1409,2022-12-20,DELIVERED
695,769,2022-07-03,CANCELLED
696,1772,2024-02-22,DELIVERED
697,1338,2024-06-30,DELIVERED
698,246,2022-08-27,DELIVERED
699,1002,2024-11-09,DELIVERED
700,1202,2024-09-09,DELIVERED
701,1527,2022-07-13,CANCELLED
702,371,2024-02-26,DELIVERED
703,1321,2024-06-07,DELIVERED
704,257,2022-07-23,DELIVERED
705,1462,2023-01-14,DELIVERED
706,1436,2022-02-10,DELIVERED
707,1675,2024-12-21,DELIVERED
708,1063,2022-09-12,CANCELLED
709,425,2022-08-29,DELIVERED
710,1227,2023-01-04,DELIVERED
711,916,2023-10-06,DELIVERED
712,264,2023-02-27,DELIVERED
713,180,2023-06-10,RETURNED
714,72,2022-06-23,RETURNED
715,1037,2023-09-04,DELIVERED
716,1115,2022-12-18,DELIVERED
717,1936,2022-01-01,DELIVERED
718,95,2024-11-29,RETURNED
719,601,2024-12-29,DELIVERED
720,1182,2024-10-01,DELIVERED
721,1071,2023-12-23,DELIVERED
722,1046,2023-03-06,DELIVERED
723,1358,2022-04-02,DELIVERED
724,386,2022-10-18,DELIVERED
725,1706,2023-03-17,RETURNED
726,1234,2023-03-19,DELIVERED
727,569,2022-09-21,CANCELLED
728,865,2022-06-02,DELIVERED
729,534,2024-02-21,DELIVERED
730,335,2024-03-30,DELIVERED
731,1935,2023-06-05,DELIVERED
732,1926,2022-10-21,DELIVERED
733,145,2023-07-06,RETURNED
734,1428,2023-01-30,CANCELLED
735,1155,2024-11-13,DELIVERED
736,860,2022-11-11,DELIVERED
737,1614,2024-06-07,DELIVERED
738,1975,2023-05-22,DELIVERED
739,256,2024-12-24,DELIVERED
740,1124,2024-04-13,DELIVERED
741,1312,2022-07-02,DELIVERED
742,684,2023-07-14,DELIVERED
743,1635,2023-04-08,DELIVERED
744,201,2024-02-12,RETURNED
745,456,2024-02-15,RETURNED
746,1604,2022-09-10,DELIVERED
747,1492,2023-09-20,DELIVERED
748,1653,2024-09-29,DELIVERED
749,715,2023-08-01,DELIVERED
750,1245,2022-07-22,RETURNED
751,350,2023-10-14,RETURNED
752,798,2023-01-06,DELIVERED
753,1519,2024-12-24,DELIVERED
754,1807,2024-04-04,DELIVERED
755,262,2023-06-15,DELIVERED
756,1052,2022-11-15,DELIVERED
757,293,2024-02-15,DELIVERED
758,548,2022-04-19,RETURNED
759,1310,2024-01-29,CANCELLED
760,511,2024-05-06,CANCELLED
761,375,2024-06-17,RETURNED
762,1636,2024-08-17,DELIVERED
763,565,2024-05-26,DELIVERED
764,1472,2023-04-14,DELIVERED
765,1758,2022-06-28,RETURNED
766,833,2023-10-03,CANCELLED
767,1300,2022-06-12,DELIVERED
768,492,2022-07-11,DELIVERED
769,118,2022-06-23,CANCELLED
770,1135,2024-10-06,CANCELLED
771,22,2024-05-18,DELIVERED
772,1910,2022-10-07,DELIVERED
773,1055,2024-12-26,DELIVERED
774,831,2022-01-29,DELIVERED
775,1866,2022-01-15,CANCELLED
776,1439,2024-12-30,CANCELLED
777,501,2024-12-17,DELIVERED
778,87,2024-07-07,RETURNED
779,1382,2024-12-08,RETURNED
780,359,2022-06-03,DELIVERED
781,274,2024-11-18,DELIVERED
782,105,2024-05-15,DELIVERED
783,350,2024-02-04,RETURNED
784,693,2023-05-27,CANCELLED
785,1743,2022-08-30,DELIVERED
786,990,2023-08-25,DELIVERED
787,5,2024-03-17,DELIVERED
788,625,2024-11-21,CANCELLED
789,73,2024-08-06,RETURNED
790,1738,2024-09-26,DELIVERED
791,13,2024-07-31,DELIVERED
792,725,2022-08-08,DELIVERED
793,1824,2023-01-17,DELIVERED
794,19,2022-07-27,DELIVERED
795,405,2022-06-23,DELIVERED
796,1841,2022-11-11,DELIVERED
797,1871,2024-09-25,DELIVERED
798,1576,2023-05-28,DELIVERED
799,810,2024-02-06,DELIVERED
800,878,2023-01-09,DELIVERED
801,552,2022-08-11,RETURNED
802,1345,2024-06-18,DELIVERED
803,725,2024-06-07,DELIVERED
804,1810,2023-02-11,DELIVERED
805,584,2022-03-24,DELIVERED
806,863,2023-11-10,RETURNED
807,329,2023-02-12,RETURNED
808,1966,2023-06-29,DELIVERED
809,1002,2024-10-11,CANCELLED
810,1463,2022-09-18,DELIVERED
811,1566,2024-03-29,DELIVERED
812,1892,2024-03-07,DELIVERED
813,1962,2022-08-09,CANCELLED
814,259,2022-11-15,DELIVERED
815,28,2023-04-30,DELIVERED
816,1700,2023-12-02,DELIVERED
817,1223,2022-01-17,DELIVERED
818,593,2023-08-01,DELIVERED
819,1559,2024-05-28,DELIVERED
820,313,2024-11-13,DELIVERED
821,576,2022-08-24,RETURNED
822,1436,2023-05-22,DELIVERED
823,879,2023-02-11,DELIVERED
824,1604,2022-07-31,CANCELLED
825,1029,2023-01-07,DELIVERED
826,1751,2022-11-01,DELIVERED
827,271,2024-04-01,DELIVERED
828,394,2022-10-27,DELIVERED
829,1263,2023-02-13,DELIVERED
830,105,2024-02-18,DELIVERED
831,628,2023-04-19,DELIVERED
832,873,2024-09-08,DELIVERED
833,875,2022-04-16,DELIVERED
834,552,2024-01-15,DELIVERED
835,719,2024-05-06,DELIVERED
836,1834,2022-04-08,DELIVERED
837,2,2022-04-17,DELIVERED
838,659,2023-03-11,DELIVERED
839,574,2022-07-26,DELIVERED
840,517,2024-10-03,DELIVERED
841,624,2022-08-17,DELIVERED
842,28,2022-09-24,DELIVERED
843,1519,2024-01-11,CANCELLED
844,1207,2024-12-19,DELIVERED
845,488,2023-07-20,DELIVERED
846,787,2022-06-28,RETURNED
847,268,2022-09-04,DELIVERED
848,1984,2023-01-26,DELIVERED
849,913,2022-07-22,DELIVERED
850,1120,2023-12-04,DELIVERED
851,972,2023-02-18,DELIVERED
852,315,2022-03-31,DELIVERED
853,857,2023-06-02,RETURNED
854,1556,2023-12-13,RETURNED
855,919,2022-08-29,RETURNED
856,139,2024-09-15,DELIVERED
857,1908,2024-10-28,CANCELLED
858,342,2023-07-16,DELIVERED
859,265,2023-08-17,DELIVERED
860,1160,2022-05-05,CANCELLED
861,1421,2023-01-25,CANCELLED
862,815,2024-10-10,DELIVERED
863,1783,2024-11-17,RETURNED
864,339,2024-06-15,CANCELLED
865,787,2024-03-10,DELIVERED
866,557,2023-02-28,DELIVERED
867,328,2023-03-23,DELIVERED
868,19,2024-11-16,DELIVERED
869,1450,2024-12-11,DELIVERED
870,1746,2023-03-28,DELIVERED
871,550,2022-09-01,DELIVERED
872,94,2024-12-28,DELIVERED
873,81,2022-10-31,RETURNED
874,569,2022-09-30,DELIVERED
875,1620,2022-04-16,DELIVERED
876,510,2023-03-07,DELIVERED
877,3,2023-12-13,DELIVERED
878,1992,2024-01-26,DELIVERED
879,1939,2023-06-25,CANCELLED
880,837,2023-08-27,DELIVERED
881,118,2022-01-22,CANCELLED
882,450,2023-07-27,DELIVERED
883,1990,2022-02-02,DELIVERED
884,1778,2022-08-06,CANCELLED
885,1410,2024-02-22,RETURNED
886,528,2023-02-27,CANCELLED
887,452,2023-10-27,DELIVERED
888,1192,2024-03-20,DELIVERED
889,475,2024-06-07,DELIVERED
890,1848,2024-09-08,DELIVERED
891,372,2024-07-29,DELIVERED
892,1767,2022-12-27,DELIVERED
893,1005,2023-01-05,DELIVERED
894,44,2023-09-28,DELIVERED
895,364,2024-03-18,DELIVERED
896,385,2022-05-23,DELIVERED
897,874,2023-05-18,DELIVERED
898,1322,2024-04-04,DELIVERED
899,1079,2022-10-09,CANCELLED
900,1655,2022-01-25,DELIVERED
901,774,2024-02-26,DELIVERED
902,1693,2022-01-28,CANCELLED
903,1320,2022-03-31,DELIVERED
904,1578,2022-06-21,DELIVERED
905,1923,2022-01-28,CANCELLED
906,20,2022-08-06,DELIVERED
907,1676,2023-11-25,RETURNED
908,175,2023-02-19,DELIVERED
909,1556,2024-06-28,CANCELLED
910,630,2023-11-11,DELIVERED
911,500,2022-04-25,DELIVERED
912,548,2022-09-10,DELIVERED
913,92,2022-07-30,DELIVERED
914,211,2024-11-13,RETURNED
915,851,2022-10-18,DELIVERED
916,460,2022-02-19,DELIVERED
917,790,2022-10-29,DELIVERED
918,588,2023-04-08,RETURNED
919,1402,2024-02-27,DELIVERED
920,1465,2022-08-19,DELIVERED
921,226,2023-04-05,DELIVERED
922,1958,2023-08-01,DELIVERED
923,1261,2023-11-15,DELIVERED
924,1891,2022-06-23,RETURNED
925,1239,2022-11-06,DELIVERED
926,1087,2023-11-17,DELIVERED
927,1392,2024-05-20,DELIVERED
928,1367,2023-09-10,DELIVERED
929,588,2023-12-15,RETURNED
930,556,2024-10-19,DELIVERED
931,1911,2023-06-28,CANCELLED
932,1457,2022-06-06,CANCELLED
933,1765,2022-11-01,CANCELLED
934,301,2023-10-18,DELIVERED
935,915,2024-09-06,CANCELLED
936,232,2024-05-25,RETURNED
937,571,2022-10-24,DELIVERED
938,262,2023-01-08,CANCELLED
939,723,2023-10-16,DELIVERED
940,986,2024-04-27,DELIVERED
941,1304,2023-11-14,DELIVERED
942,1934,2023-05-19,DELIVERED
943,1126,2024-10-15,DELIVERED
944,1009,2024-12-26,DELIVERED
945,472,2024-02-27,DELIVERED
946,1465,2024-05-13,DELIVERED
947,1591,2023-03-26,CANCELLED
948,482,2024-01-11,DELIVERED
949,1743,2022-02-05,DELIVERED
950,971,2022-10-01,RETURNED
951,123,2023-12-17,DELIVERED
952,1740,2022-10-13,DELIVERED
953,296,2024-05-12,DELIVERED
954,1696,2023-04-05,DELIVERED
955,283,2022-08-29,RETURNED
956,1442,2022-10-21,DELIVERED
957,54,2024-05-19,DELIVERED
958,1437,2022-08-06,DELIVERED
959,152,2024-09-03,CANCELLED
960,1783,2022-11-20,DELIVERED
961,749,2022-10-17,DELIVERED
962,158,2022-01-26,DELIVERED
963,1667,2024-05-02,DELIVERED
964,374,2024-08-20,CANCELLED
965,1533,2024-12-16,DELIVERED
966,614,2024-08-20,DELIVERED
967,691,2024-06-28,CANCELLED
968,1424,2022-01-28,DELIVERED
969,320,2022-05-03,RETURNED
970,66,2022-12-22,DELIVERED
971,23,2024-03-22,CANCELLED
972,1393,2024-07-19,DELIVERED
973,1699,2023-06-13,RETURNED
974,1028,2023-09-19,CANCELLED
975,868,2022-11-18,DELIVERED
976,189,2024-12-04,DELIVERED
977,1948,2022-09-14,CANCELLED
978,821,2022-04-25,DELIVERED
979,377,2022-06-08,CANCELLED
980,960,2024-09-04,DELIVERED
981,1315,2024-04-09,CANCELLED
982,338,2022-04-22,CANCELLED
983,1325,2024-05-18,DELIVERED
984,223,2022-08-02,DELIVERED
985,1236,2023-11-19,DELIVERED
986,578,2022-11-30,DELIVERED
987,134,2023-03-10,DELIVERED
988,1550,2023-09-26,DELIVERED
989,414,2022-03-08,DELIVERED
990,175,2022-04-02,DELIVERED
991,1619,2024-09-17,DELIVERED
992,645,2022-07-10,RETURNED
993,18,2024-01-01,CANCELLED
994,1964,2024-03-26,DELIVERED
995,645,2024-03-11,CANCELLED
996,1995,2022-09-23,CANCELLED
997,200,2023-11-10,DELIVERED
998,1519,2024-10-28,DELIVERED
999,1654,2022-11-04,DELIVERED
1000,1631,2024-02-22,DELIVERED
1001,1780,2022-03-18,DELIVERED
1002,311,2024-08-06,DELIVERED
1003,1282,2022-07-11,RETURNED
1004,475,2023-03-18,CANCELLED
1005,1340,2022-10-16,CANCELLED
1006,330,2024-10-24,DELIVERED
1007,1493,2024-12-07,RETURNED
1008,700,2024-07-05,CANCELLED
1009,695,2023-08-19,DELIVERED
1010,1753,2024-06-01,DELIVERED
1011,1460,2024-03-04,DELIVERED
1012,1251,2022-06-03,RETURNED
1013,1162,2024-10-15,DELIVERED
1014,31,2022-10-20,CANCELLED
1015,634,2022-06-28,DELIVERED
1016,932,2023-10-05,DELIVERED
1017,606,2022-11-27,DELIVERED
1018,1181,2024-01-15,DELIVERED
1019,146,2023-01-02,CANCELLED
1020,944,2023-06-13,RETURNED
1021,525,2024-06-24,DELIVERED
1022,288,2022-09-11,RETURNED
1023,1000,2022-03-23,DELIVERED
1024,588,2024-04-01,DELIVERED
1025,1270,2022-09-22,DELIVERED
1026,1050,2023-10-05,DELIVERED
1027,1398,2024-04-26,DELIVERED
1028,539,2022-03-29,DELIVERED
1029,1319,2022-04-27,CANCELLED
1030,502,2022-01-17,DELIVERED
1031,216,2023-08-19,DELIVERED
1032,1168,2024-03-28,RETURNED
1033,457,2024-03-06,RETURNED
1034,1371,2022-07-11,DELIVERED
1035,960,2024-12-31,RETURNED
1036,953,2022-08-12,DELIVERED
1037,1499,2022-08-10,RETURNED
1038,1890,2024-03-23,CANCELLED
1039,409,2024-04-02,DELIVERED
1040,650,2023-12-03,RETURNED
1041,996,2023-03-12,CANCELLED
1042,976,2022-08-23,DELIVERED
1043,79,2022-11-15,RETURNED
1044,299,2023-03-14,DELIVERED
1045,65,2024-02-18,DELIVERED
1046,1656,2024-01-11,CANCELLED
1047,970,2023-03-14,DELIVERED
1048,1778,2022-02-16,RETURNED
1049,1401,2024-05-16,DELIVERED
1050,1302,2022-12-27,DELIVERED
1051,142,2023-07-15,DELIVERED
1052,611,2024-07-13,RETURNED
1053,1075,2023-03-15,DELIVERED
1054,532,2023-01-12,CANCELLED
1055,190,2024-05-27,DELIVERED
1056,1543,2023-09-01,DELIVERED
1057,716,2024-05-08,DELIVERED
1058,1097,2022-11-26,RETURNED
1059,895,2023-12-28,RETURNED
1060,1169,2024-03-07,CANCELLED
1061,1149,2023-02-11,DELIVERED
1062,1368,2022-10-24,DELIVERED
1063,1687,2023-10-11,DELIVERED
1064,1837,2024-07-28,RETURNED
1065,1023,2023-10-11,DELIVERED
1066,1987,2024-04-12,DELIVERED
1067,1480,2022-01-08,RETURNED
1068,1932,2022-09-15,DELIVERED
1069,1309,2022-07-19,DELIVERED
1070,1528,2023-01-20,DELIVERED
1071,1119,2022-12-07,DELIVERED
1072,443,2023-12-14,DELIVERED
1073,392,2022-01-30,DELIVERED
1074,746,2022-02-03,DELIVERED
1075,629,2024-10-25,CANCELLED
1076,256,2024-10-19,DELIVERED
1077,934,2024-04-27,DELIVERED
1078,722,2024-05-22,DELIVERED
1079,1567,2023-11-19,DELIVERED
1080,361,2024-07-28,DELIVERED
1081,363,2022-11-30,DELIVERED
1082,782,2023-08-07,CANCELLED
1083,1411,2024-06-14,DELIVERED
1084,1438,2022-07-23,RETURNED
1085,1651,2022-08-01,DELIVERED
1086,34,2024-04-22,DELIVERED
1087,1536,2022-07-24,DELIVERED
1088,1031,2022-03-08,DELIVERED
1089,1745,2024-05-11,DELIVERED
1090,1592,2024-07-20,DELIVERED
1091,235,2023-02-05,RETURNED
1092,1947,2022-09-12,DELIVERED
1093,1626,2024-08-08,DELIVERED
1094,1681,2024-03-21,DELIVERED
1095,768,2023-04-04,DELIVERED
1096,549,2023-06-26,DELIVERED
1097,1849,2024-04-29,DELIVERED
1098,9,2024-04-29,DELIVERED
1099,54,2022-11-11,CANCELLED
1100,1722,2024-11-28,CANCELLED
1101,1229,2023-10-13,DELIVERED
1102,1965,2024-05-30,DELIVERED
1103,1994,2024-03-12,DELIVERED
1104,1320,2024-03-16,CANCELLED
1105,1642,2024-05-28,DELIVERED
1106,1304,2024-03-10,RETURNED
1107,356,2024-04-05,RETURNED
1108,1060,2022-11-21,DELIVERED
1109,204,2022-09-16,DELIVERED
1110,1294,2024-03-13,CANCELLED
1111,1285,2023-06-17,CANCELLED
1112,326,2023-10-23,DELIVERED
1113,192,2022-02-22,DELIVERED
1114,1288,2022-11-10,DELIVERED
1115,1450,2022-06-11,DELIVERED
1116,52,2022-09-25,RETURNED
1117,1300,2024-01-04,DELIVERED
1118,1337,2023-03-31,DELIVERED
1119,1097,2023-05-18,CANCELLED
1120,1653,2024-02-14,CANCELLED
1121,1351,2022-04-16,DELIVERED
1122,1915,2022-10-22,DELIVERED
1123,1308,2022-07-31,DELIVERED
1124,1899,2022-09-09,DELIVERED
1125,579,2023-06-21,RETURNED
1126,191,2022-06-08,DELIVERED
1127,741,2023-03-02,DELIVERED
1128,1006,2022-02-14,DELIVERED
1129,997,2022-06-06,DELIVERED
1130,860,2024-02-08,RETURNED
1131,1298,2024-07-12,CANCELLED
1132,369,2023-09-04,DELIVERED
1133,366,2022-03-06,DELIVERED
1134,703,2023-12-12,DELIVERED
1135,1258,2022-01-11,DELIVERED
1136,1519,2023-06-06,RETURNED
1137,395,2022-03-02,DELIVERED
1138,1061,2024-11-14,CANCELLED
1139,443,2024-01-18,DELIVERED
1140,445,2022-03-02,DELIVERED
1141,451,2022-06-20,CANCELLED
1142,1925,2022-09-17,DELIVERED
1143,987,2023-02-13,RETURNED
1144,714,2023-08-26,DELIVERED
1145,1657,2024-10-12,DELIVERED
1146,1939,2024-03-30,RETURNED
1147,513,2022-12-21,DELIVERED
1148,1733,2023-07-30,RETURNED
1149,211,2023-10-01,DELIVERED
1150,422,2024-09-26,DELIVERED
1151,914,2024-05-17,DELIVERED
1152,557,2023-10-15,DELIVERED
1153,1244,2024-02-24,DELIVERED
1154,1162,2023-12-24,DELIVERED
1155,1296,2022-05-12,DELIVERED
1156,1822,2022-03-11,RETURNED
1157,519,2024-04-19,DELIVERED
1158,1694,2024-12-22,DELIVERED
1159,62,2022-08-23,DELIVERED
1160,661,2024-05-29,CANCELLED
1161,733,2023-05-18,DELIVERED
1162,1346,2024-02-01,DELIVERED
1163,1597,2023-10-06,DELIVERED
1164,653,2022-01-23,CANCELLED
1165,438,2024-08-11,DELIVERED
1166,659,2023-04-22,DELIVERED
1167,790,2023-08-04,DELIVERED
1168,1080,2023-03-22,DELIVERED
1169,570,2022-06-03,DELIVERED
1170,1324,2024-05-13,DELIVERED
1171,892,2023-10-13,CANCELLED
1172,406,2023-02-08,DELIVERED
1173,1012,2024-10-18,DELIVERED
1174,563,2024-05-12,DELIVERED
1175,928,2022-12-17,DELIVERED
1176,1211,2024-02-24,DELIVERED
1177,44,2023-08-07,DELIVERED
1178,1605,2022-01-10,RETURNED
1179,583,2022-09-26,CANCELLED
1180,825,2022-03-17,RETURNED
1181,1881,2024-12-16,DELIVERED
1182,1321,2022-02-03,DELIVERED
1183,195,2024-04-30,CANCELLED
1184,563,2023-10-12,CANCELLED
1185,820,2022-06-13,DELIVERED
1186,642,2024-10-08,DELIVERED
1187,806,2023-09-04,DELIVERED
1188,931,2024-10-07,CANCELLED
1189,1981,2022-09-06,CANCELLED
1190,1921,2022-07-30,DELIVERED
1191,98,2022-01-22,DELIVERED
1192,662,2024-06-11,DELIVERED
1193,181,2023-01-27,CANCELLED
1194,1664,2024-01-26,CANCELLED
1195,1101,2022-01-11,RETURNED
1196,1778,2022-04-18,DELIVERED
1197,1608,2022-03-30,DELIVERED
1198,1940,2023-09-16,DELIVERED
1199,675,2024-02-17,DELIVERED
1200,349,2022-10-10,DELIVERED
1201,246,2022-09-16,DELIVERED
1202,304,2024-04-26,DELIVERED
1203,1369,2022-09-08,DELIVERED
1204,493,2024-09-05,DELIVERED
1205,2000,2023-07-29,DELIVERED
1206,1497,2024-09-15,DELIVERED
1207,541,2023-08-30,CANCELLED
1208,723,2023-05-12,DELIVERED
1209,1506,2023-02-26,DELIVERED
1210,154,2024-10-09,DELIVERED
1211,27,2023-03-19,DELIVERED
1212,789,2023-01-20,DELIVERED
1213,698,2023-03-04,CANCELLED
1214,1560,2024-12-16,DELIVERED
1215,642,2023-10-01,CANCELLED
1216,1343,2022-11-12,CANCELLED
1217,217,2022-09-24,DELIVERED
1218,745,2024-02-29,RETURNED
1219,1778,2024-11-17,DELIVERED
1220,820,2023-01-20,DELIVERED
1221,867,2022-12-03,DELIVERED
1222,1949,2022-07-29,DELIVERED
1223,1795,2022-08-08,CANCELLED
1224,493,2022-02-03,RETURNED
1225,384,2023-07-01,DELIVERED
1226,1356,2024-12-23,DELIVERED
1227,544,2022-08-31,RETURNED
1228,173,2023-12-27,DELIVERED
1229,309,2024-03-23,DELIVERED
1230,1041,2023-11-15,DELIVERED
1231,559,2024-01-28,DELIVERED
1232,1329,2024-02-23,CANCELLED
1233,866,2023-02-02,DELIVERED
1234,825,2022-12-28,DELIVERED
1235,1085,2024-10-07,DELIVERED
1236,224,2022-04-13,DELIVERED
1237,1964,2022-08-16,DELIVERED
1238,109,2022-03-15,DELIVERED
1239,489,2022-05-15,DELIVERED
1240,565,2023-04-09,RETURNED
1241,1433,2024-04-08,DELIVERED
1242,208,2023-03-27,CANCELLED
1243,1802,2023-07-04,DELIVERED
1244,351,2023-02-21,DELIVERED
1245,590,2023-08-13,CANCELLED
1246,194,2023-01-15,DELIVERED
1247,1435,2024-09-03,CANCELLED
1248,1747,2023-05-04,DELIVERED
1249,1396,2022-05-23,DELIVERED
1250,681,2024-07-21,DELIVERED
1251,27,2024-08-29,DELIVERED
1252,43,2022-12-30,RETURNED
1253,1805,2022-06-07,DELIVERED
1254,1558,2022-01-20,DELIVERED
1255,1986,2024-08-28,DELIVERED
1256,1001,2023-05-22,DELIVERED
1257,93,2022-02-05,DELIVERED
1258,596,2023-04-13,DELIVERED
1259,343,2022-10-28,CANCELLED
1260,205,2023-09-16,CANCELLED
1261,688,2024-07-15,DELIVERED
1262,719,2023-06-12,DELIVERED
1263,520,2024-01-17,DELIVERED
1264,1696,2023-12-24,DELIVERED
1265,684,2024-11-26,CANCELLED
1266,1756,2024-09-18,DELIVERED
1267,1405,2024-11-29,CANCELLED
1268,43,2022-10-30,RETURNED
1269,1754,2023-03-28,DELIVERED
1270,291,2024-01-02,DELIVERED
1271,501,2024-06-01,DELIVERED
1272,1525,2022-07-02,DELIVERED
1273,1956,2024-02-13,DELIVERED
1274,1978,2023-07-15,RETURNED
1275,1391,2024-07-09,RETURNED
1276,1795,2024-12-15,DELIVERED
1277,1865,2023-12-16,RETURNED
1278,801,2024-05-04,RETURNED
1279,566,2023-09-26,DELIVERED
1280,1187,2024-12-01,CANCELLED
1281,1709,2022-09-09,DELIVERED
1282,932,2023-12-12,DELIVERED
1283,1986,2022-01-18,DELIVERED
1284,1404,2022-10-29,DELIVERED
1285,308,2024-12-07,RETURNED
1286,1278,2022-11-30,DELIVERED
1287,591,2022-05-13,CANCELLED
1288,32,2024-07-18,DELIVERED
1289,580,2022-09-10,DELIVERED
1290,627,2022-01-11,DELIVERED
1291,1353,2022-01-02,DELIVERED
1292,283,2023-12-19,RETURNED
1293,1609,2024-10-25,DELIVERED
1294,1575,2022-11-14,RETURNED
1295,1461,2023-07-09,DELIVERED
1296,1502,2023-02-07,DELIVERED
1297,1881,2022-06-15,DELIVERED
1298,66,2024-08-27,RETURNED
1299,510,2024-03-02,DELIVERED
1300,1981,2022-07-20,RETURNED
1301,1885,2023-09-11,DELIVERED
1302,355,2024-06-11,DELIVERED
1303,661,2022-10-13,DELIVERED
1304,409,2023-05-28,DELIVERED
1305,1136,2023-02-13,DELIVERED
1306,176,2023-09-01,DELIVERED
1307,1287,2024-08-02,DELIVERED
1308,770,2024-06-13,DELIVERED
1309,1079,2024-06-24,DELIVERED
1310,1032,2024-01-03,DELIVERED
1311,876,2024-08-13,DELIVERED
1312,841,2024-08-02,DELIVERED
1313,1145,2022-02-24,RETURNED
1314,863,2022-07-01,CANCELLED
1315,1260,2023-09-12,CANCELLED
1316,1189,2024-11-14,DELIVERED
1317,1272,2023-08-24,DELIVERED
1318,1731,2024-03-15,DELIVERED
1319,1373,2022-01-13,DELIVERED
1320,1563,2024-11-26,DELIVERED
1321,112,2022-06-23,DELIVERED
1322,1700,2022-08-08,DELIVERED
1323,200,2023-08-19,DELIVERED
1324,1415,2023-11-10,RETURNED
1325,249,2024-11-12,CANCELLED
1326,109,2023-02-24,DELIVERED
1327,1152,2024-10-11,DELIVERED
1328,1834,2022-11-13,DELIVERED
1329,637,2022-01-14,CANCELLED
1330,1278,2023-02-16,DELIVERED
1331,1,2022-11-10,DELIVERED
1332,248,2024-11-30,DELIVERED
1333,419,2022-08-01,DELIVERED
1334,1706,2024-11-01,DELIVERED
1335,114,2022-09-07,DELIVERED
1336,991,2023-01-12,CANCELLED
1337,1724,2023-06-18,CANCELLED
1338,1396,2024-06-18,RETURNED
1339,1264,2022-09-10,DELIVERED
1340,1303,2022-02-14,DELIVERED
1341,1677,2023-05-08,DELIVERED
1342,1519,2023-02-15,DELIVERED
1343,594,2023-08-16,DELIVERED
1344,1965,2024-10-06,DELIVERED
1345,564,2024-03-12,DELIVERED
1346,1639,2022-08-08,DELIVERED
1347,1667,2024-05-20,DELIVERED
1348,581,2024-07-25,DELIVERED
1349,798,2022-01-23,DELIVERED
1350,70,2024-06-29,DELIVERED
1351,1858,2023-12-28,RETURNED
1352,959,2024-07-27,DELIVERED
1353,325,2024-01-03,DELIVERED
1354,1764,2024-10-27,DELIVERED
1355,1849,2024-12-11,DELIVERED
1356,129,2022-12-24,DELIVERED
1357,721,2023-11-26,DELIVERED
1358,1759,2022-10-14,DELIVERED
1359,1562,2023-09-13,RETURNED
1360,140,2024-09-17,DELIVERED
1361,967,2023-01-05,DELIVERED
1362,1900,2024-11-04,CANCELLED
1363,1077,2023-06-15,DELIVERED
1364,664,2023-12-14,DELIVERED
1365,1700,2024-04-06,DELIVERED
1366,61,2022-11-22,DELIVERED
1367,1363,2022-08-06,DELIVERED
1368,1392,2024-09-02,DELIVERED
1369,475,2023-04-30,DELIVERED
1370,1804,2022-12-23,CANCELLED
1371,787,2024-05-10,RETURNED
1372,127,2023-05-28,DELIVERED
1373,1735,2022-05-30,DELIVERED
1374,767,2022-03-02,RETURNED
1375,658,2022-08-09,DELIVERED
1376,774,2022-09-30,RETURNED
1377,1176,2023-02-14,DELIVERED
1378,1006,2024-06-15,DELIVERED
1379,462,2023-02-17,CANCELLED
1380,889,2024-12-18,CANCELLED
1381,394,2022-06-26,DELIVERED
1382,1289,2022-07-17,DELIVERED
1383,1659,2022-10-15,RETURNED
1384,737,2024-04-15,DELIVERED
1385,1771,2022-05-28,DELIVERED
1386,1398,2024-12-17,DELIVERED
1387,1705,2023-03-01,DELIVERED
1388,971,2024-10-22,DELIVERED
1389,1267,2022-10-10,CANCELLED
1390,899,2024-05-25,DELIVERED
1391,1790,2022-05-26,DELIVERED
1392,261,2024-11-25,DELIVERED
1393,242,2024-10-18,DELIVERED
1394,1232,2023-11-09,DELIVERED
1395,1683,2023-08-17,RETURNED
1396,515,2024-03-10,CANCELLED
1397,140,2022-11-20,RETURNED
1398,154,2024-12-30,DELIVERED
1399,1748,2024-11-26,RETURNED
1400,1025,2023-10-02,DELIVERED
1401,117,2022-08-16,DELIVERED
1402,1919,2023-06-23,DELIVERED
1403,67,2023-11-24,DELIVERED
1404,411,2023-11-17,RETURNED
1405,122,2022-10-13,DELIVERED
1406,1673,2023-11-07,RETURNED
1407,1359,2022-05-08,DELIVERED
1408,150,2022-03-14,DELIVERED
1409,145,2024-05-02,DELIVERED
1410,1255,2022-06-15,RETURNED
1411,981,2022-09-23,DELIVERED
1412,86,2022-08-02,DELIVERED
1413,1040,2023-04-07,DELIVERED
1414,884,2024-09-05,DELIVERED
1415,1741,2023-04-12,DELIVERED
1416,114,2022-02-23,CANCELLED
1417,1662,2023-02-06,DELIVERED
1418,1762,2024-02-16,DELIVERED
1419,1512,2022-02-07,DELIVERED
1420,107,2024-03-03,CANCELLED
1421,1425,2022-09-14,DELIVERED
1422,875,2022-10-10,DELIVERED
1423,242,2024-01-24,DELIVERED
1424,703,2024-06-13,RETURNED
1425,488,2023-04-21,DELIVERED
1426,21,2023-04-11,DELIVERED
1427,1542,2022-04-04,RETURNED
1428,31,2023-05-27,CANCELLED
1429,157,2022-04-27,DELIVERED
1430,370,2023-08-02,DELIVERED
1431,717,2023-05-16,RETURNED
1432,266,2024-03-25,DELIVERED
1433,251,2022-06-07,DELIVERED
1434,1922,2023-02-26,DELIVERED
1435,1506,2024-01-02,RETURNED
1436,1759,2023-03-28,DELIVERED
1437,620,2024-01-22,CANCELLED
1438,600,2023-05-16,DELIVERED
1439,548,2023-10-16,DELIVERED
1440,1032,2022-08-02,DELIVERED
1441,1845,2024-04-21,CANCELLED
1442,1274,2024-09-22,DELIVERED
1443,417,2022-10-08,CANCELLED
1444,1067,2023-04-18,DELIVERED
1445,1133,2023-03-08,DELIVERED
1446,1485,2022-10-18,DELIVERED
1447,482,2024-06-20,DELIVERED
1448,930,2022-08-22,DELIVERED
1449,1713,2022-03-11,DELIVERED
1450,1205,2024-02-26,DELIVERED
1451,1977,2022-06-23,DELIVERED
1452,1751,2024-02-26,DELIVERED
1453,1767,2024-02-23,DELIVERED
1454,91,2023-04-05,DELIVERED
1455,378,2024-06-01,DELIVERED
1456,1353,2023-09-17,DELIVERED
1457,1563,2023-12-14,RETURNED
1458,1864,2023-11-20,RETURNED
1459,1859,2023-06-22,CANCELLED
1460,1211,2023-03-20,CANCELLED
1461,699,2024-06-07,RETURNED
1462,1603,2022-04-27,CANCELLED
1463,1134,2024-03-05,RETURNED
1464,1910,2023-08-12,RETURNED
1465,1921,2024-12-31,DELIVERED
1466,1173,2024-11-28,DELIVERED
1467,1967,2024-02-20,DELIVERED
1468,1894,2023-05-03,DELIVERED
1469,32,2023-07-29,CANCELLED
1470,1948,2023-07-16,DELIVERED
1471,512,2023-08-29,DELIVERED
1472,809,2022-03-21,DELIVERED
1473,741,2023-07-05,DELIVERED
1474,1603,2022-01-26,DELIVERED
1475,1165,2023-10-20,CANCELLED
1476,1736,2023-01-02,DELIVERED
1477,36,2024-06-19,DELIVERED
1478,76,2024-01-05,DELIVERED
1479,1730,2023-03-23,DELIVERED
1480,1187,2022-06-12,DELIVERED
1481,1250,2023-10-06,RETURNED
1482,903,2023-01-04,DELIVERED
1483,1612,2023-07-20,DELIVERED
1484,1014,2022-09-18,DELIVERED
1485,358,2022-10-28,RETURNED
1486,1344,2022-04-12,DELIVERED
1487,1341,2022-03-20,DELIVERED
1488,1038,2024-06-20,DELIVERED
1489,86,2023-04-12,DELIVERED
1490,1464,2023-06-15,RETURNED
1491,34,2023-12-25,DELIVERED
1492,92,2023-04-26,DELIVERED
1493,159,2024-11-04,DELIVERED
1494,1047,2022-06-08,DELIVERED
1495,668,2024-01-31,CANCELLED
1496,1395,2024-05-01,DELIVERED
1497,874,2023-08-03,DELIVERED
1498,669,2024-01-08,DELIVERED
1499,836,2024-02-07,DELIVERED
1500,1994,2023-08-26,DELIVERED
1501,329,2024-01-25,DELIVERED
1502,1906,2022-11-04,RETURNED
1503,53,2022-08-06,DELIVERED
1504,1655,2023-10-04,DELIVERED
1505,1600,2024-11-06,CANCELLED
1506,1460,2023-12-06,RETURNED
1507,776,2022-03-08,DELIVERED
1508,308,2024-02-20,CANCELLED
1509,1330,2022-06-10,RETURNED
1510,1964,2023-04-05,DELIVERED
1511,1177,2024-05-06,DELIVERED
1512,249,2024-12-16,CANCELLED
1513,1244,2024-08-25,DELIVERED
1514,1066,2024-06-22,DELIVERED
1515,400,2023-08-24,RETURNED
1516,674,2023-05-13,CANCELLED
1517,742,2023-04-18,DELIVERED
1518,1533,2022-08-25,DELIVERED
1519,912,2024-04-19,DELIVERED
1520,721,2024-11-01,DELIVERED
1521,742,2024-09-18,DELIVERED
1522,920,2024-05-07,DELIVERED
1523,1696,2022-09-14,RETURNED
1524,502,2024-04-14,DELIVERED
1525,1364,2022-10-10,DELIVERED
1526,1630,2023-08-11,DELIVERED
1527,242,2022-06-16,DELIVERED
1528,1035,2022-10-31,DELIVERED
1529,1296,2023-02-10,RETURNED
1530,1795,2024-07-18,DELIVERED
1531,248,2024-05-07,DELIVERED
1532,1136,2024-08-20,CANCELLED
1533,259,2022-03-11,CANCELLED
1534,50,2022-12-08,RETURNED
1535,272,2024-11-20,RETURNED
1536,1882,2024-03-05,RETURNED
1537,726,2022-09-19,DELIVERED
1538,1141,2023-05-10,CANCELLED
1539,244,2023-11-21,RETURNED
1540,1840,2023-11-21,DELIVERED
1541,1263,2022-08-09,RETURNED
1542,93,2022-06-01,CANCELLED
1543,727,2024-07-08,RETURNED
1544,1292,2024-07-10,CANCELLED
1545,893,2023-08-16,CANCELLED
1546,1434,2022-10-03,CANCELLED
1547,1483,2024-11-09,DELIVERED
1548,1835,2022-01-16,DELIVERED
1549,758,2024-07-17,DELIVERED
1550,899,2022-12-28,DELIVERED
1551,1205,2023-07-27,RETURNED
1552,199,2023-04-21,DELIVERED
1553,699,2022-04-09,DELIVERED
1554,1838,2024-12-11,DELIVERED
1555,1729,2024-05-23,DELIVERED
1556,787,2023-10-15,CANCELLED
1557,1953,2022-10-21,DELIVERED
1558,1936,2023-03-08,DELIVERED
1559,570,2023-10-06,DELIVERED
1560,584,2022-12-06,DELIVERED
1561,561,2024-09-23,DELIVERED
1562,1814,2022-12-13,DELIVERED
1563,1880,2023-06-16,RETURNED
1564,1544,2022-08-06,RETURNED
1565,1365,2023-07-25,DELIVERED
1566,424,2024-11-07,CANCELLED
1567,57,2022-03-23,RETURNED
1568,1106,2023-02-04,DELIVERED
1569,1705,2022-02-22,DELIVERED
1570,578,2024-05-23,CANCELLED
1571,1067,2022-09-16,CANCELLED
1572,605,2022-08-13,CANCELLED
1573,1883,2022-09-03,DELIVERED
1574,886,2024-10-07,DELIVERED
1575,1771,2022-10-08,RETURNED
1576,1499,2022-08-27,RETURNED
1577,1646,2022-06-11,CANCELLED
1578,456,2022-06-02,DELIVERED
1579,1039,2023-11-18,DELIVERED
1580,1292,2024-11-16,DELIVERED
1581,152,2023-10-07,RETURNED
1582,79,2024-06-06,DELIVERED
1583,1445,2024-12-03,DELIVERED
1584,1724,2022-03-14,RETURNED
1585,1285,2022-01-17,DELIVERED
1586,1201,2024-02-10,RETURNED
1587,451,2023-02-05,DELIVERED
1588,311,2024-09-19,CANCELLED
1589,1503,2024-10-14,DELIVERED
1590,407,2022-07-01,RETURNED
1591,1756,2023-03-15,DELIVERED
1592,138,2024-10-01,DELIVERED
1593,428,2022-12-31,DELIVERED
1594,1409,2023-06-23,DELIVERED
1595,1293,2023-04-26,DELIVERED
1596,992,2024-12-22,DELIVERED
1597,369,2023-09-07,CANCELLED
1598,1793,2023-08-22,DELIVERED
1599,1004,2024-03-14,DELIVERED
1600,1113,2024-09-12,DELIVERED
1601,449,2022-08-19,RETURNED
1602,1837,2023-08-12,DELIVERED
1603,916,2023-10-29,DELIVERED
1604,871,2022-08-26,DELIVERED
1605,1959,2023-10-16,DELIVERED
1606,712,2024-03-26,CANCELLED
1607,1585,2024-09-17,CANCELLED
1608,1770,2024-09-28,DELIVERED
1609,1408,2023-04-26,DELIVERED
1610,549,2024-11-05,DELIVERED
1611,1743,2024-04-17,DELIVERED
1612,1581,2023-10-24,DELIVERED
1613,651,2024-04-22,DELIVERED
1614,906,2024-05-20,DELIVERED
1615,1869,2022-04-22,DELIVERED
1616,1492,2023-03-25,DELIVERED
1617,1677,2022-04-04,DELIVERED
1618,840,2023-03-30,DELIVERED
1619,342,2023-02-27,CANCELLED
1620,226,2023-11-07,DELIVERED
1621,1106,2022-02-10,RETURNED
1622,44,2024-02-16,DELIVERED
1623,1444,2023-11-14,RETURNED
1624,1571,2022-05-10,DELIVERED
1625,1063,2023-03-08,DELIVERED
1626,407,2022-11-18,CANCELLED
1627,811,2023-04-15,DELIVERED
1628,331,2024-02-05,DELIVERED
1629,442,2023-05-25,RETURNED
1630,74,2022-02-11,CANCELLED
1631,1079,2022-07-29,DELIVERED
1632,1621,2024-09-20,DELIVERED
1633,580,2023-09-10,DELIVERED
1634,1294,2023-05-22,DELIVERED
1635,1536,2022-09-11,CANCELLED
1636,774,2024-03-31,DELIVERED
1637,1517,2023-07-07,RETURNED
1638,157,2022-06-01,DELIVERED
1639,1441,2024-04-30,DELIVERED
1640,1521,2022-11-07,DELIVERED
1641,1205,2024-03-12,DELIVERED
1642,1241,2023-10-02,CANCELLED
1643,871,2024-11-15,CANCELLED
1644,619,2023-07-16,DELIVERED
1645,205,2023-06-26,RETURNED
1646,1181,2024-08-23,DELIVERED
1647,880,2022-07-10,DELIVERED
1648,833,2023-07-25,DELIVERED
1649,1859,2024-12-28,DELIVERED
1650,784,2022-02-05,RETURNED
1651,1491,2024-03-17,RETURNED
1652,1563,2022-08-10,DELIVERED
1653,1184,2022-02-20,DELIVERED
1654,476,2024-07-04,DELIVERED
1655,1154,2022-08-12,DELIVERED
1656,681,2022-10-22,CANCELLED
1657,1999,2022-06-21,DELIVERED
1658,347,2023-03-02,RETURNED
1659,1004,2023-05-27,DELIVERED
1660,826,2024-08-27,DELIVERED
1661,1720,2023-04-22,DELIVERED
1662,1011,2023-06-01,DELIVERED
1663,1517,2023-11-23,CANCELLED
1664,75,2023-10-21,DELIVERED
1665,1227,2024-04-12,RETURNED
1666,550,2023-03-05,CANCELLED
1667,1628,2024-09-27,DELIVERED
1668,642,2023-04-28,DELIVERED
1669,1452,2024-09-16,DELIVERED
1670,1759,2022-06-16,RETURNED
1671,872,2022-06-08,DELIVERED
1672,1551,2022-01-28,DELIVERED
1673,1533,2022-09-06,DELIVERED
1674,897,2022-08-21,DELIVERED
1675,869,2024-10-11,DELIVERED
1676,1645,2024-12-10,DELIVERED
1677,1534,2024-05-06,DELIVERED
1678,608,2022-08-29,DELIVERED
1679,603,2023-07-10,DELIVERED
1680,1260,2024-02-01,DELIVERED
1681,340,2022-10-17,DELIVERED
1682,1403,2023-02-23,CANCELLED
1683,1950,2024-01-31,DELIVERED
1684,515,2024-08-24,DELIVERED
1685,1918,2023-11-08,RETURNED
1686,1475,2022-10-05,DELIVERED
1687,1465,2024-08-28,DELIVERED
1688,853,2023-01-03,DELIVERED
1689,138,2022-01-12,DELIVERED
1690,385,2023-02-13,DELIVERED
1691,1102,2024-07-28,DELIVERED
1692,126,2024-08-17,DELIVERED
1693,137,2023-12-19,DELIVERED
1694,1810,2023-04-08,DELIVERED
1695,29,2023-01-30,DELIVERED
1696,1681,2024-05-22,DELIVERED
1697,627,2024-01-23,DELIVERED
1698,826,2023-06-06,DELIVERED
1699,1314,2023-02-19,DELIVERED
1700,313,2022-07-30,CANCELLED
1701,574,2023-01-01,DELIVERED
1702,210,2022-09-17,CANCELLED
1703,1203,2024-02-24,DELIVERED
1704,1582,2023-07-22,RETURNED
1705,1510,2024-08-27,DELIVERED
1706,6,2023-04-20,RETURNED
1707,188,2022-10-28,DELIVERED
1708,974,2022-01-01,DELIVERED
1709,1835,2022-04-17,DELIVERED
1710,1654,2024-06-19,DELIVERED
1711,967,2023-11-01,DELIVERED
1712,1557,2022-08-29,DELIVERED
1713,806,2024-02-12,CANCELLED
1714,1447,2024-08-29,DELIVERED
1715,1718,2024-12-05,DELIVERED
1716,161,2023-03-15,RETURNED
1717,1937,2023-07-23,CANCELLED
1718,1721,2024-06-14,DELIVERED
1719,1004,2023-05-29,DELIVERED
1720,1143,2024-06-10,DELIVERED
1721,365,2022-02-21,RETURNED
1722,1752,2024-08-12,CANCELLED
1723,709,2024-05-18,DELIVERED
1724,1147,2023-01-27,DELIVERED
1725,367,2022-01-22,DELIVERED
1726,740,2024-12-13,DELIVERED
1727,1201,2023-09-28,DELIVERED
1728,1866,2024-01-26,RETURNED
1729,1030,2022-01-27,DELIVERED
1730,69,2023-07-18,DELIVERED
1731,816,2022-03-31,RETURNED
1732,1443,2023-06-03,DELIVERED
1733,118,2022-03-04,RETURNED
1734,1900,2024-08-22,RETURNED
1735,1295,2024-07-19,DELIVERED
1736,970,2022-08-01,DELIVERED
1737,60,2022-11-10,CANCELLED
1738,363,2022-09-27,DELIVERED
1739,1709,2022-09-02,DELIVERED
1740,1306,2022-05-08,DELIVERED
1741,1757,2023-07-23,RETURNED
1742,398,2022-02-04,DELIVERED
1743,1377,2023-10-11,RETURNED
1744,347,2024-01-21,DELIVERED
1745,1927,2024-04-05,DELIVERED
1746,1368,2022-05-06,DELIVERED
1747,1690,2024-10-24,DELIVERED
1748,547,2022-06-21,DELIVERED
1749,92,2023-07-19,DELIVERED
1750,1411,2024-11-01,DELIVERED
1751,1302,2022-01-07,DELIVERED
1752,1149,2023-12-20,DELIVERED
1753,955,2022-06-26,DELIVERED
1754,949,2022-06-30,DELIVERED
1755,186,2023-01-09,CANCELLED
1756,381,2023-10-13,DELIVERED
1757,1978,2022-02-11,CANCELLED
1758,1616,2022-01-22,DELIVERED
1759,768,2024-07-31,DELIVERED
1760,1484,2023-05-21,DELIVERED
1761,1395,2023-01-27,CANCELLED
1762,1512,2022-09-29,DELIVERED
1763,777,2023-08-11,DELIVERED
1764,288,2023-10-09,DELIVERED
1765,1711,2023-01-21,DELIVERED
1766,409,2022-12-29,RETURNED
1767,532,2024-06-19,DELIVERED
1768,1004,2023-12-29,DELIVERED
1769,715,2024-12-07,DELIVERED
1770,1293,2022-12-16,DELIVERED
1771,1710,2024-02-29,DELIVERED
1772,1165,2023-03-08,RETURNED
1773,889,2023-12-12,DELIVERED
1774,1397,2023-08-15,DELIVERED
1775,1433,2024-10-28,DELIVERED
1776,1522,2023-07-05,DELIVERED
1777,1584,2023-03-08,DELIVERED
1778,958,2023-06-19,DELIVERED
1779,237,2024-11-24,DELIVERED
1780,382,2024-08-31,DELIVERED
1781,1202,2023-10-24,DELIVERED
1782,774,2022-03-11,DELIVERED
1783,215,2024-01-05,RETURNED
1784,17,2022-11-22,DELIVERED
1785,686,2023-11-21,DELIVERED
1786,206,2023-01-19,RETURNED
1787,628,2022-11-30,DELIVERED
1788,382,2022-02-14,DELIVERED
1789,1263,2024-07-23,DELIVERED
1790,1423,2024-06-09,CANCELLED
1791,970,2023-05-14,DELIVERED
1792,765,2023-11-23,DELIVERED
1793,822,2023-09-07,DELIVERED
1794,1903,2023-04-25,CANCELLED
1795,1845,2024-11-04,DELIVERED
1796,873,2023-07-06,RETURNED
1797,821,2022-02-28,DELIVERED
1798,341,2023-09-08,RETURNED
1799,1977,2024-12-09,DELIVERED
1800,1992,2022-10-13,DELIVERED
1801,683,2022-04-21,RETURNED
1802,634,2022-10-17,CANCELLED
1803,940,2024-03-21,DELIVERED
1804,2,2022-10-30,DELIVERED
1805,353,2023-09-10,DELIVERED
1806,379,2023-04-29,RETURNED
1807,895,2022-07-04,CANCELLED
1808,316,2024-02-06,DELIVERED
1809,327,2023-12-07,DELIVERED
1810,1127,2024-03-18,DELIVERED
1811,1870,2024-08-25,DELIVERED
1812,1703,2024-08-07,CANCELLED
1813,1563,2022-07-16,DELIVERED
1814,652,2022-10-01,DELIVERED
1815,670,2023-08-03,CANCELLED
1816,1496,2024-05-19,DELIVERED
1817,1094,2022-05-27,DELIVERED
1818,1372,2022-02-25,DELIVERED
1819,1247,2022-12-31,CANCELLED
1820,756,2024-01-12,DELIVERED
1821,1686,2022-01-04,DELIVERED
1822,1540,2024-03-26,RETURNED
1823,1323,2023-04-17,DELIVERED
1824,385,2022-04-01,DELIVERED
1825,892,2022-07-10,DELIVERED
1826,1340,2023-01-04,DELIVERED
1827,584,2023-09-30,DELIVERED
1828,1682,2024-09-11,DELIVERED
1829,1964,2024-05-13,DELIVERED
1830,816,2024-11-25,CANCELLED
1831,953,2022-06-19,DELIVERED
1832,1501,2022-07-27,DELIVERED
1833,829,2022-01-26,DELIVERED
1834,264,2024-11-04,DELIVERED
1835,932,2022-01-24,DELIVERED
1836,1966,2024-04-02,DELIVERED
1837,112,2023-09-13,DELIVERED
1838,1520,2022-08-26,DELIVERED
1839,1644,2024-07-11,DELIVERED
1840,1600,2024-08-27,CANCELLED
1841,1729,2024-12-31,RETURNED
1842,229,2023-01-02,RETURNED
1843,1089,2024-02-25,RETURNED
1844,164,2022-11-04,DELIVERED
1845,1942,2023-06-13,DELIVERED
1846,1665,2024-07-20,DELIVERED
1847,952,2023-07-31,DELIVERED
1848,1778,2024-09-29,DELIVERED
1849,103,2024-01-27,DELIVERED
1850,692,2023-08-30,CANCELLED
1851,49,2023-07-02,DELIVERED
1852,731,2024-05-04,DELIVERED
1853,665,2023-09-02,DELIVERED
1854,1221,2022-08-17,DELIVERED
1855,75,2024-12-24,CANCELLED
1856,510,2022-12-25,DELIVERED
1857,194,2022-09-16,CANCELLED
1858,1297,2024-10-07,DELIVERED
1859,563,2023-12-09,RETURNED
1860,1412,2023-05-15,RETURNED
1861,1851,2024-12-08,DELIVERED
1862,84,2022-06-06,DELIVERED
1863,79,2022-10-28,DELIVERED
1864,1483,2022-07-27,DELIVERED
1865,1486,2022-06-11,DELIVERED
1866,1305,2023-09-11,DELIVERED
1867,46,2023-01-12,RETURNED
1868,527,2022-06-12,CANCELLED
1869,888,2022-08-27,CANCELLED
1870,1170,2023-06-19,RETURNED
1871,1261,2024-11-18,DELIVERED
1872,1626,2023-05-15,DELIVERED
1873,101,2024-02-06,DELIVERED
1874,441,2024-06-13,DELIVERED
1875,1411,2023-01-16,DELIVERED
1876,1376,2022-04-04,DELIVERED
1877,1864,2023-01-07,DELIVERED
1878,559,2022-01-11,DELIVERED
1879,39,2024-04-28,DELIVERED
1880,563,2023-07-01,DELIVERED
1881,1619,2023-10-14,DELIVERED
1882,461,2022-02-07,CANCELLED
1883,453,2022-05-11,DELIVERED
1884,1492,2024-08-01,DELIVERED
1885,1301,2023-11-05,DELIVERED
1886,975,2022-01-26,DELIVERED
1887,655,2023-12-11,CANCELLED
1888,311,2024-08-04,RETURNED
1889,1022,2023-03-08,DELIVERED
1890,349,2024-03-09,DELIVERED
1891,67,2022-06-10,DELIVERED
1892,1150,2023-12-09,DELIVERED
1893,1532,2024-12-20,DELIVERED
1894,598,2023-10-08,DELIVERED
1895,958,2022-03-02,DELIVERED
1896,1198,2022-12-08,DELIVERED
1897,1157,2024-06-02,DELIVERED
1898,1567,2022-02-17,CANCELLED
1899,582,2024-10-02,RETURNED
1900,769,2022-09-27,DELIVERED
1901,1944,2022-09-10,DELIVERED
1902,448,2023-03-09,RETURNED
1903,1169,2023-08-16,DELIVERED
1904,326,2024-04-01,DELIVERED
1905,721,2023-03-22,DELIVERED
1906,1228,2023-07-26,DELIVERED
1907,744,2022-08-05,DELIVERED
1908,1407,2023-10-13,DELIVERED
1909,1091,2024-03-14,DELIVERED
1910,828,2024-10-10,CANCELLED
1911,587,2024-07-09,DELIVERED
1912,1789,2022-12-30,DELIVERED
1913,7,2024-12-26,CANCELLED
1914,1563,2024-08-08,DELIVERED
1915,1400,2022-07-21,DELIVERED
1916,1338,2024-05-06,RETURNED
1917,841,2023-01-22,DELIVERED
1918,1268,2023-04-05,DELIVERED
1919,1270,2024-10-27,RETURNED
1920,1228,2024-04-17,RETURNED
1921,666,2023-05-27,DELIVERED
1922,1282,2024-08-24,DELIVERED
1923,1950,2024-01-29,DELIVERED
1924,1232,2024-03-08,DELIVERED
1925,1769,2023-01-31,RETURNED
1926,331,2024-07-26,DELIVERED
1927,1792,2023-05-06,DELIVERED
1928,1920,2023-02-14,DELIVERED
1929,601,2022-05-13,RETURNED
1930,424,2024-08-02,DELIVERED
1931,1401,2024-06-27,RETURNED
1932,1632,2022-12-29,RETURNED
1933,1025,2022-08-16,CANCELLED
1934,1716,2023-11-10,RETURNED
1935,1862,2022-11-23,DELIVERED
1936,1479,2022-05-24,DELIVERED
1937,67,2024-04-12,RETURNED
1938,963,2024-02-29,DELIVERED
1939,855,2023-06-17,RETURNED
1940,1101,2022-09-05,CANCELLED
1941,1244,2024-12-29,CANCELLED
1942,899,2024-09-11,CANCELLED
1943,123,2023-08-23,CANCELLED
1944,1697,2022-03-23,DELIVERED
1945,1468,2024-11-13,DELIVERED
1946,902,2024-05-27,CANCELLED
1947,213,2022-10-26,CANCELLED
1948,1553,2022-08-17,CANCELLED
1949,751,2024-04-25,DELIVERED
1950,291,2023-05-13,CANCELLED
1951,431,2023-06-26,DELIVERED
1952,1315,2022-06-01,DELIVERED
1953,1453,2024-10-03,CANCELLED
1954,1551,2023-06-17,DELIVERED
1955,1412,2024-06-29,DELIVERED
1956,923,2023-06-13,DELIVERED
1957,1218,2022-03-15,CANCELLED
1958,304,2024-12-04,DELIVERED
1959,453,2024-01-30,DELIVERED
1960,1462,2023-08-20,DELIVERED
1961,1467,2022-11-21,DELIVERED
1962,625,2024-08-31,CANCELLED
1963,1379,2023-08-27,DELIVERED
1964,1650,2022-09-21,DELIVERED
1965,599,2024-02-26,DELIVERED
1966,467,2022-02-27,RETURNED
1967,1195,2023-09-13,DELIVERED
1968,25,2023-06-16,DELIVERED
1969,1042,2024-11-24,DELIVERED
1970,1267,2022-12-15,RETURNED
1971,1319,2022-11-16,DELIVERED
1972,1027,2023-10-06,DELIVERED
1973,775,2024-09-20,DELIVERED
1974,1784,2024-12-11,DELIVERED
1975,992,2024-02-17,DELIVERED
1976,1940,2022-05-13,DELIVERED
1977,634,2023-02-27,DELIVERED
1978,570,2022-09-02,DELIVERED
1979,731,2024-10-18,DELIVERED
1980,1870,2022-01-25,CANCELLED
1981,1733,2024-12-09,RETURNED
1982,1519,2023-02-19,DELIVERED
1983,68,2024-03-27,DELIVERED
1984,1950,2023-11-06,DELIVERED
1985,556,2024-12-31,CANCELLED
1986,1102,2022-06-12,RETURNED
1987,115,2024-07-03,DELIVERED
1988,508,2023-05-17,DELIVERED
1989,1515,2023-01-10,DELIVERED
1990,1333,2023-05-17,DELIVERED
1991,1470,2024-07-23,DELIVERED
1992,1248,2023-06-29,DELIVERED
1993,188,2023-01-25,CANCELLED
1994,1879,2022-05-11,RETURNED
1995,272,2024-12-06,DELIVERED
1996,426,2023-04-12,DELIVERED
1997,1560,2024-09-04,DELIVERED
1998,1100,2022-04-15,DELIVERED
1999,1299,2022-05-30,DELIVERED
2000,239,2024-06-24,DELIVERED
2001,405,2022-07-24,DELIVERED
2002,441,2024-09-24,DELIVERED
2003,20,2024-05-30,RETURNED
2004,229,2024-06-25,CANCELLED
2005,399,2024-07-23,RETURNED
2006,516,2024-04-13,DELIVERED
2007,1009,2022-12-28,DELIVERED
2008,990,2024-11-19,DELIVERED
2009,1322,2023-09-06,DELIVERED
2010,1090,2023-05-25,DELIVERED
2011,1389,2024-10-27,DELIVERED
2012,902,2022-08-17,RETURNED
2013,1937,2023-01-09,DELIVERED
2014,654,2024-11-09,DELIVERED
2015,335,2023-01-02,DELIVERED
2016,885,2023-09-16,DELIVERED
2017,1766,2024-06-26,DELIVERED
2018,1407,2023-01-10,DELIVERED
2019,223,2023-04-20,DELIVERED
2020,1028,2023-09-18,DELIVERED
2021,1087,2024-08-24,DELIVERED
2022,615,2023-03-07,DELIVERED
2023,317,2023-10-26,DELIVERED
2024,1570,2024-03-22,CANCELLED
2025,1746,2022-11-20,DELIVERED
2026,322,2023-10-29,RETURNED
2027,971,2024-05-03,CANCELLED
2028,552,2023-04-14,RETURNED
2029,967,2023-09-14,DELIVERED
2030,628,2023-11-15,CANCELLED
2031,1699,2023-10-08,DELIVERED
2032,872,2024-03-16,CANCELLED
2033,12,2024-04-07,DELIVERED
2034,838,2023-12-26,DELIVERED
2035,287,2024-07-24,CANCELLED
2036,40,2023-02-19,DELIVERED
2037,1468,2023-06-09,DELIVERED
2038,765,2022-02-18,DELIVERED
2039,1620,2024-02-23,DELIVERED
2040,1147,2023-02-13,CANCELLED
2041,1265,2024-10-27,DELIVERED
2042,562,2022-08-07,DELIVERED
2043,329,2023-10-29,CANCELLED
2044,1929,2024-08-20,RETURNED
2045,1939,2022-04-05,CANCELLED
2046,799,2024-09-24,DELIVERED
2047,1243,2024-02-08,DELIVERED
2048,115,2023-12-03,DELIVERED
2049,757,2024-06-16,RETURNED
2050,228,2024-08-24,DELIVERED
2051,1536,2022-06-01,DELIVERED
2052,1588,2024-04-27,CANCELLED
2053,1790,2022-11-05,DELIVERED
2054,1176,2023-02-14,DELIVERED
2055,898,2023-05-18,DELIVERED
2056,1120,2023-06-18,DELIVERED
2057,1674,2023-08-20,DELIVERED
2058,288,2022-05-20,RETURNED
2059,1433,2023-10-05,RETURNED
2060,740,2024-07-02,CANCELLED
2061,440,2023-01-13,DELIVERED
2062,467,2024-08-01,DELIVERED
2063,408,2023-06-15,DELIVERED
2064,1532,2022-02-17,DELIVERED
2065,1316,2024-04-21,DELIVERED
2066,1651,2024-09-23,CANCELLED
2067,1704,2024-12-18,DELIVERED
2068,1050,2024-02-04,DELIVERED
2069,896,2022-03-07,RETURNED
2070,1789,2023-11-01,CANCELLED
2071,1008,2023-08-02,DELIVERED
2072,1300,2022-05-18,CANCELLED
2073,1158,2022-07-08,RETURNED
2074,1599,2022-08-19,DELIVERED
2075,1636,2024-11-17,CANCELLED
2076,180,2024-08-17,DELIVERED
2077,391,2022-05-30,CANCELLED
2078,883,2023-07-22,DELIVERED
2079,1822,2022-11-08,DELIVERED
2080,150,2023-01-08,DELIVERED
2081,696,2024-07-18,DELIVERED
2082,1419,2024-06-04,RETURNED
2083,823,2023-08-25,DELIVERED
2084,1697,2024-03-09,DELIVERED
2085,462,2023-10-23,DELIVERED
2086,531,2023-04-02,DELIVERED
2087,1573,2023-10-31,DELIVERED
2088,1339,2023-02-15,CANCELLED
2089,1177,2023-12-28,RETURNED
2090,1465,2022-11-09,DELIVERED
2091,304,2023-02-27,DELIVERED
2092,207,2022-02-23,DELIVERED
2093,1935,2022-03-22,CANCELLED
2094,1107,2023-12-15,RETURNED
2095,671,2023-10-08,RETURNED
2096,1348,2023-03-04,DELIVERED
2097,335,2024-05-18,RETURNED
2098,478,2023-03-21,CANCELLED
2099,56,2022-10-09,RETURNED
2100,1935,2024-06-19,DELIVERED
2101,1942,2024-02-08,DELIVERED
2102,1777,2023-03-04,DELIVERED
2103,916,2024-06-17,DELIVERED
2104,422,2024-02-19,DELIVERED
2105,256,2022-07-10,RETURNED
2106,1038,2024-11-23,DELIVERED
2107,1550,2023-03-06,DELIVERED
2108,1002,2024-01-04,CANCELLED
2109,649,2024-04-30,DELIVERED
2110,186,2024-11-04,DELIVERED
2111,523,2024-11-07,DELIVERED
2112,936,2022-02-03,DELIVERED
2113,1646,2024-05-10,DELIVERED
2114,1757,2022-07-24,DELIVERED
2115,1937,2023-09-27,CANCELLED
2116,890,2023-09-08,DELIVERED
2117,1437,2022-06-22,DELIVERED
2118,1660,2024-03-09,RETURNED
2119,33,2023-07-17,CANCELLED
2120,1838,2023-10-25,DELIVERED
2121,1736,2023-05-25,DELIVERED
2122,19,2022-09-20,DELIVERED
2123,288,2024-08-20,CANCELLED
2124,126,2023-03-06,RETURNED
2125,1354,2023-08-24,DELIVERED
2126,850,2022-11-19,DELIVERED
2127,358,2024-11-28,RETURNED
2128,1520,2023-01-07,DELIVERED
2129,1895,2022-08-13,CANCELLED
2130,62,2024-10-15,DELIVERED
2131,827,2024-02-04,RETURNED
2132,544,2023-10-20,DELIVERED
2133,53,2023-11-11,DELIVERED
2134,964,2022-03-12,CANCELLED
2135,296,2024-04-14,DELIVERED
2136,773,2024-12-11,DELIVERED
2137,206,2022-01-31,DELIVERED
2138,457,2022-07-08,DELIVERED
2139,136,2022-08-19,RETURNED
2140,952,2024-04-30,RETURNED
2141,1100,2024-06-20,DELIVERED
2142,1236,2022-01-02,DELIVERED
2143,962,2023-06-11,DELIVERED
2144,1345,2024-01-19,RETURNED
2145,1369,2022-07-17,DELIVERED
2146,1534,2023-02-06,DELIVERED
2147,1055,2022-09-23,CANCELLED
2148,293,2023-04-07,DELIVERED
2149,1523,2022-07-14,CANCELLED
2150,579,2022-08-04,DELIVERED
2151,514,2023-01-14,CANCELLED
2152,617,2023-11-05,CANCELLED
2153,947,2024-11-30,DELIVERED
2154,1810,2023-07-01,CANCELLED
2155,270,2023-11-03,DELIVERED
2156,1355,2022-10-25,DELIVERED
2157,1915,2022-03-12,CANCELLED
2158,1638,2024-02-28,DELIVERED
2159,1627,2023-02-10,RETURNED
2160,30,2022-10-20,DELIVERED
2161,1711,2023-05-03,DELIVERED
2162,661,2022-01-24,DELIVERED
2163,991,2023-12-06,DELIVERED
2164,1781,2024-04-10,DELIVERED
2165,440,2024-07-17,DELIVERED
2166,1118,2024-06-19,DELIVERED
2167,573,2024-11-19,RETURNED
2168,691,2023-01-17,DELIVERED
2169,1653,2024-09-25,CANCELLED
2170,935,2022-07-17,DELIVERED
2171,702,2024-11-29,DELIVERED
2172,1602,2024-01-19,DELIVERED
2173,53,2022-09-16,DELIVERED
2174,1997,2024-07-25,CANCELLED
2175,247,2023-08-29,DELIVERED
2176,712,2023-09-21,DELIVERED
2177,1134,2022-06-19,RETURNED
2178,1991,2024-10-30,DELIVERED
2179,1680,2024-11-12,DELIVERED
2180,1721,2023-03-31,CANCELLED
2181,407,2023-12-26,DELIVERED
2182,1598,2022-11-07,DELIVERED
2183,1087,2024-12-11,DELIVERED
2184,1092,2024-01-13,DELIVERED
2185,1421,2024-12-23,DELIVERED
2186,326,2022-07-25,DELIVERED
2187,1301,2023-04-09,CANCELLED
2188,1539,2022-11-08,DELIVERED
2189,1957,2024-05-18,RETURNED
2190,571,2022-04-11,RETURNED
2191,1944,2024-03-31,DELIVERED
2192,1846,2024-12-04,RETURNED
2193,1831,2024-09-02,DELIVERED
2194,279,2023-09-07,DELIVERED
2195,515,2023-10-01,DELIVERED
2196,1503,2022-05-17,DELIVERED
2197,841,2022-10-15,DELIVERED
2198,1685,2022-11-25,CANCELLED
2199,1653,2023-05-12,DELIVERED
2200,327,2024-05-08,DELIVERED
2201,397,2023-05-25,CANCELLED
2202,145,2023-04-09,RETURNED
2203,566,2022-10-15,RETURNED
2204,253,2022-11-07,DELIVERED
2205,292,2023-07-19,CANCELLED
2206,23,2022-08-29,DELIVERED
2207,1074,2022-07-30,CANCELLED
2208,1226,2024-08-22,DELIVERED
2209,898,2023-09-04,CANCELLED
2210,1109,2024-07-19,DELIVERED
2211,1803,2023-12-01,RETURNED
2212,1945,2022-03-25,DELIVERED
2213,1826,2023-06-08,DELIVERED
2214,956,2024-05-22,DELIVERED
2215,1795,2024-09-24,CANCELLED
2216,461,2024-12-06,DELIVERED
2217,1499,2024-01-13,DELIVERED
2218,1741,2024-10-09,CANCELLED
2219,1973,2024-06-04,DELIVERED
2220,1307,2022-08-04,RETURNED
2221,574,2023-07-19,RETURNED
2222,1312,2024-11-06,DELIVERED
2223,1366,2023-05-30,RETURNED
2224,171,2022-01-27,DELIVERED
2225,1651,2024-09-21,DELIVERED
2226,1014,2023-03-30,DELIVERED
2227,1364,2023-06-29,DELIVERED
2228,1600,2024-09-26,DELIVERED
2229,1716,2024-02-09,DELIVERED
2230,1783,2024-02-23,DELIVERED
2231,221,2022-07-21,DELIVERED
2232,241,2023-05-04,DELIVERED
2233,1378,2024-05-13,CANCELLED
2234,1472,2022-03-23,DELIVERED
2235,1615,2024-06-20,RETURNED
2236,1175,2024-12-06,DELIVERED
2237,817,2024-06-03,DELIVERED
2238,53,2023-03-19,DELIVERED
2239,50,2023-11-05,DELIVERED
2240,1886,2024-04-24,CANCELLED
2241,1494,2024-07-24,CANCELLED
2242,520,2024-01-05,CANCELLED
2243,705,2023-12-23,RETURNED
2244,510,2023-07-21,DELIVERED
2245,98,2023-10-27,DELIVERED
2246,1301,2023-06-23,CANCELLED
2247,329,2023-03-05,DELIVERED
2248,1769,2023-10-22,CANCELLED
2249,1543,2023-12-15,CANCELLED
2250,353,2024-10-20,RETURNED
2251,684,2023-12-22,DELIVERED
2252,1516,2023-04-12,DELIVERED
2253,627,2022-07-27,RETURNED
2254,186,2024-04-11,DELIVERED
2255,1019,2023-01-17,CANCELLED
2256,415,2023-06-27,RETURNED
2257,995,2023-12-20,DELIVERED
2258,897,2024-01-11,CANCELLED
2259,1965,2022-12-12,DELIVERED
2260,229,2023-01-24,DELIVERED
2261,1862,2024-11-02,CANCELLED
2262,1148,2023-08-30,CANCELLED
2263,1103,2022-12-31,DELIVERED
2264,1425,2022-06-05,DELIVERED
2265,186,2024-04-08,RETURNED
2266,299,2023-11-28,DELIVERED
2267,813,2022-09-30,RETURNED
2268,213,2023-08-25,DELIVERED
2269,1989,2022-06-18,DELIVERED
2270,461,2024-06-25,CANCELLED
2271,504,2022-11-14,DELIVERED
2272,561,2022-02-23,DELIVERED
2273,1707,2023-03-25,DELIVERED
2274,463,2024-06-20,DELIVERED
2275,443,2022-10-25,DELIVERED
2276,500,2022-02-12,RETURNED
2277,990,2024-06-17,DELIVERED
2278,1129,2023-01-29,DELIVERED
2279,1737,2024-11-28,DELIVERED
2280,1285,2024-03-03,CANCELLED
2281,1448,2024-01-16,CANCELLED
2282,540,2024-06-02,DELIVERED
2283,1844,2023-04-26,DELIVERED
2284,732,2022-06-07,RETURNED
2285,276,2023-10-21,RETURNED
2286,1439,2023-05-21,CANCELLED
2287,1186,2022-09-21,DELIVERED
2288,1879,2024-11-05,CANCELLED
2289,1097,2023-10-05,DELIVERED
2290,1693,2023-04-12,CANCELLED
2291,1470,2023-04-04,DELIVERED
2292,1177,2022-04-19,DELIVERED
2293,897,2024-10-15,DELIVERED
2294,133,2022-12-17,DELIVERED
2295,919,2022-04-28,RETURNED
2296,977,2022-10-30,DELIVERED
2297,726,2022-05-14,RETURNED
2298,566,2023-06-01,RETURNED
2299,1491,2022-02-26,CANCELLED
2300,1006,2024-06-01,CANCELLED
2301,1931,2022-10-01,RETURNED
2302,441,2024-07-14,DELIVERED
2303,1428,2023-09-16,DELIVERED
2304,1168,2024-11-06,RETURNED
2305,296,2023-10-07,RETURNED
2306,1989,2022-04-19,CANCELLED
2307,734,2022-09-03,CANCELLED
2308,146,2022-05-11,DELIVERED
2309,1496,2022-11-27,CANCELLED
2310,510,2023-01-03,CANCELLED
2311,61,2024-10-10,CANCELLED
2312,680,2022-07-02,DELIVERED
2313,827,2024-03-04,CANCELLED
2314,781,2024-08-29,DELIVERED
2315,704,2023-01-10,DELIVERED
2316,728,2022-12-30,CANCELLED
2317,1801,2023-06-01,DELIVERED
2318,378,2023-06-18,DELIVERED
2319,465,2023-12-21,RETURNED
2320,1297,2022-06-17,DELIVERED
2321,1540,2022-07-12,DELIVERED
2322,42,2022-05-05,RETURNED
2323,122,2024-02-04,DELIVERED
2324,4,2024-12-19,DELIVERED
2325,670,2024-02-27,DELIVERED
2326,1639,2024-02-07,RETURNED
2327,1958,2022-12-20,DELIVERED
2328,1272,2024-10-17,DELIVERED
2329,448,2023-12-09,DELIVERED
2330,1400,2022-11-13,DELIVERED
2331,1176,2022-12-29,RETURNED
2332,1447,2022-12-30,DELIVERED
2333,1668,2024-06-30,DELIVERED
2334,80,2022-09-04,CANCELLED
2335,639,2023-08-20,DELIVERED
2336,1399,2023-01-05,DELIVERED
2337,343,2022-07-24,DELIVERED
2338,1236,2022-11-14,RETURNED
2339,1885,2023-11-22,RETURNED
2340,1902,2024-03-07,CANCELLED
2341,1934,2022-08-27,DELIVERED
2342,135,2023-11-24,DELIVERED
2343,290,2023-05-06,RETURNED
2344,1006,2023-01-21,CANCELLED
2345,86,2024-01-04,DELIVERED
2346,1887,2024-09-10,CANCELLED
2347,1864,2022-07-22,CANCELLED
2348,187,2023-10-19,RETURNED
2349,1154,2024-12-25,DELIVERED
2350,1551,2023-02-16,DELIVERED
2351,278,2024-07-06,CANCELLED
2352,600,2024-05-23,DELIVERED
2353,773,2022-06-18,DELIVERED
2354,1007,2022-08-02,DELIVERED
2355,992,2024-03-07,DELIVERED
2356,1611,2023-08-12,CANCELLED
2357,1432,2022-04-23,DELIVERED
2358,86,2023-01-21,RETURNED
2359,629,2022-12-22,DELIVERED
2360,1514,2022-04-09,DELIVERED
2361,97,2023-09-13,DELIVERED
2362,721,2022-04-18,CANCELLED
2363,1402,2024-06-07,CANCELLED
2364,1074,2023-01-01,DELIVERED
2365,1395,2022-04-02,RETURNED
2366,203,2024-07-25,RETURNED
2367,1828,2023-03-30,CANCELLED
2368,150,2023-02-21,DELIVERED
2369,1170,2022-02-01,DELIVERED
2370,782,2023-02-26,RETURNED
2371,239,2023-08-18,DELIVERED
2372,493,2023-11-09,RETURNED
2373,799,2023-04-13,DELIVERED
2374,1716,2024-04-03,DELIVERED
2375,291,2023-05-20,DELIVERED
2376,529,2024-05-15,DELIVERED
2377,1455,2023-09-27,DELIVERED
2378,1800,2023-07-13,DELIVERED
2379,21,2024-05-01,CANCELLED
2380,773,2023-07-24,CANCELLED
2381,389,2024-09-26,DELIVERED
2382,22,2024-03-20,DELIVERED
2383,1572,2024-07-08,DELIVERED
2384,1413,2023-04-02,DELIVERED
2385,235,2022-08-25,DELIVERED
2386,1621,2024-09-27,DELIVERED
2387,1100,2023-11-02,DELIVERED
2388,1516,2023-06-10,RETURNED
2389,1465,2024-03-26,DELIVERED
2390,587,2023-08-07,RETURNED
2391,536,2022-08-11,CANCELLED
2392,809,2023-02-18,RETURNED
2393,1137,2024-10-16,DELIVERED
2394,1062,2022-03-15,DELIVERED
2395,224,2022-08-17,DELIVERED
2396,1707,2024-03-05,DELIVERED
2397,1562,2022-05-19,DELIVERED
2398,1261,2024-01-30,DELIVERED
2399,293,2024-06-24,DELIVERED
2400,85,2024-10-28,CANCELLED
2401,388,2023-03-07,CANCELLED
2402,90,2022-01-30,RETURNED
2403,700,2023-05-29,RETURNED
2404,718,2024-08-04,DELIVERED
2405,1320,2022-04-26,DELIVERED
2406,314,2023-08-21,DELIVERED
2407,462,2023-01-12,DELIVERED
2408,688,2024-06-17,DELIVERED
2409,903,2022-05-23,CANCELLED
2410,1233,2024-12-18,DELIVERED
2411,330,2022-10-21,DELIVERED
2412,651,2022-04-27,DELIVERED
2413,134,2024-04-19,DELIVERED
2414,36,2022-12-14,CANCELLED
2415,659,2024-01-29,DELIVERED
2416,1847,2022-08-01,DELIVERED
2417,13,2024-02-20,DELIVERED
2418,120,2024-03-04,CANCELLED
2419,246,2023-04-05,CANCELLED
2420,73,2022-06-01,DELIVERED
2421,1688,2024-09-02,RETURNED
2422,1321,2024-03-01,DELIVERED
2423,1262,2024-03-03,DELIVERED
2424,1533,2023-05-02,DELIVERED
2425,1255,2023-05-28,DELIVERED
2426,1304,2024-07-20,DELIVERED
2427,1841,2022-11-10,DELIVERED
2428,1802,2024-01-08,DELIVERED
2429,588,2022-12-24,RETURNED
2430,796,2023-06-11,RETURNED
2431,754,2022-02-12,DELIVERED
2432,615,2022-10-22,DELIVERED
2433,841,2023-04-10,RETURNED
2434,257,2023-12-24,DELIVERED
2435,832,2024-05-12,RETURNED
2436,944,2024-07-15,DELIVERED
2437,796,2024-08-07,DELIVERED
2438,668,2024-03-27,DELIVERED
2439,1086,2023-02-26,DELIVERED
2440,1460,2023-01-27,DELIVERED
2441,1942,2024-01-15,RETURNED
2442,1123,2024-04-16,DELIVERED
2443,629,2023-03-14,DELIVERED
2444,964,2022-08-11,DELIVERED
2445,927,2023-09-08,RETURNED
2446,1958,2024-04-24,DELIVERED
2447,445,2023-11-23,DELIVERED
2448,321,2024-02-27,RETURNED
2449,885,2023-01-05,RETURNED
2450,49,2023-02-27,DELIVERED
2451,1367,2022-12-19,DELIVERED
2452,1528,2022-11-16,DELIVERED
2453,1178,2023-02-10,DELIVERED
2454,649,2024-08-17,DELIVERED
2455,1513,2022-09-25,CANCELLED
2456,997,2023-10-10,DELIVERED
2457,1564,2024-12-22,CANCELLED
2458,1794,2022-03-14,DELIVERED
2459,1612,2022-05-14,DELIVERED
2460,18,2022-04-19,DELIVERED
2461,185,2023-10-04,RETURNED
2462,731,2023-02-20,CANCELLED
2463,1962,2023-03-13,DELIVERED
2464,136,2024-01-14,DELIVERED
2465,647,2024-07-03,DELIVERED
2466,1441,2022-12-25,DELIVERED
2467,208,2022-11-24,RETURNED
2468,312,2022-12-01,DELIVERED
2469,1091,2024-04-19,DELIVERED
2470,1132,2024-08-19,DELIVERED
2471,576,2023-05-26,RETURNED
2472,1360,2022-10-28,RETURNED
2473,199,2022-03-22,DELIVERED
2474,781,2024-08-26,DELIVERED
2475,350,2022-02-10,DELIVERED
2476,1676,2024-01-13,RETURNED
2477,1198,2023-01-08,DELIVERED
2478,41,2024-10-04,RETURNED
2479,1161,2023-12-06,RETURNED
2480,175,2024-01-28,DELIVERED
2481,277,2023-09-07,DELIVERED
2482,1878,2022-11-03,DELIVERED
2483,1915,2023-02-08,RETURNED
2484,657,2023-08-22,CANCELLED
2485,1944,2022-06-20,DELIVERED
2486,1638,2024-10-10,DELIVERED
2487,1825,2024-05-05,RETURNED
2488,748,2023-06-02,DELIVERED
2489,574,2024-12-01,RETURNED
2490,49,2024-09-29,DELIVERED
2491,342,2022-04-17,DELIVERED
2492,1435,2023-09-20,DELIVERED
2493,887,2023-11-23,DELIVERED
2494,1536,2024-07-27,DELIVERED
2495,682,2022-03-06,DELIVERED
2496,1898,2022-01-22,CANCELLED
2497,40,2023-09-12,DELIVERED
2498,1853,2024-08-20,DELIVERED
2499,74,2023-07-08,DELIVERED
2500,688,2024-01-22,CANCELLED
2501,1749,2024-05-19,DELIVERED
2502,701,2022-09-29,RETURNED
2503,1473,2023-06-20,DELIVERED
2504,1002,2023-07-31,DELIVERED
2505,1871,2024-07-10,RETURNED
2506,174,2023-10-15,RETURNED
2507,1835,2022-08-21,DELIVERED
2508,264,2022-08-08,DELIVERED
2509,363,2024-02-04,DELIVERED
2510,1172,2023-05-01,CANCELLED
2511,1769,2022-06-04,DELIVERED
2512,28,2023-11-30,RETURNED
2513,1265,2022-05-25,DELIVERED
2514,1283,2024-08-01,DELIVERED
2515,678,2022-08-05,DELIVERED
2516,116,2022-10-12,DELIVERED
2517,1528,2022-06-16,DELIVERED
2518,1471,2022-07-07,DELIVERED
2519,1622,2023-04-23,DELIVERED
2520,1469,2022-06-12,DELIVERED
2521,1281,2024-12-20,DELIVERED
2522,1675,2023-02-09,CANCELLED
2523,1015,2023-01-17,DELIVERED
2524,1499,2022-05-06,DELIVERED
2525,1040,2022-01-13,DELIVERED
2526,1996,2023-02-09,DELIVERED
2527,1799,2023-01-23,DELIVERED
2528,1440,2022-06-05,DELIVERED
2529,1738,2023-10-21,CANCELLED
2530,467,2022-11-29,DELIVERED
2531,1713,2023-08-31,DELIVERED
2532,1038,2023-08-08,DELIVERED
2533,514,2023-12-08,CANCELLED
2534,1087,2022-01-15,DELIVERED
2535,1983,2023-05-31,DELIVERED
2536,331,2022-05-13,DELIVERED
2537,1012,2023-12-06,RETURNED
2538,124,2024-05-30,DELIVERED
2539,1566,2024-07-02,DELIVERED
2540,1525,2022-06-30,DELIVERED
2541,1580,2024-01-11,DELIVERED
2542,1241,2022-05-15,DELIVERED
2543,1490,2023-10-16,DELIVERED
2544,1521,2024-09-10,DELIVERED
2545,615,2024-09-28,DELIVERED
2546,1526,2023-01-25,DELIVERED
2547,350,2022-03-29,DELIVERED
2548,840,2024-08-10,RETURNED
2549,665,2024-04-05,DELIVERED
2550,1842,2024-08-09,DELIVERED
2551,291,2024-02-29,DELIVERED
2552,51,2022-10-13,CANCELLED
2553,782,2022-11-02,DELIVERED
2554,29,2024-06-08,CANCELLED
2555,1356,2022-12-20,DELIVERED
2556,1938,2023-01-12,DELIVERED
2557,34,2024-03-12,DELIVERED
2558,555,2023-11-22,DELIVERED
2559,1019,2024-03-14,DELIVERED
2560,1700,2023-07-23,DELIVERED
2561,997,2024-10-19,DELIVERED
2562,1941,2022-11-24,DELIVERED
2563,1364,2022-05-03,DELIVERED
2564,218,2022-05-18,RETURNED
2565,1446,2024-09-03,DELIVERED
2566,290,2023-04-27,DELIVERED
2567,1013,2023-03-20,DELIVERED
2568,27,2023-09-23,DELIVERED
2569,694,2023-09-29,DELIVERED
2570,879,2022-09-07,DELIVERED
2571,1085,2023-08-01,DELIVERED
2572,765,2022-09-20,DELIVERED
2573,1988,2024-08-27,DELIVERED
2574,916,2024-01-28,DELIVERED
2575,429,2023-10-31,DELIVERED
2576,1864,2023-10-03,DELIVERED
2577,1847,2024-09-02,CANCELLED
2578,1137,2023-11-29,DELIVERED
2579,679,2023-02-03,RETURNED
2580,1978,2023-10-22,CANCELLED
2581,1173,2023-04-14,CANCELLED
2582,1249,2023-05-01,CANCELLED
2583,511,2024-09-27,DELIVERED
2584,1824,2022-02-09,DELIVERED
2585,1804,2022-07-15,DELIVERED
2586,304,2023-10-21,DELIVERED
2587,1006,2024-08-05,DELIVERED
2588,1825,2023-06-29,DELIVERED
2589,798,2023-01-31,CANCELLED
2590,566,2022-10-21,DELIVERED
2591,1593,2022-05-01,DELIVERED
2592,458,2022-01-07,DELIVERED
2593,1690,2024-09-15,DELIVERED
2594,1605,2023-07-13,RETURNED
2595,993,2023-10-06,DELIVERED
2596,1099,2023-02-14,CANCELLED
2597,1323,2023-01-21,RETURNED
2598,1224,2022-09-04,DELIVERED
2599,125,2023-02-04,DELIVERED
2600,1033,2023-08-02,DELIVERED
2601,771,2024-05-16,CANCELLED
2602,1747,2022-01-23,DELIVERED
2603,419,2022-10-23,DELIVERED
2604,60,2024-05-13,DELIVERED
2605,953,2022-10-30,DELIVERED
2606,783,2022-11-18,DELIVERED
2607,1554,2023-10-06,DELIVERED
2608,561,2024-07-22,DELIVERED
2609,1447,2024-07-17,DELIVERED
2610,1202,2022-09-21,DELIVERED
2611,35,2022-09-11,DELIVERED
2612,669,2024-09-04,DELIVERED
2613,646,2024-02-08,DELIVERED
2614,1288,2024-06-08,DELIVERED
2615,811,2022-12-31,DELIVERED
2616,1713,2022-03-12,DELIVERED
2617,664,2022-03-22,RETURNED
2618,115,2022-09-28,DELIVERED
2619,1899,2022-05-20,DELIVERED
2620,210,2024-12-06,DELIVERED
2621,1462,2023-04-27,DELIVERED
2622,738,2024-01-02,DELIVERED
2623,846,2023-12-05,CANCELLED
2624,1009,2024-03-31,DELIVERED
2625,1075,2024-05-02,DELIVERED
2626,811,2022-11-14,DELIVERED
2627,184,2023-03-01,DELIVERED
2628,237,2023-06-19,DELIVERED
2629,116,2022-02-19,DELIVERED
2630,1727,2023-04-07,DELIVERED
2631,87,2023-03-25,CANCELLED
2632,1946,2022-11-09,RETURNED
2633,282,2024-10-22,DELIVERED
2634,794,2024-03-21,DELIVERED
2635,1568,2023-08-17,DELIVERED
2636,1372,2024-04-29,DELIVERED
2637,83,2023-02-14,DELIVERED
2638,428,2023-04-16,DELIVERED
2639,15,2023-12-17,CANCELLED
2640,1192,2024-01-24,DELIVERED
2641,1698,2022-12-03,DELIVERED
2642,312,2022-01-16,RETURNED
2643,1525,2023-07-31,DELIVERED
2644,767,2024-11-12,DELIVERED
2645,1710,2023-02-17,CANCELLED
2646,525,2023-11-17,DELIVERED
2647,1839,2023-06-18,DELIVERED
2648,1333,2023-08-08,DELIVERED
2649,913,2024-11-14,CANCELLED
2650,420,2023-01-14,DELIVERED
2651,794,2022-08-07,CANCELLED
2652,1791,2023-02-26,DELIVERED
2653,1168,2023-09-04,CANCELLED
2654,1381,2023-03-15,RETURNED
2655,1675,2023-09-14,DELIVERED
2656,112,2023-04-16,DELIVERED
2657,1812,2023-06-01,DELIVERED
2658,49,2023-09-27,DELIVERED
2659,1699,2023-01-06,RETURNED
2660,423,2024-10-20,RETURNED
2661,796,2023-11-02,DELIVERED
2662,801,2022-12-05,RETURNED
2663,984,2023-08-08,CANCELLED
2664,1367,2023-05-24,DELIVERED
2665,220,2022-01-01,RETURNED
2666,1269,2022-04-13,RETURNED
2667,1940,2023-07-16,RETURNED
2668,622,2024-06-30,DELIVERED
2669,1164,2022-11-23,DELIVERED
2670,754,2023-03-17,DELIVERED
2671,1989,2024-05-16,CANCELLED
2672,764,2022-06-05,DELIVERED
2673,1339,2022-02-15,DELIVERED
2674,72,2022-09-03,DELIVERED
2675,539,2024-07-24,RETURNED
2676,1818,2023-02-24,DELIVERED
2677,1304,2022-03-04,RETURNED
2678,1909,2024-09-02,DELIVERED
2679,231,2022-06-26,CANCELLED
2680,933,2023-07-14,DELIVERED
2681,1440,2024-09-09,DELIVERED
2682,1417,2022-11-10,DELIVERED
2683,815,2024-02-12,DELIVERED
2684,1019,2024-06-04,CANCELLED
2685,845,2022-12-25,RETURNED
2686,1182,2022-04-01,DELIVERED
2687,1965,2023-07-30,CANCELLED
2688,1473,2024-09-08,DELIVERED
2689,548,2022-02-19,DELIVERED
2690,1973,2023-01-21,DELIVERED
2691,918,2022-01-04,RETURNED
2692,91,2024-06-10,DELIVERED
2693,1440,2024-09-27,CANCELLED
2694,1466,2022-04-07,DELIVERED
2695,182,2024-01-23,DELIVERED
2696,968,2022-12-02,DELIVERED
2697,1847,2024-01-31,CANCELLED
2698,1108,2022-10-26,DELIVERED
2699,1310,2023-12-12,DELIVERED
2700,1189,2024-04-02,DELIVERED
2701,712,2023-08-22,DELIVERED
2702,1378,2024-10-09,DELIVERED
2703,836,2024-01-08,RETURNED
2704,178,2023-06-03,RETURNED
2705,682,2024-01-05,DELIVERED
2706,924,2022-12-03,RETURNED
2707,704,2024-11-03,RETURNED
2708,1281,2022-10-25,DELIVERED
2709,1107,2022-11-23,RETURNED
2710,1175,2022-10-13,RETURNED
2711,1623,2023-02-26,CANCELLED
2712,812,2022-06-17,CANCELLED
2713,1804,2022-08-18,RETURNED
2714,1115,2022-03-27,DELIVERED
2715,1179,2022-01-09,DELIVERED
2716,1128,2022-12-04,CANCELLED
2717,1401,2023-11-17,DELIVERED
2718,667,2024-02-04,DELIVERED
2719,809,2024-12-07,DELIVERED
2720,805,2023-03-25,DELIVERED
2721,1536,2024-04-15,DELIVERED
2722,218,2023-04-08,DELIVERED
2723,930,2022-11-15,CANCELLED
2724,1834,2023-01-21,CANCELLED
2725,1830,2024-10-30,CANCELLED
2726,1015,2022-10-23,RETURNED
2727,1424,2023-09-20,DELIVERED
2728,832,2023-09-13,CANCELLED
2729,1110,2022-07-17,RETURNED
2730,392,2022-02-18,DELIVERED
2731,606,2022-09-05,DELIVERED
2732,1696,2022-05-27,DELIVERED
2733,927,2022-09-01,DELIVERED
2734,733,2024-04-05,DELIVERED
2735,1224,2023-09-07,DELIVERED
2736,768,2023-03-03,DELIVERED
2737,1269,2024-09-06,DELIVERED
2738,1216,2022-03-27,DELIVERED
2739,65,2024-10-20,DELIVERED
2740,64,2023-06-08,CANCELLED
2741,1764,2024-02-25,CANCELLED
2742,1577,2022-07-20,DELIVERED
2743,1203,2023-12-20,RETURNED
2744,1403,2024-10-01,RETURNED
2745,779,2022-03-21,RETURNED
2746,1555,2022-06-27,DELIVERED
2747,1114,2022-07-08,DELIVERED
2748,1484,2022-07-12,DELIVERED
2749,1535,2023-11-22,DELIVERED
2750,962,2022-03-12,DELIVERED
2751,1132,2024-07-13,DELIVERED
2752,841,2022-07-14,DELIVERED
2753,263,2022-02-27,RETURNED
2754,911,2022-05-22,DELIVERED
2755,949,2023-07-17,DELIVERED
2756,795,2022-04-10,DELIVERED
2757,241,2024-11-24,DELIVERED
2758,1848,2024-07-14,DELIVERED
2759,334,2022-03-23,DELIVERED
2760,679,2024-05-23,DELIVERED
2761,318,2022-06-07,DELIVERED
2762,996,2023-05-26,DELIVERED
2763,1589,2022-12-28,CANCELLED
2764,90,2023-09-12,DELIVERED
2765,697,2024-10-07,DELIVERED
2766,911,2022-08-26,DELIVERED
2767,286,2022-09-28,CANCELLED
2768,1939,2022-02-18,DELIVERED
2769,751,2024-05-30,DELIVERED
2770,1076,2024-01-25,DELIVERED
2771,218,2024-05-07,DELIVERED
2772,572,2024-06-12,DELIVERED
2773,865,2022-05-18,DELIVERED
2774,539,2024-01-03,DELIVERED
2775,1039,2023-05-14,RETURNED
2776,1794,2022-10-09,DELIVERED
2777,332,2022-06-26,DELIVERED
2778,1362,2023-02-07,DELIVERED
2779,1119,2024-02-04,DELIVERED
2780,979,2022-05-17,RETURNED
2781,1345,2023-01-15,DELIVERED
2782,238,2022-03-23,DELIVERED
2783,302,2023-09-08,DELIVERED
2784,1437,2024-03-11,DELIVERED
2785,123,2024-11-10,CANCELLED
2786,231,2024-12-10,DELIVERED
2787,1200,2024-12-22,DELIVERED
2788,1804,2022-10-08,DELIVERED
2789,500,2024-09-10,CANCELLED
2790,387,2024-08-30,DELIVERED
2791,439,2022-07-22,DELIVERED
2792,1133,2022-05-26,DELIVERED
2793,261,2024-11-10,DELIVERED
2794,1558,2022-05-20,DELIVERED
2795,149,2022-12-04,DELIVERED
2796,1543,2024-04-26,CANCELLED
2797,741,2023-04-07,CANCELLED
2798,833,2022-05-03,CANCELLED
2799,88,2023-10-19,CANCELLED
2800,57,2023-01-30,DELIVERED
2801,1907,2024-02-05,DELIVERED
2802,1242,2023-04-06,CANCELLED
2803,261,2024-09-08,DELIVERED
2804,1619,2024-11-09,RETURNED
2805,1324,2022-11-19,DELIVERED
2806,1068,2023-08-13,DELIVERED
2807,154,2024-06-05,DELIVERED
2808,855,2022-05-16,DELIVERED
2809,1443,2022-10-26,CANCELLED
2810,82,2024-01-27,DELIVERED
2811,576,2024-08-09,DELIVERED
2812,1879,2023-12-01,DELIVERED
2813,1097,2023-11-01,RETURNED
2814,1752,2024-08-20,DELIVERED
2815,791,2022-10-09,DELIVERED
2816,187,2024-09-29,RETURNED
2817,1092,2024-11-24,DELIVERED
2818,129,2023-05-31,DELIVERED
2819,1914,2023-07-10,RETURNED
2820,1218,2024-11-17,DELIVERED
2821,1899,2023-10-26,RETURNED
2822,1160,2023-01-27,DELIVERED
2823,628,2023-01-28,CANCELLED
2824,1061,2024-04-22,DELIVERED
2825,1225,2024-05-18,DELIVERED
2826,386,2022-10-13,CANCELLED
2827,1410,2023-08-28,DELIVERED
2828,1405,2024-01-11,CANCELLED
2829,1133,2023-10-20,DELIVERED
2830,948,2024-12-01,DELIVERED
2831,1484,2023-08-20,DELIVERED
2832,422,2023-11-22,DELIVERED
2833,1327,2024-10-14,DELIVERED
2834,803,2024-09-18,CANCELLED
2835,1910,2024-07-29,DELIVERED
2836,300,2023-06-06,DELIVERED
2837,518,2022-09-12,RETURNED
2838,1666,2024-03-16,DELIVERED
2839,387,2023-06-06,RETURNED
2840,932,2023-07-22,DELIVERED
2841,862,2023-02-12,DELIVERED
2842,876,2024-09-29,DELIVERED
2843,976,2024-06-14,DELIVERED
2844,245,2022-10-14,DELIVERED
2845,741,2022-04-22,DELIVERED
2846,144,2023-07-23,DELIVERED
2847,1097,2023-07-04,DELIVERED
2848,197,2024-05-16,DELIVERED
2849,1826,2022-05-03,DELIVERED
2850,692,2023-07-22,DELIVERED
2851,493,2023-04-18,DELIVERED
2852,1237,2023-07-01,RETURNED
2853,725,2023-04-30,DELIVERED
2854,1134,2023-10-11,CANCELLED
2855,352,2024-02-24,DELIVERED
2856,1263,2022-02-05,RETURNED
2857,187,2023-07-07,CANCELLED
2858,256,2022-07-15,DELIVERED
2859,833,2023-03-29,DELIVERED
2860,1249,2022-12-06,RETURNED
2861,1880,2023-03-28,DELIVERED
2862,7,2023-05-05,DELIVERED
2863,892,2024-03-02,DELIVERED
2864,476,2022-07-25,CANCELLED
2865,837,2024-06-28,DELIVERED
2866,1514,2024-02-27,RETURNED
2867,1538,2024-02-18,DELIVERED
2868,1567,2023-07-11,DELIVERED
2869,1379,2024-10-03,DELIVERED
2870,1793,2024-12-09,DELIVERED
2871,43,2024-10-19,DELIVERED
2872,795,2024-06-24,DELIVERED
2873,764,2022-10-23,CANCELLED
2874,1231,2024-02-13,DELIVERED
2875,828,2023-03-01,DELIVERED
2876,724,2024-04-09,DELIVERED
2877,1465,2023-08-19,RETURNED
2878,778,2024-08-19,RETURNED
2879,1406,2023-05-15,DELIVERED
2880,133,2024-07-15,CANCELLED
2881,45,2024-03-07,DELIVERED
2882,737,2024-02-20,DELIVERED
2883,894,2024-07-01,RETURNED
2884,184,2024-06-14,DELIVERED
2885,469,2023-07-06,DELIVERED
2886,533,2024-09-07,DELIVERED
2887,449,2024-11-25,DELIVERED
2888,1660,2023-02-05,CANCELLED
2889,782,2024-01-17,DELIVERED
2890,469,2022-07-04,CANCELLED
2891,326,2022-07-09,DELIVERED
2892,1133,2022-04-13,DELIVERED
2893,1076,2023-06-07,DELIVERED
2894,601,2022-10-18,RETURNED
2895,571,2023-01-16,DELIVERED
2896,639,2022-12-08,DELIVERED
2897,475,2022-07-08,DELIVERED
2898,1173,2022-12-27,DELIVERED
2899,964,2024-05-16,RETURNED
2900,484,2022-02-05,CANCELLED
2901,401,2022-06-07,DELIVERED
2902,208,2023-07-06,CANCELLED
2903,367,2024-12-29,DELIVERED
2904,948,2024-01-26,CANCELLED
2905,313,2024-12-28,RETURNED
2906,504,2022-01-18,DELIVERED
2907,352,2023-07-12,DELIVERED
2908,43,2024-10-22,DELIVERED
2909,117,2024-03-17,DELIVERED
2910,100,2024-08-18,DELIVERED
2911,271,2023-05-11,RETURNED
2912,1709,2024-01-23,DELIVERED
2913,572,2024-08-05,DELIVERED
2914,359,2022-08-14,CANCELLED
2915,332,2022-03-28,DELIVERED
2916,773,2022-10-06,DELIVERED
2917,944,2024-12-19,CANCELLED
2918,1388,2024-03-19,DELIVERED
2919,1488,2024-04-07,RETURNED
2920,956,2024-11-30,DELIVERED
2921,1241,2024-04-09,CANCELLED
2922,1073,2024-04-14,DELIVERED
2923,1758,2024-10-20,DELIVERED
2924,75,2023-02-28,DELIVERED
2925,753,2023-09-04,DELIVERED
2926,1852,2024-04-24,DELIVERED
2927,614,2024-02-05,DELIVERED
2928,998,2023-02-11,CANCELLED
2929,442,2024-06-10,CANCELLED
2930,1537,2022-10-29,DELIVERED
2931,1210,2022-10-14,DELIVERED
2932,619,2024-03-22,DELIVERED
2933,34,2023-04-11,RETURNED
2934,518,2024-09-23,DELIVERED
2935,1460,2024-08-10,DELIVERED
2936,420,2024-08-06,DELIVERED
2937,1966,2022-04-16,DELIVERED
2938,299,2022-07-27,DELIVERED
2939,109,2023-12-19,DELIVERED
2940,792,2024-06-06,DELIVERED
2941,603,2023-12-28,CANCELLED
2942,1130,2024-09-04,DELIVERED
2943,1779,2024-09-08,DELIVERED
2944,679,2023-02-01,DELIVERED
2945,1038,2022-12-06,DELIVERED
2946,208,2022-10-26,CANCELLED
2947,1151,2023-07-07,DELIVERED
2948,1044,2023-03-24,DELIVERED
2949,761,2022-02-19,DELIVERED
2950,685,2024-07-31,DELIVERED
2951,669,2023-08-07,DELIVERED
2952,1641,2024-11-24,DELIVERED
2953,1810,2024-06-16,CANCELLED
2954,888,2024-11-18,DELIVERED
2955,1597,2024-11-02,DELIVERED
2956,1983,2022-11-11,RETURNED
2957,774,2023-11-08,DELIVERED
2958,901,2023-07-02,DELIVERED
2959,1561,2023-02-07,DELIVERED
2960,787,2023-07-19,DELIVERED
2961,86,2022-04-01,DELIVERED
2962,1953,2022-09-30,DELIVERED
2963,1166,2023-02-01,DELIVERED
2964,1692,2022-11-07,DELIVERED
2965,1164,2023-06-07,RETURNED
2966,432,2022-01-02,RETURNED
2967,335,2022-03-18,DELIVERED
2968,989,2022-05-16,DELIVERED
2969,1875,2022-12-06,RETURNED
2970,1011,2022-08-22,DELIVERED
2971,942,2023-12-03,DELIVERED
2972,763,2024-08-18,RETURNED
2973,529,2023-11-09,DELIVERED
2974,669,2024-12-14,DELIVERED
2975,1397,2024-12-01,DELIVERED
2976,1652,2023-05-18,DELIVERED
2977,46,2024-06-07,DELIVERED
2978,673,2024-11-08,DELIVERED
2979,1993,2024-04-08,DELIVERED
2980,1212,2023-09-08,CANCELLED
2981,528,2022-08-07,CANCELLED
2982,1137,2023-04-03,CANCELLED
2983,449,2023-05-25,DELIVERED
2984,314,2022-07-21,DELIVERED
2985,1036,2024-01-14,DELIVERED
2986,819,2024-05-08,DELIVERED
2987,613,2022-06-16,DELIVERED
2988,1277,2024-09-12,RETURNED
2989,1358,2022-05-16,CANCELLED
2990,1897,2022-04-27,DELIVERED
2991,1670,2024-06-04,DELIVERED
2992,970,2022-03-04,DELIVERED
2993,759,2022-08-31,DELIVERED
2994,997,2024-10-04,RETURNED
2995,812,2023-03-15,DELIVERED
2996,1740,2023-04-27,DELIVERED
2997,1251,2022-12-04,DELIVERED
2998,1225,2023-11-01,DELIVERED
2999,1748,2022-06-19,DELIVERED
3000,169,2022-01-18,DELIVERED
3001,878,2024-10-05,RETURNED
3002,1914,2022-11-08,RETURNED
3003,5,2024-08-23,DELIVERED
3004,274,2023-08-20,RETURNED
3005,752,2024-01-02,DELIVERED
3006,180,2022-03-24,DELIVERED
3007,635,2023-11-08,DELIVERED
3008,1194,2022-06-18,RETURNED
3009,1259,2022-01-01,CANCELLED
3010,394,2022-12-15,RETURNED
3011,1688,2024-10-01,DELIVERED
3012,1216,2023-08-20,DELIVERED
3013,1078,2022-05-27,CANCELLED
3014,583,2022-10-11,DELIVERED
3015,1242,2023-06-17,DELIVERED
3016,1590,2024-11-20,DELIVERED
3017,1243,2023-04-04,DELIVERED
3018,66,2024-03-16,RETURNED
3019,1362,2022-11-30,DELIVERED
3020,1660,2024-07-15,DELIVERED
3021,1043,2023-09-20,DELIVERED
3022,1446,2024-04-01,DELIVERED
3023,1906,2023-04-27,CANCELLED
3024,1735,2023-09-26,DELIVERED
3025,432,2023-05-08,DELIVERED
3026,1441,2022-11-14,DELIVERED
3027,121,2022-08-30,DELIVERED
3028,920,2022-09-16,DELIVERED
3029,151,2023-08-02,CANCELLED
3030,1409,2023-10-18,DELIVERED
3031,1472,2024-09-13,DELIVERED
3032,252,2023-09-12,RETURNED
3033,430,2024-08-27,DELIVERED
3034,746,2022-11-17,DELIVERED
3035,707,2022-05-16,DELIVERED
3036,1723,2023-06-01,DELIVERED
3037,1665,2024-10-16,DELIVERED
3038,1980,2024-03-25,CANCELLED
3039,1767,2023-10-25,DELIVERED
3040,1671,2023-11-01,CANCELLED
3041,1449,2024-05-14,DELIVERED
3042,1963,2023-01-12,DELIVERED
3043,1605,2022-12-03,RETURNED
3044,852,2022-07-10,DELIVERED
3045,686,2022-10-31,DELIVERED
3046,288,2023-05-07,DELIVERED
3047,1015,2023-07-24,RETURNED
3048,1477,2023-01-05,DELIVERED
3049,1579,2022-01-19,DELIVERED
3050,1457,2023-12-04,CANCELLED
3051,764,2023-11-22,DELIVERED
3052,989,2024-10-23,DELIVERED
3053,303,2023-11-12,DELIVERED
3054,1757,2024-10-31,DELIVERED
3055,801,2024-12-18,RETURNED
3056,1255,2023-02-07,DELIVERED
3057,1946,2022-03-22,DELIVERED
3058,1473,2023-08-18,DELIVERED
3059,1548,2024-07-23,DELIVERED
3060,682,2022-02-06,DELIVERED
3061,1285,2022-05-09,DELIVERED
3062,1799,2024-05-04,RETURNED
3063,1873,2023-04-18,RETURNED
3064,1710,2023-04-02,DELIVERED
3065,615,2022-03-21,CANCELLED
3066,1369,2023-06-05,DELIVERED
3067,9,2024-12-22,DELIVERED
3068,455,2024-07-09,DELIVERED
3069,5,2024-05-30,DELIVERED
3070,156,2023-07-15,DELIVERED
3071,1843,2024-05-03,DELIVERED
3072,1779,2023-09-20,CANCELLED
3073,1359,2022-04-15,DELIVERED
3074,1189,2023-03-14,DELIVERED
3075,1132,2023-08-12,CANCELLED
3076,1752,2023-04-26,RETURNED
3077,797,2023-11-04,DELIVERED
3078,1344,2023-02-15,DELIVERED
3079,880,2022-06-13,DELIVERED
3080,503,2024-09-09,DELIVERED
3081,266,2023-06-13,DELIVERED
3082,599,2023-06-11,DELIVERED
3083,1856,2024-05-23,DELIVERED
3084,336,2024-01-11,DELIVERED
3085,1909,2023-08-15,DELIVERED
3086,1111,2022-05-21,DELIVERED
3087,319,2022-09-06,RETURNED
3088,7,2023-05-06,DELIVERED
3089,1578,2023-07-08,RETURNED
3090,233,2024-07-13,DELIVERED
3091,1025,2024-12-30,DELIVERED
3092,251,2024-09-12,DELIVERED
3093,570,2022-06-20,DELIVERED
3094,189,2023-12-25,DELIVERED
3095,1652,2023-01-23,DELIVERED
3096,513,2022-02-07,RETURNED
3097,1271,2022-06-26,RETURNED
3098,333,2022-10-26,DELIVERED
3099,1070,2024-12-31,DELIVERED
3100,1894,2023-12-21,DELIVERED
3101,1748,2024-03-08,CANCELLED
3102,886,2022-08-01,CANCELLED
3103,1589,2024-04-04,DELIVERED
3104,390,2024-09-17,CANCELLED
3105,1532,2022-05-18,RETURNED
3106,1526,2023-04-10,CANCELLED
3107,1913,2024-10-09,DELIVERED
3108,938,2024-03-04,DELIVERED
3109,756,2023-02-12,RETURNED
3110,75,2024-07-16,DELIVERED
3111,1170,2023-12-29,DELIVERED
3112,1362,2024-02-02,DELIVERED
3113,852,2022-01-16,RETURNED
3114,1766,2024-08-07,DELIVERED
3115,1727,2022-07-16,DELIVERED
3116,1150,2022-08-27,DELIVERED
3117,970,2024-10-09,DELIVERED
3118,1130,2023-11-29,DELIVERED
3119,1661,2022-03-08,CANCELLED
3120,1307,2023-10-12,DELIVERED
3121,1100,2024-05-21,DELIVERED
3122,1759,2022-08-07,DELIVERED
3123,615,2022-10-08,DELIVERED
3124,1671,2024-02-17,RETURNED
3125,575,2023-11-28,CANCELLED
3126,153,2024-12-23,DELIVERED
3127,1021,2023-09-24,CANCELLED
3128,834,2022-02-16,DELIVERED
3129,584,2023-11-03,DELIVERED
3130,191,2022-10-09,RETURNED
3131,1235,2022-07-25,DELIVERED
3132,195,2023-06-26,CANCELLED
3133,652,2022-09-11,DELIVERED
3134,435,2022-06-11,DELIVERED
3135,567,2023-09-30,CANCELLED
3136,1127,2022-06-13,CANCELLED
3137,1125,2023-09-01,RETURNED
3138,1348,2023-09-02,DELIVERED
3139,827,2022-03-25,DELIVERED
3140,1799,2024-05-10,DELIVERED
3141,683,2023-07-06,CANCELLED
3142,281,2022-05-21,DELIVERED
3143,1935,2022-01-09,DELIVERED
3144,977,2022-03-29,DELIVERED
3145,740,2024-04-11,DELIVERED
3146,542,2022-11-22,DELIVERED
3147,1150,2023-05-23,DELIVERED
3148,345,2023-01-15,DELIVERED
3149,1166,2022-08-01,DELIVERED
3150,35,2024-08-21,DELIVERED
3151,1451,2022-09-17,DELIVERED
3152,1961,2024-11-09,DELIVERED
3153,836,2022-01-11,DELIVERED
3154,1793,2023-07-14,DELIVERED
3155,1495,2023-01-20,DELIVERED
3156,488,2022-05-02,DELIVERED
3157,1256,2024-03-06,DELIVERED
3158,1081,2023-08-23,DELIVERED
3159,829,2024-04-22,RETURNED
3160,590,2023-07-06,DELIVERED
3161,1754,2022-09-13,CANCELLED
3162,523,2024-10-16,DELIVERED
3163,235,2024-04-10,DELIVERED
3164,1530,2023-06-03,DELIVERED
3165,1181,2023-01-13,CANCELLED
3166,1189,2022-09-03,RETURNED
3167,510,2022-09-29,CANCELLED
3168,473,2023-05-27,CANCELLED
3169,1498,2022-05-28,DELIVERED
3170,273,2023-03-23,DELIVERED
3171,231,2022-01-06,DELIVERED
3172,1469,2022-08-15,CANCELLED
3173,29,2024-04-26,DELIVERED
3174,423,2024-07-04,DELIVERED
3175,1484,2022-09-10,RETURNED
3176,666,2024-04-21,DELIVERED
3177,1063,2023-07-18,DELIVERED
3178,413,2022-10-26,DELIVERED
3179,724,2023-01-21,RETURNED
3180,1758,2023-05-13,DELIVERED
3181,1944,2023-07-15,DELIVERED
3182,517,2022-01-07,DELIVERED
3183,325,2022-05-06,CANCELLED
3184,1708,2022-05-03,CANCELLED
3185,1074,2023-08-16,DELIVERED
3186,227,2023-08-12,DELIVERED
3187,573,2022-12-29,DELIVERED
3188,29,2024-08-27,CANCELLED
3189,1085,2022-05-14,DELIVERED
3190,713,2023-09-13,DELIVERED
3191,921,2023-02-16,DELIVERED
3192,565,2024-09-03,RETURNED
3193,553,2022-11-25,DELIVERED
3194,898,2022-10-01,DELIVERED
3195,481,2024-09-22,DELIVERED
3196,1943,2024-11-09,DELIVERED
3197,297,2022-08-13,DELIVERED
3198,760,2024-12-05,DELIVERED
3199,203,2023-07-11,RETURNED
3200,1058,2023-09-28,CANCELLED
3201,42,2022-05-09,DELIVERED
3202,1813,2022-08-08,DELIVERED
3203,580,2023-06-01,CANCELLED
3204,1552,2024-12-21,RETURNED
3205,1286,2024-10-14,RETURNED
3206,7,2022-11-02,RETURNED
3207,671,2024-05-09,DELIVERED
3208,3,2024-09-12,DELIVERED
3209,223,2023-09-20,CANCELLED
3210,871,2023-05-30,DELIVERED
3211,557,2023-02-13,DELIVERED
3212,1372,2024-01-01,DELIVERED
3213,967,2023-02-06,RETURNED
3214,666,2022-04-04,RETURNED
3215,731,2024-08-23,CANCELLED
3216,1091,2023-11-14,DELIVERED
3217,883,2022-02-03,DELIVERED
3218,212,2022-10-08,DELIVERED
3219,1775,2022-03-31,DELIVERED
3220,845,2024-12-31,RETURNED
3221,149,2022-07-30,DELIVERED
3222,1999,2024-06-22,CANCELLED
3223,453,2023-03-16,DELIVERED
3224,199,2022-03-16,DELIVERED
3225,1881,2024-04-17,DELIVERED
3226,575,2024-07-10,RETURNED
3227,192,2023-11-29,RETURNED
3228,1253,2022-09-01,DELIVERED
3229,513,2023-05-09,DELIVERED
3230,1412,2023-07-22,DELIVERED
3231,1347,2022-01-14,RETURNED
3232,1003,2023-03-20,CANCELLED
3233,1818,2023-11-09,DELIVERED
3234,1032,2023-04-15,RETURNED
3235,569,2022-01-01,DELIVERED
3236,715,2024-01-01,CANCELLED
3237,1140,2022-12-03,DELIVERED
3238,200,2022-02-13,DELIVERED
3239,395,2022-12-19,CANCELLED
3240,480,2022-04-03,CANCELLED
3241,402,2023-03-05,DELIVERED
3242,605,2024-08-01,DELIVERED
3243,921,2023-04-08,DELIVERED
3244,65,2022-08-30,CANCELLED
3245,1483,2023-02-23,DELIVERED
3246,1550,2023-09-06,CANCELLED
3247,885,2022-11-12,DELIVERED
3248,1708,2022-11-22,DELIVERED
3249,16,2022-12-17,DELIVERED
3250,1092,2022-12-25,DELIVERED
3251,1829,2024-05-10,DELIVERED
3252,1566,2022-11-19,DELIVERED
3253,315,2024-04-30,DELIVERED
3254,470,2022-12-07,DELIVERED
3255,1066,2024-12-23,RETURNED
3256,1909,2023-11-07,RETURNED
3257,323,2024-12-27,DELIVERED
3258,442,2024-07-08,DELIVERED
3259,1252,2024-06-30,DELIVERED
3260,533,2023-03-15,RETURNED
3261,1635,2022-02-11,DELIVERED
3262,606,2024-02-09,CANCELLED
3263,953,2022-07-06,RETURNED
3264,237,2022-09-17,RETURNED
3265,471,2024-12-28,RETURNED
3266,232,2024-09-08,DELIVERED
3267,1331,2022-10-04,DELIVERED
3268,369,2023-04-20,CANCELLED
3269,493,2022-04-14,DELIVERED
3270,1243,2022-06-01,DELIVERED
3271,1132,2022-06-21,DELIVERED
3272,1101,2022-07-11,DELIVERED
3273,681,2022-10-06,CANCELLED
3274,91,2024-05-25,DELIVERED
3275,1717,2023-02-25,DELIVERED
3276,1618,2023-03-28,DELIVERED
3277,184,2024-11-26,DELIVERED
3278,906,2022-05-27,DELIVERED
3279,1299,2022-06-14,CANCELLED
3280,660,2024-08-01,DELIVERED
3281,566,2023-11-23,DELIVERED
3282,1568,2022-01-24,CANCELLED
3283,1588,2022-02-19,RETURNED
3284,1481,2022-03-04,DELIVERED
3285,338,2022-06-16,DELIVERED
3286,390,2024-09-11,RETURNED
3287,202,2024-06-18,CANCELLED
3288,1104,2024-01-31,DELIVERED
3289,1292,2022-02-22,CANCELLED
3290,724,2023-10-03,DELIVERED
3291,236,2024-10-29,DELIVERED
3292,1542,2023-08-22,DELIVERED
3293,175,2022-10-30,DELIVERED
3294,1181,2024-09-03,DELIVERED
3295,1070,2022-06-06,DELIVERED
3296,1689,2023-08-15,DELIVERED
3297,1615,2022-03-28,DELIVERED
3298,961,2022-03-24,DELIVERED
3299,958,2022-02-23,DELIVERED
3300,101,2022-01-06,DELIVERED
3301,1815,2023-05-19,DELIVERED
3302,1304,2023-12-01,DELIVERED
3303,1483,2024-11-22,DELIVERED
3304,308,2024-04-09,DELIVERED
3305,252,2023-04-28,DELIVERED
3306,1634,2023-07-06,DELIVERED
3307,659,2024-01-27,DELIVERED
3308,750,2023-09-28,CANCELLED
3309,1608,2024-02-08,CANCELLED
3310,1132,2022-03-22,DELIVERED
3311,109,2024-04-12,DELIVERED
3312,841,2024-07-31,DELIVERED
3313,1611,2022-02-04,CANCELLED
3314,1595,2024-12-12,DELIVERED
3315,133,2022-05-05,DELIVERED
3316,97,2022-09-08,RETURNED
3317,518,2024-12-18,DELIVERED
3318,1139,2024-12-19,CANCELLED
3319,536,2023-06-14,RETURNED
3320,1319,2022-12-30,DELIVERED
3321,971,2024-10-17,RETURNED
3322,510,2024-11-22,DELIVERED
3323,1471,2023-01-20,DELIVERED
3324,132,2024-03-29,DELIVERED
3325,318,2022-05-15,DELIVERED
3326,820,2023-08-28,CANCELLED
3327,1069,2023-09-22,DELIVERED
3328,325,2022-02-12,DELIVERED
3329,860,2022-09-25,DELIVERED
3330,1486,2024-12-18,DELIVERED
3331,214,2023-09-27,RETURNED
3332,516,2022-06-18,DELIVERED
3333,84,2024-03-10,DELIVERED
3334,1294,2024-03-09,DELIVERED
3335,1938,2024-02-05,CANCELLED
3336,1775,2022-03-28,DELIVERED
3337,1616,2023-04-15,CANCELLED
3338,756,2023-11-28,DELIVERED
3339,383,2023-08-25,DELIVERED
3340,1773,2022-02-17,DELIVERED
3341,963,2024-02-12,DELIVERED
3342,1623,2023-07-28,RETURNED
3343,1051,2024-12-22,DELIVERED
3344,1881,2022-02-16,CANCELLED
3345,1497,2022-08-12,DELIVERED
3346,1139,2024-10-22,DELIVERED
3347,1701,2023-07-19,DELIVERED
3348,1992,2022-10-02,DELIVERED
3349,1704,2022-05-07,DELIVERED
3350,697,2022-03-18,DELIVERED
3351,1309,2022-04-28,RETURNED
3352,597,2023-05-05,DELIVERED
3353,443,2023-03-04,RETURNED
3354,1688,2023-12-29,DELIVERED
3355,1078,2023-06-12,DELIVERED
3356,1810,2022-09-08,DELIVERED
3357,455,2022-10-17,CANCELLED
3358,185,2022-07-13,CANCELLED
3359,932,2024-12-13,DELIVERED
3360,1800,2022-09-11,DELIVERED
3361,1243,2023-02-11,DELIVERED
3362,188,2023-02-10,DELIVERED
3363,276,2024-04-09,DELIVERED
3364,463,2022-03-22,RETURNED
3365,1751,2022-03-13,CANCELLED
3366,1959,2022-06-21,RETURNED
3367,1254,2024-10-31,DELIVERED
3368,1970,2023-11-02,RETURNED
3369,196,2024-08-03,RETURNED
3370,1758,2024-04-13,CANCELLED
3371,1476,2024-12-10,RETURNED
3372,22,2023-01-14,DELIVERED
3373,55,2022-03-02,DELIVERED
3374,686,2024-04-29,DELIVERED
3375,262,2024-12-08,RETURNED
3376,501,2024-02-12,DELIVERED
3377,1305,2024-10-15,DELIVERED
3378,581,2022-09-03,RETURNED
3379,1860,2024-04-30,RETURNED
3380,1807,2023-03-14,DELIVERED
3381,1249,2023-12-10,DELIVERED
3382,119,2022-06-06,DELIVERED
3383,146,2022-09-10,RETURNED
3384,1310,2023-08-11,DELIVERED
3385,599,2023-04-08,DELIVERED
3386,1086,2024-09-04,DELIVERED
3387,55,2022-10-13,CANCELLED
3388,835,2023-02-03,DELIVERED
3389,1481,2022-11-19,RETURNED
3390,1243,2024-11-01,DELIVERED
3391,492,2024-07-13,DELIVERED
3392,692,2024-05-06,DELIVERED
3393,523,2022-03-16,DELIVERED
3394,1756,2023-08-26,DELIVERED
3395,1098,2024-04-14,RETURNED
3396,88,2024-01-22,DELIVERED
3397,1594,2023-11-23,DELIVERED
3398,1917,2024-03-20,DELIVERED
3399,1979,2022-04-05,DELIVERED
3400,197,2022-08-27,CANCELLED
3401,874,2022-02-06,RETURNED
3402,1934,2023-01-31,RETURNED
3403,114,2024-12-01,RETURNED
3404,740,2024-03-10,DELIVERED
3405,1245,2022-07-01,CANCELLED
3406,1563,2022-02-25,DELIVERED
3407,1403,2024-07-22,DELIVERED
3408,1926,2023-03-12,DELIVERED
3409,360,2023-03-24,DELIVERED
3410,698,2023-12-30,DELIVERED
3411,881,2024-11-08,DELIVERED
3412,894,2022-08-11,DELIVERED
3413,1736,2024-09-20,DELIVERED
3414,1150,2022-10-20,DELIVERED
3415,1075,2023-06-25,DELIVERED
3416,1973,2022-03-24,DELIVERED
3417,623,2022-01-11,CANCELLED
3418,917,2023-02-02,DELIVERED
3419,487,2024-09-03,RETURNED
3420,1870,2024-12-18,DELIVERED
3421,95,2023-03-11,DELIVERED
3422,767,2022-09-12,DELIVERED
3423,1367,2024-01-29,DELIVERED
3424,1422,2022-02-06,DELIVERED
3425,98,2024-11-05,DELIVERED
3426,1157,2022-05-13,CANCELLED
3427,586,2023-01-08,RETURNED
3428,1464,2024-07-16,RETURNED
3429,1194,2022-12-06,DELIVERED
3430,1225,2024-05-11,CANCELLED
3431,1173,2024-02-09,RETURNED
3432,1346,2023-08-31,CANCELLED
3433,1315,2024-07-23,DELIVERED
3434,1070,2023-08-29,DELIVERED
3435,1605,2024-01-20,DELIVERED
3436,1305,2023-05-24,DELIVERED
3437,1158,2022-07-30,DELIVERED
3438,1582,2024-10-21,RETURNED
3439,1167,2023-02-03,RETURNED
3440,1824,2023-01-25,DELIVERED
3441,1719,2023-04-02,DELIVERED
3442,290,2024-05-30,DELIVERED
3443,1147,2022-04-23,DELIVERED
3444,1433,2022-02-17,RETURNED
3445,969,2022-11-14,DELIVERED
3446,242,2024-07-25,CANCELLED
3447,1992,2022-03-04,DELIVERED
3448,357,2023-03-19,DELIVERED
3449,1932,2023-04-13,DELIVERED
3450,452,2023-10-30,DELIVERED
3451,1234,2024-01-11,DELIVERED
3452,1841,2024-12-01,DELIVERED
3453,1838,2022-02-05,CANCELLED
3454,584,2022-01-07,RETURNED
3455,1967,2024-04-14,RETURNED
3456,242,2022-10-19,RETURNED
3457,1160,2024-06-08,DELIVERED
3458,1125,2022-10-29,DELIVERED
3459,1563,2024-01-05,DELIVERED
3460,301,2024-06-08,DELIVERED
3461,192,2024-02-23,DELIVERED
3462,706,2024-04-13,DELIVERED
3463,1892,2023-03-20,DELIVERED
3464,987,2024-05-22,DELIVERED
3465,1702,2022-10-26,CANCELLED
3466,1654,2024-12-18,DELIVERED
3467,690,2022-09-04,DELIVERED
3468,394,2023-07-01,DELIVERED
3469,306,2023-05-08,DELIVERED
3470,1584,2023-09-29,CANCELLED
3471,557,2022-03-25,RETURNED
3472,1706,2022-12-03,DELIVERED
3473,459,2022-01-03,DELIVERED
3474,1746,2024-11-18,DELIVERED
3475,801,2024-03-08,DELIVERED
3476,113,2022-08-28,CANCELLED
3477,1564,2024-03-03,DELIVERED
3478,154,2022-06-16,DELIVERED
3479,1668,2023-11-17,CANCELLED
3480,1687,2022-02-22,DELIVERED
3481,136,2024-02-08,DELIVERED
3482,1254,2023-07-26,DELIVERED
3483,1290,2022-05-30,RETURNED
3484,659,2022-04-22,DELIVERED
3485,1585,2022-12-29,RETURNED
3486,1069,2023-02-06,RETURNED
3487,1945,2024-06-26,DELIVERED
3488,1285,2022-10-22,DELIVERED
3489,755,2023-03-28,DELIVERED
3490,554,2022-02-04,RETURNED
3491,903,2024-06-25,DELIVERED
3492,801,2022-11-29,DELIVERED
3493,1932,2024-07-08,RETURNED
3494,1487,2024-04-05,CANCELLED
3495,844,2022-09-24,DELIVERED
3496,706,2022-02-09,DELIVERED
3497,189,2024-10-04,CANCELLED
3498,1692,2024-08-29,RETURNED
3499,1891,2022-04-08,RETURNED
3500,1158,2022-05-17,CANCELLED
3501,540,2022-02-16,DELIVERED
3502,1074,2024-12-28,DELIVERED
3503,1988,2023-02-04,DELIVERED
3504,930,2023-04-21,DELIVERED
3505,272,2023-10-06,DELIVERED
3506,1906,2022-12-17,DELIVERED
3507,1876,2024-04-01,DELIVERED
3508,1116,2022-06-12,DELIVERED
3509,420,2022-12-03,DELIVERED
3510,161,2022-12-01,DELIVERED
3511,231,2023-03-25,CANCELLED
3512,488,2024-11-17,RETURNED
3513,651,2022-09-29,DELIVERED
3514,1119,2023-12-08,DELIVERED
3515,390,2023-03-23,DELIVERED
3516,1826,2023-08-31,DELIVERED
3517,1214,2022-04-11,CANCELLED
3518,346,2023-10-24,DELIVERED
3519,1770,2024-03-21,DELIVERED
3520,89,2022-07-13,DELIVERED
3521,584,2022-04-19,DELIVERED
3522,420,2023-05-28,CANCELLED
3523,816,2024-08-21,DELIVERED
3524,1900,2022-10-18,RETURNED
3525,1518,2024-10-20,DELIVERED
3526,349,2023-01-18,DELIVERED
3527,1708,2022-11-27,DELIVERED
3528,1799,2024-10-03,RETURNED
3529,1207,2023-01-09,DELIVERED
3530,397,2023-06-19,DELIVERED
3531,1995,2024-05-09,DELIVERED
3532,1119,2023-11-28,CANCELLED
3533,1007,2024-06-15,DELIVERED
3534,873,2023-04-20,RETURNED
3535,1105,2023-05-13,RETURNED
3536,1737,2024-11-21,DELIVERED
3537,1396,2023-10-15,DELIVERED
3538,694,2023-04-14,DELIVERED
3539,921,2022-02-16,DELIVERED
3540,1440,2024-05-27,DELIVERED
3541,1899,2022-09-01,DELIVERED
3542,1434,2022-05-06,DELIVERED
3543,1922,2024-10-13,DELIVERED
3544,830,2024-11-27,CANCELLED
3545,301,2022-02-01,DELIVERED
3546,5,2024-02-10,DELIVERED
3547,173,2022-12-17,DELIVERED
3548,1289,2023-12-17,DELIVERED
3549,327,2022-06-26,RETURNED
3550,1391,2024-01-20,DELIVERED
3551,687,2024-07-05,RETURNED
3552,1407,2023-06-27,DELIVERED
3553,308,2022-05-30,DELIVERED
3554,1578,2022-12-23,DELIVERED
3555,1169,2022-10-12,DELIVERED
3556,815,2024-07-24,CANCELLED
3557,1956,2022-03-22,DELIVERED
3558,1095,2023-07-04,DELIVERED
3559,1277,2023-08-15,CANCELLED
3560,1778,2022-02-03,RETURNED
3561,260,2022-03-19,RETURNED
3562,1636,2022-03-11,RETURNED
3563,1417,2023-04-16,DELIVERED
3564,1111,2024-06-06,RETURNED
3565,1226,2023-05-29,DELIVERED
3566,598,2022-09-24,DELIVERED
3567,1241,2023-11-23,CANCELLED
3568,1249,2024-11-14,DELIVERED
3569,136,2022-06-22,DELIVERED
3570,926,2024-11-05,DELIVERED
3571,1660,2022-03-15,DELIVERED
3572,904,2022-07-07,DELIVERED
3573,367,2023-04-27,RETURNED
3574,823,2024-07-05,DELIVERED
3575,402,2023-01-18,DELIVERED
3576,1261,2024-07-14,DELIVERED
3577,1598,2022-06-09,RETURNED
3578,131,2024-08-02,DELIVERED
3579,1090,2024-10-05,DELIVERED
3580,308,2024-06-12,DELIVERED
3581,1472,2022-11-12,CANCELLED
3582,266,2023-10-18,DELIVERED
3583,402,2024-10-08,RETURNED
3584,79,2024-12-25,DELIVERED
3585,1074,2022-01-02,DELIVERED
3586,382,2023-05-02,DELIVERED
3587,1425,2023-07-06,RETURNED
3588,1359,2024-01-09,CANCELLED
3589,800,2024-02-20,CANCELLED
3590,680,2024-07-24,DELIVERED
3591,63,2022-09-13,DELIVERED
3592,1843,2022-12-27,CANCELLED
3593,702,2024-02-07,DELIVERED
3594,374,2024-12-08,DELIVERED
3595,1216,2024-03-18,DELIVERED
3596,723,2023-08-26,DELIVERED
3597,506,2022-09-30,DELIVERED
3598,1515,2023-07-06,CANCELLED
3599,1701,2023-04-01,RETURNED
3600,399,2022-07-31,DELIVERED
3601,337,2023-06-18,DELIVERED
3602,1394,2023-11-03,DELIVERED
3603,1560,2023-11-23,CANCELLED
3604,1910,2024-09-16,DELIVERED
3605,1936,2023-12-05,DELIVERED
3606,1984,2022-12-18,DELIVERED
3607,1207,2023-03-30,RETURNED
3608,456,2023-12-05,DELIVERED
3609,1601,2024-01-28,DELIVERED
3610,1763,2024-10-30,DELIVERED
3611,1456,2024-03-12,DELIVERED
3612,53,2024-09-29,DELIVERED
3613,1959,2024-03-02,RETURNED
3614,1145,2023-10-27,DELIVERED
3615,657,2024-09-25,CANCELLED
3616,589,2023-06-20,DELIVERED
3617,398,2023-09-20,DELIVERED
3618,246,2024-11-15,CANCELLED
3619,153,2022-08-20,RETURNED
3620,1227,2024-09-18,DELIVERED
3621,408,2024-12-04,CANCELLED
3622,684,2023-04-29,DELIVERED
3623,78,2022-06-26,CANCELLED
3624,431,2024-03-18,DELIVERED
3625,667,2023-08-25,DELIVERED
3626,670,2023-11-03,DELIVERED
3627,444,2022-12-22,DELIVERED
3628,1815,2023-03-16,CANCELLED
3629,975,2024-12-10,DELIVERED
3630,1636,2024-05-22,DELIVERED
3631,650,2022-04-04,DELIVERED
3632,1272,2023-06-29,RETURNED
3633,307,2022-08-12,DELIVERED
3634,1577,2022-06-28,DELIVERED
3635,725,2022-12-30,DELIVERED
3636,1261,2024-12-19,RETURNED
3637,250,2024-12-08,DELIVERED
3638,124,2022-09-27,CANCELLED
3639,14,2023-07-11,DELIVERED
3640,482,2024-11-19,DELIVERED
3641,1755,2023-12-15,DELIVERED
3642,1824,2022-10-08,RETURNED
3643,1142,2024-05-26,DELIVERED
3644,1957,2023-10-27,RETURNED
3645,1196,2024-11-03,DELIVERED
3646,1545,2024-07-10,DELIVERED
3647,573,2023-09-04,RETURNED
3648,284,2024-10-06,CANCELLED
3649,1045,2023-11-22,RETURNED
3650,1830,2023-07-27,DELIVERED
3651,696,2024-05-14,RETURNED
3652,1632,2023-10-12,CANCELLED
3653,1724,2023-08-13,DELIVERED
3654,264,2023-09-16,RETURNED
3655,1865,2022-09-01,RETURNED
3656,1664,2024-05-26,RETURNED
3657,53,2022-10-06,RETURNED
3658,13,2022-03-22,DELIVERED
3659,1642,2023-09-21,DELIVERED
3660,471,2023-04-21,DELIVERED
3661,485,2022-09-26,DELIVERED
3662,1692,2022-08-26,CANCELLED
3663,1779,2023-10-12,DELIVERED
3664,12,2023-10-26,DELIVERED
3665,70,2024-12-04,DELIVERED
3666,1297,2024-05-21,DELIVERED
3667,374,2022-07-25,DELIVERED
3668,583,2024-11-30,DELIVERED
3669,785,2024-03-01,DELIVERED
3670,1468,2024-10-01,DELIVERED
3671,1973,2023-03-31,DELIVERED
3672,1841,2024-06-22,CANCELLED
3673,600,2024-04-26,DELIVERED
3674,14,2022-09-23,DELIVERED
3675,1056,2022-12-10,RETURNED
3676,590,2023-03-05,RETURNED
3677,143,2024-12-12,DELIVERED
3678,1667,2022-12-21,CANCELLED
3679,1655,2022-08-05,CANCELLED
3680,390,2022-05-09,DELIVERED
3681,1243,2022-10-21,RETURNED
3682,1322,2022-01-15,DELIVERED
3683,1279,2022-07-09,DELIVERED
3684,1513,2022-01-17,RETURNED
3685,1065,2023-05-17,DELIVERED
3686,1003,2022-11-24,DELIVERED
3687,1133,2024-08-06,DELIVERED
3688,1091,2022-12-05,CANCELLED
3689,828,2024-11-28,CANCELLED
3690,1363,2024-07-22,DELIVERED
3691,371,2023-12-18,DELIVERED
3692,658,2023-06-18,CANCELLED
3693,744,2023-06-29,DELIVERED
3694,777,2022-11-13,RETURNED
3695,1930,2022-03-08,DELIVERED
3696,1267,2022-07-04,DELIVERED
3697,1589,2024-07-17,DELIVERED
3698,1347,2023-05-09,CANCELLED
3699,804,2022-04-19,DELIVERED
3700,373,2024-06-19,RETURNED
3701,1322,2024-08-18,DELIVERED
3702,937,2023-03-17,DELIVERED
3703,1613,2023-03-21,RETURNED
3704,1343,2023-01-17,RETURNED
3705,1897,2022-03-01,DELIVERED
3706,354,2022-11-14,DELIVERED
3707,1161,2023-03-15,CANCELLED
3708,1806,2022-12-17,RETURNED
3709,1501,2024-05-24,CANCELLED
3710,1347,2022-06-04,DELIVERED
3711,484,2022-10-22,DELIVERED
3712,342,2023-10-28,DELIVERED
3713,1439,2023-05-16,CANCELLED
3714,1753,2023-02-21,DELIVERED
3715,1925,2023-09-23,DELIVERED
3716,251,2024-09-28,CANCELLED
3717,949,2024-10-06,DELIVERED
3718,1656,2024-03-16,DELIVERED
3719,1930,2022-02-10,DELIVERED
3720,535,2023-06-04,DELIVERED
3721,1952,2024-10-17,DELIVERED
3722,1485,2022-08-27,DELIVERED
3723,916,2024-06-17,DELIVERED
3724,1170,2022-12-24,DELIVERED
3725,332,2022-04-24,DELIVERED
3726,1366,2024-08-17,CANCELLED
3727,1866,2024-10-16,CANCELLED
3728,439,2024-10-01,CANCELLED
3729,1675,2023-11-01,DELIVERED
3730,1949,2024-11-28,DELIVERED
3731,306,2022-02-27,CANCELLED
3732,1542,2022-07-21,DELIVERED
3733,747,2024-03-24,CANCELLED
3734,1488,2022-04-22,DELIVERED
3735,355,2022-03-19,RETURNED
3736,544,2024-09-28,DELIVERED
3737,1925,2024-08-11,DELIVERED
3738,1037,2024-06-16,DELIVERED
3739,432,2024-02-02,DELIVERED
3740,732,2023-01-14,DELIVERED
3741,1096,2024-03-18,RETURNED
3742,1636,2022-03-24,DELIVERED
3743,570,2023-09-11,DELIVERED
3744,795,2022-06-17,CANCELLED
3745,1752,2023-10-19,DELIVERED
3746,137,2023-12-12,CANCELLED
3747,334,2023-03-07,RETURNED
3748,1169,2022-07-11,DELIVERED
3749,306,2022-12-09,CANCELLED
3750,1495,2023-12-15,DELIVERED
3751,190,2023-09-13,DELIVERED
3752,568,2024-11-13,DELIVERED
3753,1254,2023-02-07,RETURNED
3754,1181,2024-05-01,RETURNED
3755,170,2023-03-07,DELIVERED
3756,1024,2022-07-10,DELIVERED
3757,236,2022-10-25,DELIVERED
3758,1297,2022-11-06,CANCELLED
3759,237,2023-03-01,DELIVERED
3760,1776,2024-07-31,DELIVERED
3761,1542,2022-10-13,DELIVERED
3762,1241,2022-07-02,DELIVERED
3763,784,2024-04-04,DELIVERED
3764,1871,2023-01-06,DELIVERED
3765,1265,2022-03-07,DELIVERED
3766,1481,2023-12-04,DELIVERED
3767,1896,2024-12-19,CANCELLED
3768,1910,2023-05-25,DELIVERED
3769,1276,2023-03-15,DELIVERED
3770,1172,2023-01-30,DELIVERED
3771,691,2023-03-03,DELIVERED
3772,1353,2023-01-02,DELIVERED
3773,1796,2023-09-10,CANCELLED
3774,213,2022-11-03,CANCELLED
3775,578,2022-12-27,DELIVERED
3776,583,2022-02-16,CANCELLED
3777,1399,2024-03-19,DELIVERED
3778,288,2023-11-22,RETURNED
3779,1181,2023-10-31,RETURNED
3780,308,2023-08-11,DELIVERED
3781,36,2023-02-01,CANCELLED
3782,752,2023-12-18,CANCELLED
3783,1720,2022-05-16,CANCELLED
3784,1508,2022-01-03,CANCELLED
3785,440,2023-12-09,DELIVERED
3786,1423,2024-10-13,CANCELLED
3787,1590,2022-07-19,DELIVERED
3788,930,2022-08-31,DELIVERED
3789,391,2024-05-18,RETURNED
3790,1126,2023-10-31,DELIVERED
3791,794,2023-09-21,CANCELLED
3792,267,2023-03-11,CANCELLED
3793,532,2022-06-03,RETURNED
3794,1595,2022-11-16,DELIVERED
3795,987,2022-04-21,DELIVERED
3796,742,2022-11-28,DELIVERED
3797,1142,2024-10-10,DELIVERED
3798,341,2022-05-06,DELIVERED
3799,1478,2022-06-24,DELIVERED
3800,1766,2022-02-15,DELIVERED
3801,267,2022-09-17,RETURNED
3802,1088,2022-08-08,DELIVERED
3803,535,2022-11-21,CANCELLED
3804,1402,2022-01-16,DELIVERED
3805,1455,2023-08-08,DELIVERED
3806,121,2022-09-13,DELIVERED
3807,744,2024-04-10,RETURNED
3808,1156,2024-07-13,DELIVERED
3809,1829,2023-09-24,DELIVERED
3810,760,2024-06-25,DELIVERED
3811,1595,2023-12-14,DELIVERED
3812,871,2022-12-20,RETURNED
3813,515,2024-09-09,CANCELLED
3814,281,2023-05-30,DELIVERED
3815,6,2022-08-15,DELIVERED
3816,122,2022-08-31,CANCELLED
3817,1054,2022-09-09,DELIVERED
3818,55,2024-04-24,DELIVERED
3819,206,2024-07-09,DELIVERED
3820,1564,2022-07-04,DELIVERED
3821,868,2024-11-23,DELIVERED
3822,27,2024-11-24,DELIVERED
3823,1489,2024-01-21,DELIVERED
3824,304,2022-03-04,RETURNED
3825,222,2023-12-03,CANCELLED
3826,950,2022-06-22,DELIVERED
3827,87,2024-04-16,DELIVERED
3828,505,2022-04-21,DELIVERED
3829,470,2023-11-12,DELIVERED
3830,98,2023-08-13,DELIVERED
3831,1087,2023-07-19,DELIVERED
3832,409,2024-03-31,DELIVERED
3833,1442,2023-02-07,DELIVERED
3834,1158,2024-06-10,DELIVERED
3835,1089,2024-12-17,DELIVERED
3836,916,2024-05-22,CANCELLED
3837,1221,2023-06-04,DELIVERED
3838,419,2022-09-04,DELIVERED
3839,684,2023-02-12,RETURNED
3840,1646,2023-02-15,DELIVERED
3841,321,2024-06-19,RETURNED
3842,1717,2024-06-14,RETURNED
3843,895,2022-11-01,DELIVERED
3844,1199,2022-05-12,DELIVERED
3845,1702,2022-10-11,DELIVERED
3846,973,2022-02-08,DELIVERED
3847,545,2024-04-05,DELIVERED
3848,206,2023-09-29,RETURNED
3849,1284,2022-02-21,CANCELLED
3850,1629,2022-08-27,DELIVERED
3851,1206,2024-09-21,DELIVERED
3852,255,2023-06-01,DELIVERED
3853,1534,2023-06-22,DELIVERED
3854,1114,2022-05-20,CANCELLED
3855,1153,2023-07-07,DELIVERED
3856,646,2023-05-26,DELIVERED
3857,1450,2022-05-15,DELIVERED
3858,353,2022-03-28,DELIVERED
3859,1247,2024-10-24,DELIVERED
3860,1208,2023-09-02,DELIVERED
3861,1225,2024-10-14,RETURNED
3862,809,2024-12-19,RETURNED
3863,1309,2023-04-04,DELIVERED
3864,407,2024-08-06,DELIVERED
3865,1404,2022-09-04,CANCELLED
3866,783,2023-08-23,DELIVERED
3867,1860,2024-02-22,RETURNED
3868,305,2023-03-19,DELIVERED
3869,1951,2022-04-11,DELIVERED
3870,1170,2023-06-30,DELIVERED
3871,1702,2022-12-23,CANCELLED
3872,895,2023-01-10,DELIVERED
3873,1411,2024-11-21,DELIVERED
3874,1219,2023-08-16,DELIVERED
3875,1868,2022-08-22,RETURNED
3876,914,2022-01-31,DELIVERED
3877,1685,2023-06-25,DELIVERED
3878,883,2022-10-13,DELIVERED
3879,957,2022-04-15,DELIVERED
3880,1679,2022-12-18,DELIVERED
3881,842,2022-04-23,CANCELLED
3882,1354,2022-02-26,DELIVERED
3883,1353,2023-06-16,DELIVERED
3884,1907,2022-06-21,DELIVERED
3885,1402,2024-11-16,DELIVERED
3886,1813,2024-07-07,RETURNED
3887,1838,2022-08-18,DELIVERED
3888,911,2022-02-15,CANCELLED
3889,1101,2024-10-28,DELIVERED
3890,1976,2023-08-17,RETURNED
3891,1041,2022-03-04,CANCELLED
3892,1744,2022-05-25,RETURNED
3893,1901,2024-03-28,RETURNED
3894,623,2024-12-31,DELIVERED
3895,1553,2022-09-04,DELIVERED
3896,1803,2023-12-31,DELIVERED
3897,1511,2023-04-23,DELIVERED
3898,902,2024-11-04,DELIVERED
3899,1910,2022-01-24,DELIVERED
3900,127,2022-02-22,DELIVERED
3901,96,2024-05-07,DELIVERED
3902,970,2022-07-11,CANCELLED
3903,369,2023-01-22,DELIVERED
3904,175,2023-09-06,DELIVERED
3905,188,2022-06-22,RETURNED
3906,1047,2024-10-20,DELIVERED
3907,1210,2023-07-08,CANCELLED
3908,1229,2024-05-17,DELIVERED
3909,1034,2022-11-05,DELIVERED
3910,1541,2024-03-14,DELIVERED
3911,1373,2024-09-04,DELIVERED
3912,103,2023-07-02,DELIVERED
3913,727,2023-04-15,CANCELLED
3914,530,2022-07-01,CANCELLED
3915,868,2022-08-19,DELIVERED
3916,91,2024-10-09,RETURNED
3917,1316,2023-05-24,DELIVERED
3918,582,2023-04-05,DELIVERED
3919,773,2023-12-27,DELIVERED
3920,1907,2024-07-31,DELIVERED
3921,1760,2024-03-26,DELIVERED
3922,1311,2022-04-03,RETURNED
3923,1897,2024-05-13,CANCELLED
3924,580,2024-02-10,DELIVERED
3925,510,2023-06-27,RETURNED
3926,880,2022-02-22,DELIVERED
3927,1048,2023-10-02,DELIVERED
3928,910,2022-01-24,DELIVERED
3929,693,2022-07-29,DELIVERED
3930,328,2023-12-30,DELIVERED
3931,498,2024-04-12,DELIVERED
3932,1120,2022-09-14,DELIVERED
3933,1982,2023-03-31,DELIVERED
3934,820,2024-12-26,DELIVERED
3935,467,2022-03-26,RETURNED
3936,282,2023-06-14,DELIVERED
3937,310,2024-12-15,DELIVERED
3938,1180,2022-05-20,DELIVERED
3939,1277,2022-05-10,DELIVERED
3940,152,2023-03-16,RETURNED
3941,232,2023-05-24,DELIVERED
3942,1548,2022-12-01,RETURNED
3943,1789,2023-02-23,CANCELLED
3944,222,2023-04-22,DELIVERED
3945,1474,2024-04-14,RETURNED
3946,700,2023-01-18,RETURNED
3947,90,2023-06-06,DELIVERED
3948,1047,2022-07-13,DELIVERED
3949,1597,2022-02-14,RETURNED
3950,738,2023-07-25,CANCELLED
3951,1015,2022-10-24,DELIVERED
3952,1263,2022-07-19,DELIVERED
3953,1332,2022-03-06,RETURNED
3954,1428,2023-08-16,DELIVERED
3955,1614,2024-05-02,DELIVERED
3956,130,2024-08-20,CANCELLED
3957,992,2022-05-14,CANCELLED
3958,260,2023-06-14,DELIVERED
3959,1174,2022-03-27,DELIVERED
3960,1959,2022-01-06,RETURNED
3961,946,2022-10-25,DELIVERED
3962,164,2024-06-25,DELIVERED
3963,1059,2022-08-03,CANCELLED
3964,1720,2023-10-31,DELIVERED
3965,1883,2024-03-18,DELIVERED
3966,1940,2023-06-27,DELIVERED
3967,1263,2023-05-25,DELIVERED
3968,1192,2024-03-21,DELIVERED
3969,1126,2024-06-20,DELIVERED
3970,1038,2024-02-20,DELIVERED
3971,1411,2022-07-04,DELIVERED
3972,1205,2023-06-19,RETURNED
3973,1646,2022-04-11,DELIVERED
3974,1257,2022-10-04,CANCELLED
3975,1392,2023-01-05,DELIVERED
3976,1408,2024-09-05,RETURNED
3977,505,2024-02-21,RETURNED
3978,92,2023-12-21,DELIVERED
3979,972,2022-06-10,DELIVERED
3980,1492,2022-05-07,DELIVERED
3981,1221,2024-03-19,DELIVERED
3982,644,2023-05-25,DELIVERED
3983,1453,2022-09-15,DELIVERED
3984,1187,2023-06-17,DELIVERED
3985,1228,2022-04-25,DELIVERED
3986,16,2022-04-11,DELIVERED
3987,1344,2023-09-09,CANCELLED
3988,612,2024-12-22,RETURNED
3989,513,2023-01-02,DELIVERED
3990,1886,2024-02-10,RETURNED
3991,1398,2023-07-16,CANCELLED
3992,1517,2024-06-09,DELIVERED
3993,841,2022-04-13,DELIVERED
3994,893,2023-06-21,DELIVERED
3995,1680,2023-09-29,DELIVERED
3996,1772,2024-01-16,DELIVERED
3997,908,2023-11-28,DELIVERED
3998,60,2024-07-11,CANCELLED
3999,632,2023-10-16,RETURNED
4000,394,2024-11-03,CANCELLED
4001,60,2024-05-20,DELIVERED
4002,1756,2024-01-27,DELIVERED
4003,829,2024-02-20,CANCELLED
4004,1750,2023-01-13,CANCELLED
4005,690,2023-08-16,DELIVERED
4006,813,2023-11-16,DELIVERED
4007,711,2023-04-14,RETURNED
4008,19,2024-05-21,DELIVERED
4009,383,2022-08-31,DELIVERED
4010,603,2023-01-06,RETURNED
4011,1635,2024-07-14,DELIVERED
4012,1806,2024-09-06,DELIVERED
4013,971,2023-09-29,DELIVERED
4014,1565,2023-10-10,DELIVERED
4015,800,2022-02-26,DELIVERED
4016,363,2023-07-30,CANCELLED
4017,205,2022-07-09,DELIVERED
4018,1992,2024-10-27,CANCELLED
4019,515,2024-12-28,CANCELLED
4020,1310,2024-03-06,RETURNED
4021,13,2022-01-31,DELIVERED
4022,1206,2024-11-23,RETURNED
4023,986,2024-10-09,RETURNED
4024,262,2023-02-06,RETURNED
4025,355,2024-01-04,DELIVERED
4026,1609,2022-01-28,RETURNED
4027,560,2024-07-02,DELIVERED
4028,1472,2024-04-16,CANCELLED
4029,1747,2022-12-03,DELIVERED
4030,871,2022-06-05,DELIVERED
4031,228,2022-12-04,DELIVERED
4032,1083,2023-05-30,DELIVERED
4033,1556,2024-09-07,DELIVERED
4034,881,2023-12-10,DELIVERED
4035,1495,2024-03-01,RETURNED
4036,1091,2022-04-09,DELIVERED
4037,718,2022-12-12,DELIVERED
4038,543,2024-11-18,DELIVERED
4039,262,2022-09-10,DELIVERED
4040,1423,2023-04-22,DELIVERED
4041,1800,2023-06-03,DELIVERED
4042,1541,2023-07-04,DELIVERED
4043,1385,2024-05-29,DELIVERED
4044,1337,2024-01-23,DELIVERED
4045,957,2023-11-25,CANCELLED
4046,1782,2023-02-08,CANCELLED
4047,158,2022-08-17,DELIVERED
4048,397,2022-11-12,RETURNED
4049,917,2023-08-08,CANCELLED
4050,1260,2024-10-03,DELIVERED
4051,1272,2022-06-23,DELIVERED
4052,1846,2024-03-26,CANCELLED
4053,498,2023-08-25,DELIVERED
4054,1390,2022-12-07,DELIVERED
4055,63,2023-01-28,RETURNED
4056,1137,2024-02-17,DELIVERED
4057,1679,2022-05-30,RETURNED
4058,725,2022-01-26,DELIVERED
4059,125,2022-05-18,DELIVERED
4060,793,2023-05-21,CANCELLED
4061,523,2023-11-05,CANCELLED
4062,399,2022-03-09,DELIVERED
4063,1624,2023-04-16,DELIVERED
4064,1117,2024-10-27,CANCELLED
4065,547,2023-04-15,DELIVERED
4066,471,2023-09-18,DELIVERED
4067,1757,2022-08-01,DELIVERED
4068,1465,2024-03-22,DELIVERED
4069,1035,2023-08-10,DELIVERED
4070,138,2024-05-20,DELIVERED
4071,353,2023-07-26,DELIVERED
4072,1878,2024-01-07,DELIVERED
4073,876,2022-04-20,CANCELLED
4074,431,2024-12-31,RETURNED
4075,1410,2022-05-16,DELIVERED
4076,1269,2023-03-22,DELIVERED
4077,1607,2022-08-08,DELIVERED
4078,1406,2023-10-19,DELIVERED
4079,1221,2022-09-10,DELIVERED
4080,935,2024-10-25,DELIVERED
4081,524,2024-03-01,CANCELLED
4082,1164,2024-05-21,RETURNED
4083,1081,2024-11-19,CANCELLED
4084,1813,2022-05-05,DELIVERED
4085,645,2024-09-12,DELIVERED
4086,273,2024-09-08,DELIVERED
4087,1720,2024-07-09,DELIVERED
4088,520,2024-02-11,DELIVERED
4089,1660,2022-07-03,RETURNED
4090,1226,2024-02-20,CANCELLED
4091,359,2023-07-03,DELIVERED
4092,418,2023-04-09,DELIVERED
4093,334,2024-12-03,DELIVERED
4094,1164,2022-07-31,DELIVERED
4095,231,2024-10-20,DELIVERED
4096,1885,2022-11-18,RETURNED
4097,1161,2023-03-07,RETURNED
4098,1059,2024-11-20,RETURNED
4099,1458,2023-03-11,DELIVERED
4100,249,2022-04-02,CANCELLED
4101,31,2023-01-15,DELIVERED
4102,1821,2022-01-05,DELIVERED
4103,1417,2024-12-05,DELIVERED
4104,889,2024-02-17,DELIVERED
4105,1864,2022-03-03,DELIVERED
4106,1294,2024-09-11,CANCELLED
4107,250,2022-01-23,DELIVERED
4108,1675,2023-08-29,DELIVERED
4109,786,2022-07-10,DELIVERED
4110,1879,2023-04-27,RETURNED
4111,593,2023-10-16,DELIVERED
4112,1314,2022-06-24,DELIVERED
4113,1547,2022-04-08,CANCELLED
4114,566,2024-05-12,CANCELLED
4115,1570,2022-10-11,DELIVERED
4116,634,2024-04-16,RETURNED
4117,1206,2023-10-10,CANCELLED
4118,1619,2022-07-20,DELIVERED
4119,407,2022-02-04,DELIVERED
4120,1540,2024-04-07,RETURNED
4121,8,2024-01-28,CANCELLED
4122,572,2023-11-06,RETURNED
4123,1205,2024-02-16,DELIVERED
4124,153,2023-11-10,DELIVERED
4125,1412,2022-04-05,DELIVERED
4126,1992,2024-03-09,DELIVERED
4127,189,2022-06-01,DELIVERED
4128,1326,2024-03-15,RETURNED
4129,613,2022-06-27,CANCELLED
4130,1442,2023-04-06,RETURNED
4131,4,2024-07-04,DELIVERED
4132,206,2024-03-27,DELIVERED
4133,1890,2023-07-05,CANCELLED
4134,962,2022-03-27,DELIVERED
4135,31,2024-01-23,CANCELLED
4136,1557,2023-02-03,DELIVERED
4137,1123,2023-02-19,DELIVERED
4138,289,2024-02-13,DELIVERED
4139,1163,2024-04-09,DELIVERED
4140,1243,2024-07-29,CANCELLED
4141,1082,2023-04-25,DELIVERED
4142,1143,2024-12-01,RETURNED
4143,1159,2022-08-31,DELIVERED
4144,1397,2024-09-20,CANCELLED
4145,149,2024-01-16,DELIVERED
4146,1645,2024-05-28,DELIVERED
4147,929,2022-06-08,DELIVERED
4148,1837,2024-02-12,DELIVERED
4149,1218,2023-04-30,DELIVERED
4150,1932,2022-06-28,DELIVERED
4151,1805,2024-01-05,DELIVERED
4152,1974,2024-12-05,DELIVERED
4153,1702,2023-01-18,DELIVERED
4154,620,2022-06-11,DELIVERED
4155,12,2024-01-25,RETURNED
4156,1927,2022-05-30,CANCELLED
4157,740,2023-11-19,DELIVERED
4158,1990,2022-08-30,DELIVERED
4159,936,2023-08-19,CANCELLED
4160,1375,2022-10-10,DELIVERED
4161,789,2023-01-14,CANCELLED
4162,198,2022-10-24,DELIVERED
4163,1247,2024-04-04,RETURNED
4164,893,2023-06-30,DELIVERED
4165,289,2024-09-04,DELIVERED
4166,1204,2022-06-02,DELIVERED
4167,1662,2023-06-26,CANCELLED
4168,751,2023-06-30,RETURNED
4169,216,2023-12-11,DELIVERED
4170,764,2024-09-22,CANCELLED
4171,93,2023-10-16,DELIVERED
4172,1036,2022-09-16,DELIVERED
4173,1184,2022-10-17,DELIVERED
4174,1782,2024-01-22,DELIVERED
4175,1,2022-02-06,RETURNED
4176,102,2022-05-10,DELIVERED
4177,450,2023-12-02,DELIVERED
4178,1947,2022-04-19,DELIVERED
4179,433,2022-10-06,DELIVERED
4180,1771,2024-08-20,RETURNED
4181,1031,2022-11-30,RETURNED
4182,1252,2023-11-03,RETURNED
4183,1814,2023-07-28,DELIVERED
4184,183,2024-09-21,DELIVERED
4185,1937,2024-11-24,DELIVERED
4186,1411,2023-06-21,CANCELLED
4187,493,2022-07-04,DELIVERED
4188,860,2022-05-29,DELIVERED
4189,1913,2024-02-04,DELIVERED
4190,135,2022-05-01,CANCELLED
4191,1932,2022-05-01,DELIVERED
4192,1177,2024-02-01,RETURNED
4193,1251,2022-12-31,CANCELLED
4194,1815,2022-08-12,RETURNED
4195,1346,2022-06-26,DELIVERED
4196,876,2022-06-15,CANCELLED
4197,90,2024-01-13,DELIVERED
4198,1674,2024-06-21,DELIVERED
4199,1167,2022-10-06,DELIVERED
4200,68,2024-08-04,DELIVERED
4201,882,2023-10-05,DELIVERED
4202,10,2024-09-17,DELIVERED
4203,1435,2022-06-27,RETURNED
4204,1176,2023-10-02,DELIVERED
4205,671,2023-08-24,DELIVERED
4206,1323,2022-10-16,CANCELLED
4207,1069,2024-08-17,DELIVERED
4208,1138,2023-03-13,RETURNED
4209,845,2023-12-07,DELIVERED
4210,527,2023-07-26,RETURNED
4211,1569,2022-08-25,DELIVERED
4212,1501,2022-06-30,RETURNED
4213,1625,2024-11-20,RETURNED
4214,972,2023-02-19,CANCELLED
4215,1661,2022-06-19,DELIVERED
4216,1579,2022-05-25,DELIVERED
4217,681,2022-04-03,DELIVERED
4218,1587,2024-04-05,DELIVERED
4219,376,2022-05-21,DELIVERED
4220,608,2023-03-13,RETURNED
4221,1605,2024-01-08,DELIVERED
4222,1074,2023-05-11,DELIVERED
4223,1881,2022-11-07,DELIVERED
4224,124,2024-04-10,RETURNED
4225,1118,2024-06-10,DELIVERED
4226,880,2024-07-06,DELIVERED
4227,1123,2023-03-25,RETURNED
4228,515,2023-09-06,RETURNED
4229,1031,2023-02-04,DELIVERED
4230,1982,2022-12-29,DELIVERED
4231,467,2024-02-23,RETURNED
4232,1634,2023-09-03,DELIVERED
4233,283,2022-04-08,DELIVERED
4234,109,2024-07-01,CANCELLED
4235,1899,2023-07-21,CANCELLED
4236,806,2024-01-08,DELIVERED
4237,688,2023-12-23,DELIVERED
4238,1968,2024-03-24,DELIVERED
4239,1157,2023-01-10,CANCELLED
4240,20,2022-03-11,DELIVERED
4241,683,2023-10-27,DELIVERED
4242,1011,2023-09-26,CANCELLED
4243,1365,2022-07-28,RETURNED
4244,205,2022-06-20,RETURNED
4245,948,2024-11-05,RETURNED
4246,195,2022-02-09,DELIVERED
4247,1650,2023-08-28,CANCELLED
4248,912,2024-03-07,DELIVERED
4249,1440,2022-12-29,DELIVERED
4250,49,2024-04-11,CANCELLED
4251,760,2023-04-24,DELIVERED
4252,1884,2023-07-03,DELIVERED
4253,171,2022-12-29,RETURNED
4254,1829,2022-06-19,DELIVERED
4255,374,2024-06-15,RETURNED
4256,1608,2024-01-02,RETURNED
4257,122,2022-01-22,DELIVERED
4258,856,2022-04-14,DELIVERED
4259,228,2023-11-22,DELIVERED
4260,1474,2023-01-10,RETURNED
4261,711,2023-06-16,DELIVERED
4262,1824,2023-11-27,DELIVERED
4263,579,2022-03-31,RETURNED
4264,1009,2022-07-24,CANCELLED
4265,1443,2023-01-27,CANCELLED
4266,950,2022-04-12,RETURNED
4267,1451,2024-01-20,DELIVERED
4268,1871,2023-04-18,DELIVERED
4269,1699,2022-05-15,DELIVERED
4270,805,2023-08-13,RETURNED
4271,1274,2023-03-19,RETURNED
4272,1583,2022-01-25,DELIVERED
4273,1838,2022-08-31,DELIVERED
4274,714,2022-09-16,RETURNED
4275,1799,2023-03-16,DELIVERED
4276,1038,2023-08-06,DELIVERED
4277,1112,2023-09-07,DELIVERED
4278,1864,2022-07-12,RETURNED
4279,1340,2023-11-21,RETURNED
4280,1263,2022-12-23,RETURNED
4281,736,2023-12-10,CANCELLED
4282,499,2024-02-05,DELIVERED
4283,698,2022-10-28,DELIVERED
4284,795,2022-05-25,DELIVERED
4285,835,2024-09-24,DELIVERED
4286,1183,2022-01-27,DELIVERED
4287,815,2024-05-27,RETURNED
4288,1862,2022-05-01,DELIVERED
4289,793,2024-06-18,DELIVERED
4290,91,2023-05-10,RETURNED
4291,1026,2023-07-01,DELIVERED
4292,257,2023-03-23,DELIVERED
4293,1168,2023-08-15,DELIVERED
4294,1432,2024-02-07,RETURNED
4295,43,2022-01-06,DELIVERED
4296,939,2024-02-12,CANCELLED
4297,1734,2022-11-18,DELIVERED
4298,17,2023-03-23,DELIVERED
4299,713,2022-01-23,DELIVERED
4300,436,2024-02-17,DELIVERED
4301,267,2024-03-12,DELIVERED
4302,217,2024-07-29,DELIVERED
4303,377,2022-05-06,DELIVERED
4304,1355,2022-11-03,DELIVERED
4305,454,2023-09-23,DELIVERED
4306,196,2022-05-23,DELIVERED
4307,1613,2022-03-07,DELIVERED
4308,1318,2024-05-13,CANCELLED
4309,96,2023-12-31,DELIVERED
4310,1305,2024-04-27,DELIVERED
4311,498,2022-01-29,DELIVERED
4312,1850,2022-08-27,DELIVERED
4313,805,2024-06-28,DELIVERED
4314,279,2022-01-14,DELIVERED
4315,1390,2023-11-17,RETURNED
4316,1892,2024-07-23,DELIVERED
4317,1795,2024-07-12,DELIVERED
4318,1159,2023-01-17,DELIVERED
4319,1216,2024-05-17,DELIVERED
4320,810,2022-04-06,DELIVERED
4321,1727,2023-05-08,DELIVERED
4322,1647,2023-01-02,CANCELLED
4323,1812,2022-10-17,DELIVERED
4324,725,2024-12-02,DELIVERED
4325,524,2024-08-04,RETURNED
4326,1823,2022-02-20,DELIVERED
4327,259,2022-01-03,RETURNED
4328,235,2022-07-06,CANCELLED
4329,1725,2022-11-28,DELIVERED
4330,1540,2022-01-13,DELIVERED
4331,884,2022-12-11,DELIVERED
4332,1629,2022-12-17,DELIVERED
4333,1858,2024-12-10,CANCELLED
4334,1070,2024-09-28,CANCELLED
4335,1406,2024-01-20,DELIVERED
4336,889,2022-08-06,CANCELLED
4337,1031,2024-06-13,DELIVERED
4338,761,2023-11-12,DELIVERED
4339,168,2023-10-03,DELIVERED
4340,950,2024-08-21,DELIVERED
4341,1415,2022-07-12,DELIVERED
4342,1059,2022-04-02,CANCELLED
4343,1537,2023-11-27,RETURNED
4344,981,2024-12-31,CANCELLED
4345,1433,2023-03-19,DELIVERED
4346,769,2022-11-13,DELIVERED
4347,1192,2024-09-09,RETURNED
4348,1646,2024-11-08,DELIVERED
4349,1970,2023-09-29,RETURNED
4350,1347,2022-07-16,RETURNED
4351,283,2022-12-11,CANCELLED
4352,977,2022-11-29,DELIVERED
4353,364,2023-03-14,DELIVERED
4354,1100,2022-09-19,DELIVERED
4355,1718,2023-04-14,DELIVERED
4356,1937,2022-11-15,DELIVERED
4357,182,2023-07-23,DELIVERED
4358,571,2023-03-09,CANCELLED
4359,1894,2024-12-10,CANCELLED
4360,136,2024-05-13,RETURNED
4361,1960,2024-01-08,DELIVERED
4362,1456,2023-02-06,CANCELLED
4363,1379,2022-09-17,CANCELLED
4364,1505,2022-01-27,DELIVERED
4365,1299,2023-03-02,RETURNED
4366,568,2022-11-02,DELIVERED
4367,269,2022-09-25,CANCELLED
4368,1020,2024-01-06,RETURNED
4369,261,2022-07-31,DELIVERED
4370,1471,2023-02-02,DELIVERED
4371,1591,2022-09-25,DELIVERED
4372,856,2023-11-19,RETURNED
4373,834,2023-06-04,DELIVERED
4374,6,2022-04-28,DELIVERED
4375,1625,2023-04-18,RETURNED
4376,902,2024-07-24,DELIVERED
4377,815,2022-07-16,DELIVERED
4378,460,2022-09-28,CANCELLED
4379,1401,2022-02-16,DELIVERED
4380,1226,2022-07-03,DELIVERED
4381,1810,2022-06-01,DELIVERED
4382,775,2022-03-25,RETURNED
4383,326,2024-12-23,DELIVERED
4384,1934,2022-03-01,DELIVERED
4385,1725,2023-07-20,DELIVERED
4386,793,2024-03-13,DELIVERED
4387,1163,2022-06-16,CANCELLED
4388,416,2022-08-31,DELIVERED
4389,29,2024-10-23,DELIVERED
4390,832,2024-01-25,RETURNED
4391,856,2024-03-16,DELIVERED
4392,1543,2022-03-25,DELIVERED
4393,1435,2024-03-17,RETURNED
4394,173,2024-11-14,CANCELLED
4395,742,2024-01-11,DELIVERED
4396,1191,2023-08-11,CANCELLED
4397,1605,2023-06-06,DELIVERED
4398,75,2024-06-22,RETURNED
4399,802,2023-02-07,DELIVERED
4400,1239,2023-01-22,CANCELLED
4401,1163,2024-05-03,DELIVERED
4402,620,2024-02-11,DELIVERED
4403,389,2022-09-23,CANCELLED
4404,790,2022-10-03,DELIVERED
4405,1709,2022-08-29,DELIVERED
4406,1984,2022-10-28,DELIVERED
4407,1610,2024-04-21,DELIVERED
4408,1884,2023-12-05,RETURNED
4409,1137,2023-10-19,DELIVERED
4410,310,2022-07-27,DELIVERED
4411,1742,2024-11-17,DELIVERED
4412,1956,2022-03-22,DELIVERED
4413,1010,2022-07-20,CANCELLED
4414,1906,2024-04-14,DELIVERED
4415,492,2023-09-30,RETURNED
4416,1457,2022-06-23,DELIVERED
4417,1170,2024-02-18,DELIVERED
4418,412,2023-11-25,CANCELLED
4419,1818,2022-10-02,CANCELLED
4420,1972,2023-07-31,RETURNED
4421,1995,2023-01-18,RETURNED
4422,1366,2022-04-28,DELIVERED
4423,484,2023-04-06,DELIVERED
4424,1945,2023-02-19,RETURNED
4425,72,2023-05-09,DELIVERED
4426,1447,2024-01-20,CANCELLED
4427,1084,2024-10-19,DELIVERED
4428,766,2023-07-01,DELIVERED
4429,957,2024-03-10,RETURNED
4430,1155,2023-07-05,DELIVERED
4431,1631,2024-07-17,DELIVERED
4432,1459,2023-07-04,CANCELLED
4433,1931,2023-11-19,RETURNED
4434,739,2023-05-07,DELIVERED
4435,1156,2024-08-25,RETURNED
4436,555,2024-03-15,DELIVERED
4437,1492,2024-10-26,DELIVERED
4438,1653,2022-05-11,DELIVERED
4439,1856,2023-07-29,DELIVERED
4440,363,2023-12-04,DELIVERED
4441,46,2022-01-17,DELIVERED
4442,1896,2023-09-20,DELIVERED
4443,1669,2023-12-01,DELIVERED
4444,818,2022-10-20,DELIVERED
4445,1926,2024-01-31,DELIVERED
4446,814,2023-09-11,CANCELLED
4447,373,2022-08-20,RETURNED
4448,491,2022-01-28,DELIVERED
4449,566,2022-10-07,DELIVERED
4450,1592,2022-09-01,DELIVERED
4451,789,2022-09-08,RETURNED
4452,586,2022-04-18,RETURNED
4453,1954,2023-06-27,DELIVERED
4454,1196,2023-02-05,DELIVERED
4455,1838,2022-11-19,RETURNED
4456,1673,2022-08-27,DELIVERED
4457,649,2023-09-25,DELIVERED
4458,1659,2022-04-25,DELIVERED
4459,846,2023-03-27,DELIVERED
4460,938,2023-04-08,DELIVERED
4461,1859,2022-02-07,DELIVERED
4462,1323,2022-09-07,DELIVERED
4463,1088,2023-12-31,RETURNED
4464,291,2022-09-04,DELIVERED
4465,1495,2024-07-03,DELIVERED
4466,1910,2023-07-30,DELIVERED
4467,429,2024-01-13,CANCELLED
4468,1348,2023-07-27,CANCELLED
4469,361,2024-06-05,RETURNED
4470,1036,2024-08-01,DELIVERED
4471,1729,2024-10-17,DELIVERED
4472,1019,2023-02-02,DELIVERED
4473,336,2022-02-21,DELIVERED
4474,842,2023-12-01,RETURNED
4475,1681,2022-10-30,DELIVERED
4476,911,2024-08-05,DELIVERED
4477,1183,2024-05-30,DELIVERED
4478,664,2024-04-12,DELIVERED
4479,959,2022-01-07,DELIVERED
4480,1866,2022-05-07,DELIVERED
4481,96,2024-01-02,CANCELLED
4482,1667,2024-06-18,RETURNED
4483,129,2022-02-20,RETURNED
4484,753,2023-10-29,DELIVERED
4485,1349,2022-04-04,DELIVERED
4486,1886,2022-11-08,DELIVERED
4487,1398,2022-12-31,CANCELLED
4488,135,2023-09-26,DELIVERED
4489,949,2023-02-04,DELIVERED
4490,55,2023-09-09,DELIVERED
4491,1175,2022-09-10,CANCELLED
4492,446,2024-03-26,DELIVERED
4493,1286,2022-06-27,DELIVERED
4494,337,2022-03-13,DELIVERED
4495,406,2024-02-14,DELIVERED
4496,719,2022-11-12,DELIVERED
4497,801,2022-12-27,RETURNED
4498,55,2023-01-17,DELIVERED
4499,1293,2024-09-19,CANCELLED
4500,705,2022-09-19,CANCELLED
4501,1980,2023-12-23,CANCELLED
4502,1761,2023-03-13,RETURNED
4503,304,2022-12-13,DELIVERED
4504,1420,2024-06-25,DELIVERED
4505,1262,2023-01-25,RETURNED
4506,1236,2022-12-23,DELIVERED
4507,745,2024-08-28,DELIVERED
4508,1697,2023-03-31,CANCELLED
4509,462,2022-09-22,DELIVERED
4510,875,2022-06-28,DELIVERED
4511,1991,2022-03-13,DELIVERED
4512,188,2022-04-11,DELIVERED
4513,941,2022-04-04,DELIVERED
4514,797,2024-10-16,CANCELLED
4515,248,2024-11-01,CANCELLED
4516,1700,2023-02-14,DELIVERED
4517,203,2022-01-29,DELIVERED
4518,320,2024-03-22,DELIVERED
4519,1321,2023-04-01,RETURNED
4520,1144,2023-01-10,CANCELLED
4521,1974,2024-10-06,DELIVERED
4522,1725,2024-06-09,RETURNED
4523,1561,2023-06-21,DELIVERED
4524,529,2024-04-04,DELIVERED
4525,665,2024-06-25,CANCELLED
4526,269,2022-10-25,DELIVERED
4527,1987,2023-03-20,RETURNED
4528,313,2022-10-18,RETURNED
4529,1884,2024-11-07,DELIVERED
4530,218,2023-08-22,DELIVERED
4531,316,2023-12-10,DELIVERED
4532,1373,2022-11-12,CANCELLED
4533,1362,2023-01-13,DELIVERED
4534,1963,2023-12-26,DELIVERED
4535,773,2023-01-10,CANCELLED
4536,1266,2023-11-23,DELIVERED
4537,1344,2022-04-11,RETURNED
4538,497,2024-09-07,RETURNED
4539,502,2022-05-17,RETURNED
4540,235,2024-12-24,DELIVERED
4541,813,2024-10-04,DELIVERED
4542,1696,2023-04-29,DELIVERED
4543,1371,2023-10-08,DELIVERED
4544,1145,2023-09-17,CANCELLED
4545,1338,2023-10-26,DELIVERED
4546,1820,2022-05-27,DELIVERED
4547,790,2022-12-24,DELIVERED
4548,118,2024-11-07,CANCELLED
4549,1360,2024-03-28,DELIVERED
4550,1697,2024-08-27,DELIVERED
4551,791,2022-05-10,DELIVERED
4552,567,2024-09-02,DELIVERED
4553,653,2023-05-30,DELIVERED
4554,1637,2022-12-23,RETURNED
4555,1352,2022-05-18,DELIVERED
4556,877,2023-07-03,DELIVERED
4557,1160,2023-12-02,DELIVERED
4558,557,2022-02-04,DELIVERED
4559,1374,2022-07-07,DELIVERED
4560,770,2023-03-10,DELIVERED
4561,924,2024-10-14,DELIVERED
4562,379,2022-05-04,DELIVERED
4563,2,2022-10-08,DELIVERED
4564,346,2024-06-09,RETURNED
4565,1366,2022-01-31,DELIVERED
4566,1776,2024-10-13,DELIVERED
4567,1493,2022-07-03,DELIVERED
4568,151,2023-02-18,DELIVERED
4569,1540,2024-05-30,RETURNED
4570,1271,2024-04-06,DELIVERED
4571,1161,2024-07-18,DELIVERED
4572,1160,2024-12-07,DELIVERED
4573,152,2022-12-04,DELIVERED
4574,1830,2024-09-17,DELIVERED
4575,1635,2023-01-15,DELIVERED
4576,1336,2024-03-08,DELIVERED
4577,58,2024-07-31,RETURNED
4578,1425,2024-12-22,DELIVERED
4579,974,2024-05-10,DELIVERED
4580,1722,2023-03-02,RETURNED
4581,1403,2023-09-25,DELIVERED
4582,1235,2022-07-07,DELIVERED
4583,783,2023-11-05,DELIVERED
4584,64,2024-11-15,DELIVERED
4585,1609,2023-11-17,DELIVERED
4586,256,2022-10-24,DELIVERED
4587,248,2022-05-22,DELIVERED
4588,49,2023-12-16,DELIVERED
4589,775,2023-07-12,RETURNED
4590,1154,2024-07-23,CANCELLED
4591,582,2024-09-09,DELIVERED
4592,103,2022-01-03,DELIVERED
4593,1983,2024-08-08,DELIVERED
4594,634,2024-06-10,DELIVERED
4595,610,2024-07-06,DELIVERED
4596,1892,2023-09-26,RETURNED
4597,183,2024-05-09,CANCELLED
4598,790,2023-12-13,DELIVERED
4599,70,2023-06-11,RETURNED
4600,68,2022-02-17,DELIVERED
4601,723,2023-10-07,DELIVERED
4602,964,2023-02-12,DELIVERED
4603,1514,2024-03-01,RETURNED
4604,1158,2024-05-23,DELIVERED
4605,1972,2024-08-09,DELIVERED
4606,226,2024-01-04,DELIVERED
4607,1426,2024-02-18,DELIVERED
4608,422,2022-04-12,DELIVERED
4609,1216,2024-08-12,CANCELLED
4610,368,2024-01-24,DELIVERED
4611,331,2024-12-19,DELIVERED
4612,847,2023-02-27,DELIVERED
4613,481,2022-06-10,RETURNED
4614,1258,2023-08-17,RETURNED
4615,1272,2023-11-18,DELIVERED
4616,715,2023-07-31,DELIVERED
4617,891,2023-05-23,DELIVERED
4618,677,2023-06-21,RETURNED
4619,1930,2023-08-22,CANCELLED
4620,630,2023-06-12,CANCELLED
4621,1622,2023-09-18,DELIVERED
4622,811,2023-05-16,CANCELLED
4623,497,2023-06-14,DELIVERED
4624,924,2023-08-07,DELIVERED
4625,1805,2023-07-07,RETURNED
4626,541,2022-02-05,DELIVERED
4627,1385,2022-12-17,DELIVERED
4628,98,2023-11-04,DELIVERED
4629,263,2024-09-03,CANCELLED
4630,448,2024-12-27,DELIVERED
4631,1808,2024-12-05,DELIVERED
4632,1913,2023-07-07,DELIVERED
4633,323,2022-08-01,RETURNED
4634,1832,2024-07-01,DELIVERED
4635,1416,2022-12-21,DELIVERED
4636,981,2022-03-30,DELIVERED
4637,618,2024-11-28,DELIVERED
4638,588,2024-04-25,DELIVERED
4639,968,2022-09-28,RETURNED
4640,258,2022-03-18,DELIVERED
4641,88,2023-09-11,DELIVERED
4642,887,2023-09-16,DELIVERED
4643,132,2022-10-31,CANCELLED
4644,458,2022-04-22,CANCELLED
4645,290,2023-12-30,DELIVERED
4646,1595,2022-08-24,DELIVERED
4647,1770,2024-08-03,DELIVERED
4648,806,2023-12-31,DELIVERED
4649,1219,2024-03-13,DELIVERED
4650,1193,2023-11-22,DELIVERED
4651,1720,2024-08-23,RETURNED
4652,1138,2024-05-31,RETURNED
4653,162,2023-03-24,RETURNED
4654,535,2024-01-09,DELIVERED
4655,388,2023-06-16,DELIVERED
4656,813,2024-03-05,DELIVERED
4657,149,2023-04-02,RETURNED
4658,1128,2024-01-30,DELIVERED
4659,420,2023-08-31,RETURNED
4660,391,2024-04-14,DELIVERED
4661,1374,2022-10-05,DELIVERED
4662,510,2023-02-04,DELIVERED
4663,600,2023-01-11,DELIVERED
4664,426,2022-08-09,DELIVERED
4665,476,2024-07-12,CANCELLED
4666,852,2024-10-30,CANCELLED
4667,1382,2024-03-22,CANCELLED
4668,1107,2022-02-27,DELIVERED
4669,1621,2023-10-05,CANCELLED
4670,1838,2022-10-16,DELIVERED
4671,575,2024-02-21,CANCELLED
4672,1965,2022-04-13,DELIVERED
4673,1649,2022-07-03,DELIVERED
4674,1992,2024-09-24,DELIVERED
4675,586,2022-05-12,DELIVERED
4676,386,2022-03-18,DELIVERED
4677,1724,2023-10-15,DELIVERED
4678,468,2024-01-21,RETURNED
4679,335,2022-11-28,CANCELLED
4680,1249,2023-07-29,DELIVERED
4681,693,2023-01-07,DELIVERED
4682,690,2022-11-23,DELIVERED
4683,274,2024-12-01,RETURNED
4684,1278,2023-04-24,DELIVERED
4685,34,2022-10-03,DELIVERED
4686,1175,2022-08-09,DELIVERED
4687,1798,2022-01-21,DELIVERED
4688,450,2023-02-09,DELIVERED
4689,960,2024-06-22,DELIVERED
4690,1418,2022-09-09,DELIVERED
4691,877,2024-07-23,DELIVERED
4692,1671,2022-01-22,DELIVERED
4693,875,2022-10-18,CANCELLED
4694,1249,2023-12-13,CANCELLED
4695,646,2023-05-26,RETURNED
4696,117,2022-12-22,DELIVERED
4697,759,2023-03-08,DELIVERED
4698,1929,2022-12-21,RETURNED
4699,1505,2023-06-14,CANCELLED
4700,350,2023-04-27,DELIVERED
4701,555,2022-09-27,DELIVERED
4702,1107,2023-08-30,DELIVERED
4703,1939,2022-02-03,DELIVERED
4704,1470,2022-11-30,RETURNED
4705,1356,2022-09-29,DELIVERED
4706,1805,2024-02-04,DELIVERED
4707,1668,2024-04-27,RETURNED
4708,531,2024-08-05,CANCELLED
4709,1963,2022-07-28,CANCELLED
4710,976,2024-10-11,DELIVERED
4711,534,2024-04-27,DELIVERED
4712,1612,2023-01-10,RETURNED
4713,103,2024-03-02,DELIVERED
4714,1110,2023-04-11,DELIVERED
4715,1886,2024-06-21,DELIVERED
4716,1388,2024-08-18,DELIVERED
4717,696,2024-11-01,RETURNED
4718,132,2023-01-04,DELIVERED
4719,1227,2022-03-24,CANCELLED
4720,1198,2023-12-04,DELIVERED
4721,1553,2024-12-29,DELIVERED
4722,522,2024-11-04,CANCELLED
4723,302,2023-05-22,DELIVERED
4724,1285,2023-01-20,DELIVERED
4725,1576,2022-06-06,CANCELLED
4726,205,2022-09-24,DELIVERED
4727,97,2022-09-02,DELIVERED
4728,1979,2024-11-17,DELIVERED
4729,1428,2023-12-11,RETURNED
4730,1133,2024-05-01,CANCELLED
4731,1522,2022-04-13,DELIVERED
4732,1825,2022-06-01,DELIVERED
4733,102,2024-09-19,DELIVERED
4734,74,2023-04-07,DELIVERED
4735,722,2022-08-01,DELIVERED
4736,1269,2023-05-31,DELIVERED
4737,365,2023-10-14,CANCELLED
4738,1838,2022-08-13,DELIVERED
4739,354,2022-12-26,DELIVERED
4740,1009,2024-03-05,CANCELLED
4741,512,2023-03-28,DELIVERED
4742,373,2022-12-01,DELIVERED
4743,1756,2023-08-16,DELIVERED
4744,232,2024-02-09,DELIVERED
4745,1391,2023-10-19,DELIVERED
4746,534,2024-02-23,CANCELLED
4747,394,2023-02-04,CANCELLED
4748,4,2023-02-05,DELIVERED
4749,594,2023-08-26,DELIVERED
4750,1797,2022-02-07,DELIVERED
4751,1722,2024-11-28,DELIVERED
4752,1228,2023-11-09,DELIVERED
4753,952,2022-02-12,CANCELLED
4754,22,2024-02-06,DELIVERED
4755,774,2024-11-05,DELIVERED
4756,147,2023-10-04,DELIVERED
4757,1397,2024-07-06,DELIVERED
4758,1278,2023-01-08,DELIVERED
4759,1300,2023-03-05,DELIVERED
4760,1798,2023-10-11,DELIVERED
4761,549,2023-01-14,DELIVERED
4762,1020,2024-08-29,DELIVERED
4763,350,2022-11-24,RETURNED
4764,1162,2022-11-11,DELIVERED
4765,165,2024-03-28,DELIVERED
4766,172,2022-10-18,CANCELLED
4767,275,2022-02-26,DELIVERED
4768,1173,2022-11-19,DELIVERED
4769,586,2022-08-28,DELIVERED
4770,1893,2024-04-20,DELIVERED
4771,311,2023-10-13,DELIVERED
4772,1362,2024-04-03,DELIVERED
4773,501,2024-08-06,DELIVERED
4774,1664,2022-11-12,DELIVERED
4775,353,2023-08-31,DELIVERED
4776,1954,2023-01-04,DELIVERED
4777,773,2022-06-05,DELIVERED
4778,531,2024-11-19,DELIVERED
4779,1370,2023-11-27,DELIVERED
4780,420,2022-08-08,DELIVERED
4781,1103,2022-03-24,DELIVERED
4782,1176,2024-12-30,RETURNED
4783,460,2022-11-18,DELIVERED
4784,1316,2022-06-21,DELIVERED
4785,311,2022-07-13,RETURNED
4786,355,2022-06-06,DELIVERED
4787,607,2024-11-13,DELIVERED
4788,1810,2022-08-19,CANCELLED
4789,1103,2022-11-11,RETURNED
4790,1113,2024-05-04,DELIVERED
4791,823,2023-09-03,RETURNED
4792,213,2022-08-13,DELIVERED
4793,537,2022-04-30,DELIVERED
4794,626,2022-10-01,CANCELLED
4795,1380,2022-01-02,DELIVERED
4796,796,2022-12-30,DELIVERED
4797,1030,2024-10-16,DELIVERED
4798,1075,2024-09-10,DELIVERED
4799,643,2024-12-02,DELIVERED
4800,1509,2024-03-05,DELIVERED
4801,578,2024-03-28,CANCELLED
4802,1588,2022-09-01,DELIVERED
4803,1484,2022-09-22,DELIVERED
4804,1349,2023-01-05,DELIVERED
4805,289,2024-06-12,CANCELLED
4806,367,2022-06-03,DELIVERED
4807,36,2023-09-18,DELIVERED
4808,94,2023-08-06,DELIVERED
4809,519,2024-12-25,DELIVERED
4810,1992,2022-08-19,DELIVERED
4811,995,2024-11-12,RETURNED
4812,1164,2022-08-18,DELIVERED
4813,1767,2024-07-03,DELIVERED
4814,1558,2024-04-12,DELIVERED
4815,1217,2023-07-23,DELIVERED
4816,1079,2022-07-17,DELIVERED
4817,1053,2023-02-12,DELIVERED
4818,1126,2022-02-10,DELIVERED
4819,1793,2024-06-03,DELIVERED
4820,43,2022-12-11,CANCELLED
4821,128,2022-01-12,DELIVERED
4822,403,2022-11-27,DELIVERED
4823,397,2024-03-22,DELIVERED
4824,198,2022-01-08,DELIVERED
4825,96,2023-10-31,CANCELLED
4826,554,2023-05-16,RETURNED
4827,1842,2023-04-27,DELIVERED
4828,4,2023-12-29,DELIVERED
4829,332,2024-05-05,CANCELLED
4830,1262,2022-12-17,DELIVERED
4831,1157,2022-05-08,DELIVERED
4832,816,2024-12-29,DELIVERED
4833,336,2024-07-25,CANCELLED
4834,1912,2023-05-15,RETURNED
4835,364,2023-02-28,RETURNED
4836,1028,2024-02-29,DELIVERED
4837,1808,2023-02-22,DELIVERED
4838,991,2024-04-14,RETURNED
4839,171,2024-11-01,DELIVERED
4840,234,2024-04-04,DELIVERED
4841,932,2022-08-03,DELIVERED
4842,1131,2023-09-17,RETURNED
4843,223,2022-01-02,RETURNED
4844,389,2022-11-14,DELIVERED
4845,1621,2022-11-18,DELIVERED
4846,463,2022-11-09,DELIVERED
4847,1108,2024-11-06,CANCELLED
4848,459,2023-12-17,RETURNED
4849,945,2022-05-10,DELIVERED
4850,667,2022-02-10,DELIVERED
4851,1835,2024-09-14,DELIVERED
4852,195,2022-03-30,DELIVERED
4853,1289,2024-01-29,CANCELLED
4854,343,2022-01-13,DELIVERED
4855,1914,2024-12-06,DELIVERED
4856,1340,2023-06-30,DELIVERED
4857,154,2022-09-18,DELIVERED
4858,911,2024-04-19,DELIVERED
4859,1881,2024-10-27,DELIVERED
4860,722,2024-05-08,DELIVERED
4861,1093,2023-05-21,DELIVERED
4862,613,2023-12-18,DELIVERED
4863,365,2022-02-04,RETURNED
4864,1684,2022-11-05,CANCELLED
4865,772,2024-01-25,DELIVERED
4866,1684,2024-03-28,DELIVERED
4867,1565,2022-12-16,DELIVERED
4868,725,2022-07-12,DELIVERED
4869,918,2023-02-23,DELIVERED
4870,1039,2022-11-29,DELIVERED
4871,458,2023-07-13,DELIVERED
4872,1287,2022-01-19,CANCELLED
4873,1512,2023-09-03,RETURNED
4874,1187,2022-02-16,DELIVERED
4875,1285,2024-08-31,DELIVERED
4876,1265,2024-04-23,DELIVERED
4877,624,2022-05-09,CANCELLED
4878,1176,2024-03-22,DELIVERED
4879,1152,2022-01-08,DELIVERED
4880,1220,2024-07-25,DELIVERED
4881,1393,2024-10-16,DELIVERED
4882,721,2023-08-06,DELIVERED
4883,155,2024-11-08,DELIVERED
4884,1246,2024-10-29,CANCELLED
4885,231,2024-04-21,DELIVERED
4886,592,2024-07-27,DELIVERED
4887,1291,2023-12-05,DELIVERED
4888,1502,2024-12-28,DELIVERED
4889,780,2023-08-23,CANCELLED
4890,1094,2022-02-27,DELIVERED
4891,648,2022-01-21,CANCELLED
4892,342,2024-11-20,CANCELLED
4893,1794,2022-01-21,DELIVERED
4894,351,2022-08-31,CANCELLED
4895,65,2022-12-02,DELIVERED
4896,1969,2024-07-28,DELIVERED
4897,820,2023-08-17,DELIVERED
4898,1847,2022-05-06,DELIVERED
4899,1115,2023-01-02,DELIVERED
4900,1708,2023-06-02,DELIVERED
4901,214,2023-03-30,DELIVERED
4902,1797,2023-01-25,RETURNED
4903,1648,2022-03-26,DELIVERED
4904,625,2023-05-01,DELIVERED
4905,1510,2024-08-28,DELIVERED
4906,1751,2022-08-06,DELIVERED
4907,852,2023-04-30,DELIVERED
4908,1896,2024-07-04,CANCELLED
4909,1875,2022-01-27,DELIVERED
4910,436,2022-04-05,DELIVERED
4911,1475,2024-03-10,CANCELLED
4912,826,2022-07-28,DELIVERED
4913,1781,2023-12-30,DELIVERED
4914,36,2024-01-03,DELIVERED
4915,199,2023-06-19,CANCELLED
4916,393,2024-06-16,RETURNED
4917,1362,2023-08-26,DELIVERED
4918,1167,2022-04-17,DELIVERED
4919,983,2022-02-09,DELIVERED
4920,1088,2024-08-24,DELIVERED
4921,1799,2022-03-13,DELIVERED
4922,1293,2023-02-22,DELIVERED
4923,1820,2022-09-09,DELIVERED
4924,556,2023-08-29,DELIVERED
4925,1985,2023-06-01,DELIVERED
4926,1220,2022-03-30,DELIVERED
4927,562,2023-12-04,RETURNED
4928,1145,2024-03-31,CANCELLED
4929,767,2022-12-04,DELIVERED
4930,80,2024-02-13,DELIVERED
4931,1594,2022-09-16,DELIVERED
4932,1865,2023-12-06,DELIVERED
4933,894,2024-09-05,DELIVERED
4934,1910,2024-05-21,CANCELLED
4935,378,2023-01-06,DELIVERED
4936,17,2023-11-11,DELIVERED
4937,1909,2023-08-27,DELIVERED
4938,61,2023-06-14,DELIVERED
4939,984,2024-03-07,DELIVERED
4940,591,2023-10-29,DELIVERED
4941,457,2024-06-14,DELIVERED
4942,198,2023-04-20,DELIVERED
4943,641,2022-01-13,DELIVERED
4944,168,2022-10-08,DELIVERED
4945,1493,2023-12-14,DELIVERED
4946,341,2022-04-26,DELIVERED
4947,511,2024-03-18,DELIVERED
4948,379,2022-07-07,RETURNED
4949,140,2024-08-25,DELIVERED
4950,1595,2022-10-21,DELIVERED
4951,949,2024-10-10,DELIVERED
4952,1582,2023-07-09,DELIVERED
4953,1118,2023-05-20,DELIVERED
4954,1139,2023-10-20,CANCELLED
4955,658,2023-10-28,DELIVERED
4956,1197,2023-09-18,DELIVERED
4957,1724,2023-12-11,DELIVERED
4958,1760,2023-10-03,DELIVERED
4959,237,2024-10-25,DELIVERED
4960,755,2022-06-22,DELIVERED
4961,113,2023-11-20,RETURNED
4962,1084,2022-04-07,DELIVERED
4963,1228,2022-07-09,DELIVERED
4964,931,2023-09-22,DELIVERED
4965,472,2024-01-20,DELIVERED
4966,731,2022-10-17,DELIVERED
4967,1790,2024-12-19,CANCELLED
4968,1748,2023-08-29,DELIVERED
4969,1617,2024-08-02,DELIVERED
4970,1190,2023-09-07,CANCELLED
4971,1170,2024-07-29,DELIVERED
4972,593,2023-02-21,DELIVERED
4973,474,2024-09-27,DELIVERED
4974,63,2023-04-01,DELIVERED
4975,1086,2023-03-22,DELIVERED
4976,1790,2022-05-21,DELIVERED
4977,491,2024-12-03,RETURNED
4978,374,2024-05-24,RETURNED
4979,1051,2024-08-29,DELIVERED
4980,1822,2022-12-25,CANCELLED
4981,1141,2022-05-20,DELIVERED
4982,357,2024-09-09,DELIVERED
4983,403,2022-01-20,DELIVERED
4984,1137,2024-06-09,DELIVERED
4985,1402,2022-05-09,DELIVERED
4986,251,2024-06-30,DELIVERED
4987,837,2023-11-01,CANCELLED
4988,436,2023-11-02,CANCELLED
4989,989,2024-11-14,DELIVERED
4990,1049,2022-08-08,DELIVERED
4991,1405,2024-09-06,DELIVERED
4992,572,2024-02-21,DELIVERED
4993,1506,2024-09-08,DELIVERED
4994,776,2022-11-29,DELIVERED
4995,815,2022-05-14,RETURNED
4996,460,2023-03-06,CANCELLED
4997,280,2023-06-11,RETURNED
4998,1289,2024-05-30,DELIVERED
4999,1856,2023-12-01,DELIVERED
5000,1204,2022-03-01,DELIVERED
5001,230,2022-04-09,DELIVERED
5002,1135,2023-11-28,DELIVERED
5003,1183,2022-02-04,DELIVERED
5004,480,2023-11-29,DELIVERED
5005,1443,2022-06-24,DELIVERED
5006,839,2024-12-05,DELIVERED
5007,589,2022-12-15,DELIVERED
5008,799,2023-07-22,CANCELLED
5009,1054,2024-11-24,DELIVERED
5010,1539,2024-07-26,DELIVERED
5011,898,2022-12-16,DELIVERED
5012,1796,2024-01-30,CANCELLED
5013,1823,2024-10-01,DELIVERED
5014,1455,2023-12-15,CANCELLED
5015,259,2024-11-27,CANCELLED
5016,1726,2022-04-16,DELIVERED
5017,147,2024-06-22,CANCELLED
5018,948,2022-06-01,CANCELLED
5019,613,2024-12-19,DELIVERED
5020,1310,2024-07-14,RETURNED
5021,947,2022-01-30,RETURNED
5022,1538,2024-12-19,DELIVERED
5023,1978,2023-06-22,RETURNED
5024,1661,2022-07-22,CANCELLED
5025,1628,2023-02-27,DELIVERED
5026,1558,2022-11-24,DELIVERED
5027,802,2024-12-07,DELIVERED
5028,374,2023-03-22,DELIVERED
5029,430,2024-12-17,DELIVERED
5030,1541,2024-06-08,CANCELLED
5031,234,2022-06-17,DELIVERED
5032,1249,2024-10-03,CANCELLED
5033,164,2023-07-18,RETURNED
5034,690,2022-01-24,RETURNED
5035,47,2022-12-08,CANCELLED
5036,912,2024-08-16,DELIVERED
5037,759,2023-10-09,DELIVERED
5038,1765,2024-05-20,RETURNED
5039,1199,2023-03-02,DELIVERED
5040,1617,2024-02-05,DELIVERED
5041,1698,2023-10-04,CANCELLED
5042,1103,2022-02-12,CANCELLED
5043,952,2022-01-25,CANCELLED
5044,1370,2023-10-15,DELIVERED
5045,1379,2024-03-19,DELIVERED
5046,1525,2022-09-06,DELIVERED
5047,494,2022-06-13,DELIVERED
5048,1964,2024-12-26,DELIVERED
5049,1175,2024-08-29,DELIVERED
5050,1324,2023-10-08,DELIVERED
5051,499,2024-05-23,DELIVERED
5052,121,2024-12-23,DELIVERED
5053,1096,2022-07-26,RETURNED
5054,1469,2022-09-09,DELIVERED
5055,672,2022-05-05,RETURNED
5056,614,2023-03-11,CANCELLED
5057,424,2024-03-31,DELIVERED
5058,703,2024-12-23,DELIVERED
5059,777,2024-04-03,DELIVERED
5060,901,2022-06-11,DELIVERED
5061,715,2024-11-09,CANCELLED
5062,822,2023-05-18,DELIVERED
5063,496,2022-05-04,CANCELLED
5064,1284,2023-11-15,DELIVERED
5065,1998,2024-05-31,DELIVERED
5066,1297,2023-08-21,DELIVERED
5067,505,2022-06-26,DELIVERED
5068,1763,2024-03-01,CANCELLED
5069,491,2024-09-25,DELIVERED
5070,732,2023-12-12,CANCELLED
5071,237,2022-07-27,DELIVERED
5072,505,2024-03-15,RETURNED
5073,1257,2022-03-29,DELIVERED
5074,1717,2024-11-06,RETURNED
5075,966,2024-09-22,DELIVERED
5076,58,2022-11-21,DELIVERED
5077,864,2024-02-14,DELIVERED
5078,703,2023-05-26,DELIVERED
5079,1068,2022-06-18,DELIVERED
5080,523,2023-06-10,DELIVERED
5081,1444,2024-04-24,DELIVERED
5082,1830,2022-08-03,DELIVERED
5083,1427,2024-08-03,RETURNED
5084,663,2023-02-24,DELIVERED
5085,1787,2023-09-06,DELIVERED
5086,544,2022-03-29,RETURNED
5087,1973,2022-09-12,DELIVERED
5088,1371,2022-01-03,DELIVERED
5089,439,2022-01-17,DELIVERED
5090,997,2024-05-09,DELIVERED
5091,276,2024-11-08,RETURNED
5092,540,2023-06-15,DELIVERED
5093,929,2022-08-26,DELIVERED
5094,1186,2023-04-16,DELIVERED
5095,1627,2023-03-09,RETURNED
5096,1179,2024-04-23,DELIVERED
5097,92,2024-05-06,DELIVERED
5098,533,2022-01-08,DELIVERED
5099,355,2024-11-01,DELIVERED
5100,1758,2023-07-24,RETURNED
5101,1043,2024-07-19,CANCELLED
5102,1785,2023-10-18,CANCELLED
5103,719,2022-08-18,RETURNED
5104,486,2023-11-05,DELIVERED
5105,1829,2024-07-18,DELIVERED
5106,1006,2022-09-10,DELIVERED
5107,1820,2023-02-07,DELIVERED
5108,1983,2024-05-20,CANCELLED
5109,1966,2022-09-03,CANCELLED
5110,1552,2024-02-25,CANCELLED
5111,1681,2023-07-09,CANCELLED
5112,1569,2022-03-13,DELIVERED
5113,1940,2023-03-03,DELIVERED
5114,1557,2024-12-06,RETURNED
5115,1039,2024-10-07,DELIVERED
5116,963,2024-06-26,DELIVERED
5117,736,2024-11-14,DELIVERED
5118,480,2023-03-16,DELIVERED
5119,1559,2024-08-30,DELIVERED
5120,1699,2023-05-30,DELIVERED
5121,1470,2022-01-18,DELIVERED
5122,1276,2022-08-19,RETURNED
5123,715,2023-01-31,DELIVERED
5124,1305,2024-05-08,RETURNED
5125,382,2022-09-19,DELIVERED
5126,715,2023-06-26,CANCELLED
5127,1987,2022-03-22,RETURNED
5128,139,2022-12-15,RETURNED
5129,477,2022-06-24,DELIVERED
5130,1484,2023-12-31,DELIVERED
5131,275,2022-01-15,DELIVERED
5132,573,2022-05-16,DELIVERED
5133,1449,2024-10-10,DELIVERED
5134,1718,2023-07-12,DELIVERED
5135,441,2022-11-23,DELIVERED
5136,1600,2023-05-07,CANCELLED
5137,1318,2022-06-04,DELIVERED
5138,989,2023-09-26,DELIVERED
5139,1300,2022-10-23,DELIVERED
5140,568,2024-08-11,DELIVERED
5141,1496,2024-08-30,DELIVERED
5142,799,2023-06-08,RETURNED
5143,1177,2024-04-13,DELIVERED
5144,364,2024-02-04,DELIVERED
5145,1016,2023-09-04,CANCELLED
5146,380,2023-08-17,DELIVERED
5147,1705,2023-03-15,DELIVERED
5148,205,2022-08-09,DELIVERED
5149,1274,2022-04-16,DELIVERED
5150,626,2024-02-23,DELIVERED
5151,204,2024-02-21,DELIVERED
5152,973,2022-01-25,DELIVERED
5153,818,2024-07-07,DELIVERED
5154,348,2022-04-25,RETURNED
5155,311,2022-03-13,DELIVERED
5156,687,2023-04-30,DELIVERED
5157,1644,2024-04-28,CANCELLED
5158,144,2024-01-09,DELIVERED
5159,1963,2022-03-05,DELIVERED
5160,953,2024-09-01,DELIVERED
5161,62,2022-05-03,DELIVERED
5162,499,2022-10-07,DELIVERED
5163,1635,2022-01-26,DELIVERED
5164,945,2023-03-19,DELIVERED
5165,184,2023-01-24,CANCELLED
5166,71,2024-07-13,DELIVERED
5167,192,2022-08-12,DELIVERED
5168,1666,2024-02-19,DELIVERED
5169,1523,2024-11-09,DELIVERED
5170,155,2024-03-09,DELIVERED
5171,381,2022-09-03,DELIVERED
5172,1687,2023-06-04,DELIVERED
5173,1889,2023-07-27,CANCELLED
5174,1623,2022-08-18,RETURNED
5175,228,2022-12-09,DELIVERED
5176,1976,2022-05-21,DELIVERED
5177,13,2024-07-20,DELIVERED
5178,502,2024-04-13,DELIVERED
5179,297,2023-04-07,CANCELLED
5180,601,2022-09-27,DELIVERED
5181,296,2022-07-10,DELIVERED
5182,32,2022-10-23,DELIVERED
5183,440,2023-07-07,CANCELLED
5184,291,2022-02-04,DELIVERED
5185,625,2024-07-02,CANCELLED
5186,972,2023-01-05,DELIVERED
5187,47,2023-03-03,DELIVERED
5188,862,2023-12-25,DELIVERED
5189,461,2022-09-25,DELIVERED
5190,162,2024-08-11,DELIVERED
5191,615,2022-02-19,RETURNED
5192,1387,2022-10-02,DELIVERED
5193,707,2024-01-06,DELIVERED
5194,719,2022-08-18,DELIVERED
5195,270,2022-08-05,DELIVERED
5196,1367,2022-08-15,DELIVERED
5197,1905,2022-07-06,DELIVERED
5198,881,2024-04-08,RETURNED
5199,1440,2023-08-08,CANCELLED
5200,1644,2024-04-27,DELIVERED
5201,1139,2024-05-26,CANCELLED
5202,1861,2024-11-18,DELIVERED
5203,260,2023-03-15,DELIVERED
5204,121,2022-01-20,DELIVERED
5205,552,2023-10-01,DELIVERED
5206,49,2024-11-12,CANCELLED
5207,898,2022-07-01,RETURNED
5208,225,2022-03-08,DELIVERED
5209,1270,2022-09-25,DELIVERED
5210,616,2022-03-31,DELIVERED
5211,1170,2024-12-19,RETURNED
5212,1574,2023-02-17,DELIVERED
5213,1971,2022-09-19,CANCELLED
5214,1609,2023-10-30,RETURNED
5215,571,2023-07-05,DELIVERED
5216,554,2024-07-08,RETURNED
5217,81,2024-10-29,DELIVERED
5218,459,2024-12-16,DELIVERED
5219,562,2024-06-03,DELIVERED
5220,1464,2022-01-20,DELIVERED
5221,341,2023-02-13,CANCELLED
5222,1007,2022-10-31,RETURNED
5223,736,2023-11-05,DELIVERED
5224,427,2023-03-23,DELIVERED
5225,43,2022-02-07,DELIVERED
5226,772,2023-05-25,CANCELLED
5227,1524,2024-04-05,DELIVERED
5228,1216,2022-08-16,DELIVERED
5229,7,2024-11-23,DELIVERED
5230,1574,2022-07-04,DELIVERED
5231,244,2024-04-11,CANCELLED
5232,48,2022-07-09,DELIVERED
5233,1543,2022-11-08,CANCELLED
5234,285,2024-10-09,DELIVERED
5235,936,2024-12-25,RETURNED
5236,1183,2024-07-30,CANCELLED
5237,1266,2022-04-02,DELIVERED
5238,1110,2023-11-21,DELIVERED
5239,1726,2022-06-18,RETURNED
5240,1775,2024-05-20,DELIVERED
5241,529,2024-03-06,DELIVERED
5242,104,2022-02-17,RETURNED
5243,1672,2024-11-20,DELIVERED
5244,449,2023-05-26,DELIVERED
5245,1824,2022-07-18,CANCELLED
5246,501,2024-07-01,DELIVERED
5247,197,2024-12-07,RETURNED
5248,652,2022-07-09,DELIVERED
5249,1138,2024-01-27,DELIVERED
5250,676,2024-10-23,DELIVERED
5251,1175,2023-09-25,DELIVERED
5252,38,2023-01-23,DELIVERED
5253,1649,2022-01-25,DELIVERED
5254,417,2023-10-26,CANCELLED
5255,569,2024-04-25,DELIVERED
5256,915,2023-10-21,DELIVERED
5257,1178,2023-05-28,DELIVERED
5258,1824,2023-07-14,RETURNED
5259,885,2024-06-23,DELIVERED
5260,110,2022-07-15,DELIVERED
5261,283,2023-07-01,RETURNED
5262,1477,2022-02-02,CANCELLED
5263,1447,2022-07-07,DELIVERED
5264,312,2022-10-10,DELIVERED
5265,1052,2024-07-03,DELIVERED
5266,1571,2023-08-15,RETURNED
5267,306,2024-03-11,DELIVERED
5268,1088,2023-12-11,DELIVERED
5269,144,2024-10-14,DELIVERED
5270,666,2022-10-06,DELIVERED
5271,1618,2024-01-05,DELIVERED
5272,395,2024-04-22,DELIVERED
5273,1948,2023-04-01,DELIVERED
5274,931,2022-02-05,DELIVERED
5275,179,2022-11-23,DELIVERED
5276,1581,2022-10-13,DELIVERED
5277,680,2022-08-08,DELIVERED
5278,1407,2024-05-07,RETURNED
5279,1287,2022-12-28,CANCELLED
5280,1996,2023-11-02,DELIVERED
5281,37,2023-08-11,DELIVERED
5282,1828,2024-03-25,DELIVERED
5283,65,2022-05-05,DELIVERED
5284,355,2023-03-25,DELIVERED
5285,874,2024-04-16,DELIVERED
5286,175,2022-09-19,DELIVERED
5287,1070,2022-10-21,DELIVERED
5288,61,2022-07-03,CANCELLED
5289,1528,2022-12-26,DELIVERED
5290,1852,2022-09-18,DELIVERED
5291,1895,2024-05-24,DELIVERED
5292,184,2022-09-14,DELIVERED
5293,1853,2023-06-26,RETURNED
5294,1465,2024-02-06,DELIVERED
5295,1507,2024-05-29,DELIVERED
5296,666,2023-04-05,RETURNED
5297,1581,2023-06-14,DELIVERED
5298,1486,2022-04-05,RETURNED
5299,626,2022-12-30,RETURNED
5300,901,2024-05-08,RETURNED
5301,1746,2023-09-07,DELIVERED
5302,1980,2022-02-21,DELIVERED
5303,181,2023-11-13,DELIVERED
5304,750,2024-10-19,CANCELLED
5305,1636,2023-02-24,RETURNED
5306,634,2024-10-04,CANCELLED
5307,532,2023-04-27,DELIVERED
5308,1969,2024-05-13,DELIVERED
5309,840,2024-12-31,DELIVERED
5310,1926,2023-10-13,CANCELLED
5311,1535,2022-09-16,CANCELLED
5312,1369,2023-01-11,DELIVERED
5313,8,2024-11-09,DELIVERED
5314,857,2024-03-04,RETURNED
5315,1909,2024-03-30,RETURNED
5316,1753,2022-09-24,DELIVERED
5317,157,2024-06-24,RETURNED
5318,838,2024-06-24,DELIVERED
5319,1730,2023-07-07,CANCELLED
5320,601,2024-08-27,DELIVERED
5321,165,2022-11-23,DELIVERED
5322,1309,2023-03-02,DELIVERED
5323,75,2024-04-25,RETURNED
5324,223,2024-11-11,DELIVERED
5325,1159,2024-09-16,RETURNED
5326,1994,2022-10-26,DELIVERED
5327,642,2023-07-11,CANCELLED
5328,630,2022-04-20,DELIVERED
5329,859,2024-02-14,DELIVERED
5330,1941,2022-08-15,DELIVERED
5331,689,2024-06-05,CANCELLED
5332,1239,2023-12-31,DELIVERED
5333,526,2022-12-19,DELIVERED
5334,819,2023-07-21,CANCELLED
5335,1317,2022-06-30,CANCELLED
5336,208,2024-10-06,CANCELLED
5337,1120,2022-06-14,DELIVERED
5338,950,2023-05-26,DELIVERED
5339,1370,2024-05-28,DELIVERED
5340,462,2023-11-22,DELIVERED
5341,1616,2023-08-12,DELIVERED
5342,1770,2024-10-26,CANCELLED
5343,1483,2022-05-13,DELIVERED
5344,568,2024-05-09,DELIVERED
5345,830,2024-04-09,DELIVERED
5346,1586,2022-02-07,DELIVERED
5347,202,2022-07-26,RETURNED
5348,373,2022-07-06,DELIVERED
5349,1799,2024-01-30,DELIVERED
5350,1345,2023-07-26,DELIVERED
5351,1488,2023-01-17,DELIVERED
5352,61,2022-08-31,CANCELLED
5353,105,2023-09-29,DELIVERED
5354,1948,2024-12-17,DELIVERED
5355,1688,2023-05-06,DELIVERED
5356,206,2024-10-31,DELIVERED
5357,120,2023-02-19,DELIVERED
5358,1432,2023-02-17,DELIVERED
5359,915,2022-04-12,DELIVERED
5360,1654,2023-07-20,DELIVERED
5361,28,2023-03-06,DELIVERED
5362,1919,2024-08-30,CANCELLED
5363,493,2022-08-08,CANCELLED
5364,1017,2022-07-22,DELIVERED
5365,956,2024-04-29,DELIVERED
5366,1535,2022-08-03,RETURNED
5367,1552,2024-03-05,RETURNED
5368,319,2023-12-28,DELIVERED
5369,1264,2022-04-15,CANCELLED
5370,530,2022-07-21,DELIVERED
5371,584,2024-08-13,CANCELLED
5372,674,2024-01-17,RETURNED
5373,1288,2022-09-04,DELIVERED
5374,1963,2024-06-15,DELIVERED
5375,692,2024-12-21,DELIVERED
5376,245,2022-02-16,DELIVERED
5377,341,2024-12-18,DELIVERED
5378,1715,2024-06-27,DELIVERED
5379,8,2024-08-23,DELIVERED
5380,959,2022-04-26,CANCELLED
5381,959,2022-08-18,RETURNED
5382,217,2024-05-23,DELIVERED
5383,1414,2024-11-14,DELIVERED
5384,1261,2024-08-20,RETURNED
5385,317,2022-09-23,RETURNED
5386,1387,2024-02-26,DELIVERED
5387,1005,2022-09-05,DELIVERED
5388,994,2023-11-25,CANCELLED
5389,83,2024-07-05,RETURNED
5390,1147,2022-08-06,RETURNED
5391,15,2023-01-08,CANCELLED
5392,1121,2022-01-31,DELIVERED
5393,1468,2024-01-21,CANCELLED
5394,954,2024-10-22,DELIVERED
5395,348,2023-06-11,DELIVERED
5396,601,2023-02-02,CANCELLED
5397,277,2023-03-13,RETURNED
5398,1975,2023-01-17,DELIVERED
5399,1689,2022-09-06,DELIVERED
5400,78,2024-02-27,DELIVERED
5401,1564,2024-02-23,DELIVERED
5402,1735,2024-07-22,DELIVERED
5403,1365,2024-08-24,DELIVERED
5404,1641,2024-06-25,DELIVERED
5405,731,2022-05-16,DELIVERED
5406,1414,2022-08-31,DELIVERED
5407,1741,2024-01-17,DELIVERED
5408,1925,2022-10-18,DELIVERED
5409,113,2022-08-25,CANCELLED
5410,1833,2023-09-03,CANCELLED
5411,796,2022-05-29,DELIVERED
5412,1901,2022-01-20,DELIVERED
5413,746,2022-04-06,RETURNED
5414,1956,2024-12-06,CANCELLED
5415,1829,2022-11-17,DELIVERED
5416,434,2022-08-19,DELIVERED
5417,1773,2023-03-31,DELIVERED
5418,591,2023-08-23,DELIVERED
5419,452,2022-02-18,DELIVERED
5420,1870,2022-08-08,CANCELLED
5421,1231,2022-06-02,CANCELLED
5422,648,2023-04-14,DELIVERED
5423,207,2024-01-25,RETURNED
5424,773,2024-09-02,CANCELLED
5425,1564,2024-03-05,DELIVERED
5426,828,2023-05-17,DELIVERED
5427,1778,2023-11-07,DELIVERED
5428,1127,2022-07-05,DELIVERED
5429,668,2022-02-04,CANCELLED
5430,1804,2023-07-20,RETURNED
5431,862,2023-06-16,CANCELLED
5432,319,2024-10-01,DELIVERED
5433,1656,2024-05-19,RETURNED
5434,251,2023-10-18,DELIVERED
5435,1131,2023-11-22,DELIVERED
5436,1567,2022-08-16,DELIVERED
5437,1578,2022-06-06,RETURNED
5438,1859,2024-10-06,DELIVERED
5439,202,2022-10-02,DELIVERED
5440,763,2024-10-16,DELIVERED
5441,700,2024-01-12,DELIVERED
5442,771,2022-04-04,CANCELLED
5443,1664,2024-08-03,DELIVERED
5444,1504,2024-02-25,DELIVERED
5445,606,2023-08-23,DELIVERED
5446,1512,2024-01-28,CANCELLED
5447,866,2024-08-05,DELIVERED
5448,76,2024-01-04,DELIVERED
5449,209,2022-02-25,DELIVERED
5450,126,2024-10-21,DELIVERED
5451,741,2024-02-26,CANCELLED
5452,1546,2024-09-11,DELIVERED
5453,1314,2023-04-16,DELIVERED
5454,1481,2022-05-06,DELIVERED
5455,997,2023-10-14,DELIVERED
5456,468,2024-12-21,DELIVERED
5457,381,2024-06-24,DELIVERED
5458,150,2023-09-10,DELIVERED
5459,665,2024-07-29,DELIVERED
5460,786,2022-04-13,DELIVERED
5461,354,2023-11-12,DELIVERED
5462,1540,2024-03-18,DELIVERED
5463,825,2022-10-30,RETURNED
5464,381,2024-11-23,CANCELLED
5465,94,2024-07-07,DELIVERED
5466,514,2022-10-06,DELIVERED
5467,1337,2024-02-12,DELIVERED
5468,295,2024-09-06,RETURNED
5469,1761,2023-02-27,RETURNED
5470,427,2024-04-01,DELIVERED
5471,1417,2022-10-11,DELIVERED
5472,257,2023-03-23,RETURNED
5473,884,2024-10-29,CANCELLED
5474,1244,2022-04-17,DELIVERED
5475,1376,2022-03-03,CANCELLED
5476,1059,2024-12-07,RETURNED
5477,1212,2023-04-24,DELIVERED
5478,1422,2023-11-17,CANCELLED
5479,1593,2023-04-27,DELIVERED
5480,711,2022-02-22,DELIVERED
5481,1933,2022-10-24,DELIVERED
5482,1184,2024-05-06,CANCELLED
5483,1960,2023-11-02,DELIVERED
5484,921,2024-05-28,RETURNED
5485,1591,2022-01-19,DELIVERED
5486,1397,2023-10-21,DELIVERED
5487,119,2024-08-28,DELIVERED
5488,1806,2024-08-06,DELIVERED
5489,695,2023-12-07,DELIVERED
5490,894,2022-06-07,DELIVERED
5491,1767,2022-02-26,DELIVERED
5492,1601,2024-12-15,DELIVERED
5493,1731,2023-01-06,DELIVERED
5494,1762,2024-04-04,CANCELLED
5495,267,2024-07-21,CANCELLED
5496,370,2022-05-03,CANCELLED
5497,360,2022-10-29,DELIVERED
5498,218,2022-06-03,CANCELLED
5499,1701,2024-01-30,DELIVERED
5500,1004,2024-05-22,DELIVERED
5501,1984,2024-10-04,DELIVERED
5502,337,2022-04-28,CANCELLED
5503,323,2024-02-01,DELIVERED
5504,550,2024-04-07,DELIVERED
5505,477,2022-03-08,DELIVERED
5506,1926,2022-08-01,CANCELLED
5507,1957,2022-01-17,DELIVERED
5508,1755,2023-01-02,DELIVERED
5509,1841,2023-01-05,CANCELLED
5510,1969,2022-01-29,DELIVERED
5511,1824,2023-06-30,DELIVERED
5512,815,2023-07-05,DELIVERED
5513,159,2022-05-05,DELIVERED
5514,52,2022-05-27,DELIVERED
5515,1810,2022-02-09,RETURNED
5516,1652,2022-06-14,DELIVERED
5517,398,2024-07-01,RETURNED
5518,81,2023-12-03,DELIVERED
5519,1928,2022-03-09,DELIVERED
5520,407,2023-03-04,DELIVERED
5521,1711,2024-07-28,DELIVERED
5522,1878,2023-07-27,DELIVERED
5523,459,2022-08-20,RETURNED
5524,903,2022-11-24,DELIVERED
5525,1603,2024-06-27,DELIVERED
5526,495,2022-01-11,DELIVERED
5527,1962,2022-03-08,CANCELLED
5528,1549,2023-10-28,DELIVERED
5529,321,2023-12-18,DELIVERED
5530,1255,2023-10-28,DELIVERED
5531,1237,2023-03-25,CANCELLED
5532,461,2022-09-18,DELIVERED
5533,324,2024-10-07,DELIVERED
5534,1764,2022-06-28,DELIVERED
5535,1173,2022-08-30,CANCELLED
5536,456,2023-12-14,DELIVERED
5537,612,2024-05-29,DELIVERED
5538,1701,2024-05-31,CANCELLED
5539,927,2024-03-20,DELIVERED
5540,1688,2022-12-18,DELIVERED
5541,341,2023-09-15,DELIVERED
5542,421,2024-09-28,DELIVERED
5543,1534,2024-02-05,DELIVERED
5544,1481,2022-01-02,DELIVERED
5545,1119,2024-06-09,DELIVERED
5546,6,2024-05-07,CANCELLED
5547,745,2024-04-25,CANCELLED
5548,45,2022-12-14,DELIVERED
5549,21,2022-07-31,DELIVERED
5550,1726,2022-12-18,DELIVERED
5551,340,2023-01-17,CANCELLED
5552,1852,2024-01-31,CANCELLED
5553,1935,2023-09-05,RETURNED
5554,488,2022-03-08,DELIVERED
5555,1111,2022-03-12,DELIVERED
5556,356,2022-11-18,DELIVERED
5557,395,2023-05-22,DELIVERED
5558,14,2022-12-10,DELIVERED
5559,138,2022-03-25,DELIVERED
5560,767,2023-11-10,DELIVERED
5561,1994,2022-05-02,DELIVERED
5562,1812,2023-04-09,RETURNED
5563,581,2023-11-04,CANCELLED
5564,1399,2022-03-10,DELIVERED
5565,830,2024-10-29,CANCELLED
5566,1656,2023-08-07,DELIVERED
5567,427,2023-02-01,CANCELLED
5568,503,2023-01-30,RETURNED
5569,604,2023-05-20,DELIVERED
5570,335,2024-05-23,DELIVERED
5571,1663,2022-02-24,DELIVERED
5572,1530,2023-04-18,DELIVERED
5573,1704,2023-07-06,CANCELLED
5574,186,2022-11-28,RETURNED
5575,118,2024-06-28,CANCELLED
5576,1539,2024-03-15,DELIVERED
5577,1792,2022-10-02,RETURNED
5578,242,2022-10-20,DELIVERED
5579,1017,2024-04-02,DELIVERED
5580,986,2024-07-30,DELIVERED
5581,762,2023-07-24,DELIVERED
5582,1857,2022-01-31,DELIVERED
5583,1220,2023-07-04,DELIVERED
5584,1160,2023-02-21,RETURNED
5585,701,2022-07-20,DELIVERED
5586,371,2024-03-21,DELIVERED
5587,1440,2023-04-15,DELIVERED
5588,763,2023-04-21,CANCELLED
5589,263,2024-05-17,RETURNED
5590,562,2024-08-27,DELIVERED
5591,1368,2024-11-07,DELIVERED
5592,817,2023-05-31,DELIVERED
5593,1838,2022-10-18,CANCELLED
5594,1824,2024-05-21,DELIVERED
5595,1657,2023-04-14,DELIVERED
5596,1170,2022-11-21,DELIVERED
5597,1801,2024-12-27,RETURNED
5598,646,2022-10-09,DELIVERED
5599,392,2022-12-07,CANCELLED
5600,129,2023-12-26,DELIVERED
5601,1762,2023-11-11,DELIVERED
5602,651,2022-07-12,DELIVERED
5603,1475,2022-10-13,DELIVERED
5604,1311,2022-08-04,DELIVERED
5605,1365,2022-04-12,DELIVERED
5606,905,2024-09-20,RETURNED
5607,945,2022-10-14,DELIVERED
5608,1240,2022-09-17,DELIVERED
5609,1519,2023-05-30,RETURNED
5610,315,2022-07-11,DELIVERED
5611,484,2023-06-05,DELIVERED
5612,1384,2023-10-21,CANCELLED
5613,1106,2022-08-13,DELIVERED
5614,1508,2022-01-16,DELIVERED
5615,1112,2024-09-16,DELIVERED
5616,884,2024-10-06,DELIVERED
5617,1699,2023-02-11,RETURNED
5618,1804,2023-04-26,CANCELLED
5619,1207,2024-05-30,DELIVERED
5620,734,2022-04-28,DELIVERED
5621,957,2023-08-17,RETURNED
5622,564,2022-04-28,RETURNED
5623,684,2024-10-28,CANCELLED
5624,736,2024-12-15,DELIVERED
5625,1699,2022-12-18,RETURNED
5626,657,2024-06-14,CANCELLED
5627,979,2022-10-04,DELIVERED
5628,353,2022-02-06,CANCELLED
5629,546,2024-03-25,DELIVERED
5630,1349,2022-12-11,DELIVERED
5631,1893,2023-03-20,RETURNED
5632,1306,2023-10-16,CANCELLED
5633,165,2024-03-13,DELIVERED
5634,326,2022-12-20,DELIVERED
5635,718,2022-01-18,CANCELLED
5636,1093,2023-01-11,DELIVERED
5637,1630,2024-04-10,DELIVERED
5638,1809,2023-09-07,DELIVERED
5639,1132,2024-04-22,DELIVERED
5640,1558,2023-05-31,RETURNED
5641,1324,2022-01-27,DELIVERED
5642,1937,2022-12-14,CANCELLED
5643,504,2023-07-15,DELIVERED
5644,1167,2022-12-25,DELIVERED
5645,1614,2022-01-28,DELIVERED
5646,1342,2024-05-05,DELIVERED
5647,1703,2024-06-27,DELIVERED
5648,840,2024-03-27,DELIVERED
5649,1882,2023-12-03,CANCELLED
5650,108,2024-01-10,DELIVERED
5651,380,2022-05-17,DELIVERED
5652,584,2022-03-22,DELIVERED
5653,475,2022-06-03,DELIVERED
5654,1558,2022-06-22,DELIVERED
5655,504,2024-01-30,CANCELLED
5656,1104,2022-12-30,DELIVERED
5657,611,2024-08-07,DELIVERED
5658,1945,2023-04-01,DELIVERED
5659,12,2022-04-06,DELIVERED
5660,44,2024-12-19,DELIVERED
5661,996,2022-03-18,DELIVERED
5662,576,2024-03-30,DELIVERED
5663,1404,2024-05-06,CANCELLED
5664,113,2024-08-28,RETURNED
5665,1783,2022-09-23,DELIVERED
5666,448,2024-12-12,CANCELLED
5667,725,2022-01-22,DELIVERED
5668,667,2023-04-13,DELIVERED
5669,410,2023-07-10,DELIVERED
5670,911,2024-05-21,DELIVERED
5671,1756,2023-04-02,DELIVERED
5672,422,2023-02-10,CANCELLED
5673,235,2022-01-26,DELIVERED
5674,1624,2023-06-15,DELIVERED
5675,191,2024-06-10,DELIVERED
5676,1923,2023-02-14,CANCELLED
5677,797,2023-12-16,DELIVERED
5678,1674,2023-08-13,DELIVERED
5679,1534,2023-02-07,DELIVERED
5680,951,2024-08-20,DELIVERED
5681,796,2024-12-07,DELIVERED
5682,1948,2024-05-10,RETURNED
5683,1541,2022-03-06,DELIVERED
5684,1419,2023-03-03,CANCELLED
5685,1238,2023-08-22,DELIVERED
5686,1997,2022-04-03,CANCELLED
5687,1803,2024-05-27,CANCELLED
5688,970,2023-11-03,RETURNED
5689,205,2024-11-13,DELIVERED
5690,41,2022-06-27,CANCELLED
5691,1013,2023-01-22,DELIVERED
5692,1429,2023-01-10,DELIVERED
5693,346,2023-08-11,DELIVERED
5694,912,2023-09-23,DELIVERED
5695,548,2022-06-09,CANCELLED
5696,345,2023-03-25,DELIVERED
5697,878,2023-11-18,CANCELLED
5698,1027,2024-03-07,DELIVERED
5699,919,2022-01-23,DELIVERED
5700,1791,2023-08-24,CANCELLED
5701,758,2023-04-07,DELIVERED
5702,1559,2022-10-08,DELIVERED
5703,1163,2022-03-26,DELIVERED
5704,958,2022-12-21,DELIVERED
5705,889,2023-06-30,DELIVERED
5706,25,2022-01-07,DELIVERED
5707,466,2024-10-22,RETURNED
5708,1282,2023-10-03,DELIVERED
5709,1933,2023-07-03,DELIVERED
5710,801,2023-07-25,DELIVERED
5711,1598,2022-02-02,CANCELLED
5712,67,2023-03-28,DELIVERED
5713,160,2023-06-21,DELIVERED
5714,103,2023-09-17,DELIVERED
5715,1327,2024-04-20,CANCELLED
5716,602,2023-03-31,DELIVERED
5717,1959,2024-12-06,DELIVERED
5718,435,2024-07-25,DELIVERED
5719,1491,2024-02-08,DELIVERED
5720,1542,2024-07-13,CANCELLED
5721,1973,2023-12-21,RETURNED
5722,526,2024-04-28,CANCELLED
5723,270,2024-03-05,CANCELLED
5724,828,2022-05-18,DELIVERED
5725,609,2022-06-28,DELIVERED
5726,1673,2024-11-25,CANCELLED
5727,1170,2022-03-10,RETURNED
5728,306,2024-07-16,DELIVERED
5729,1425,2022-12-08,DELIVERED
5730,226,2022-01-23,CANCELLED
5731,631,2023-11-17,DELIVERED
5732,931,2024-02-28,DELIVERED
5733,2000,2023-04-29,DELIVERED
5734,1542,2024-05-27,DELIVERED
5735,1843,2022-03-16,DELIVERED
5736,508,2024-06-28,DELIVERED
5737,871,2024-11-08,DELIVERED
5738,56,2024-03-22,DELIVERED
5739,902,2023-03-09,DELIVERED
5740,829,2024-08-22,CANCELLED
5741,1818,2022-09-04,DELIVERED
5742,278,2023-01-10,CANCELLED
5743,862,2024-04-20,RETURNED
5744,974,2023-07-30,CANCELLED
5745,1259,2022-02-03,CANCELLED
5746,926,2024-11-06,DELIVERED
5747,883,2023-11-05,DELIVERED
5748,1557,2023-11-06,DELIVERED
5749,1656,2022-04-06,DELIVERED
5750,1539,2023-02-25,DELIVERED
5751,419,2023-09-16,DELIVERED
5752,347,2024-11-20,DELIVERED
5753,1779,2024-10-28,CANCELLED
5754,819,2022-02-19,CANCELLED
5755,645,2023-10-23,CANCELLED
5756,1729,2023-09-12,DELIVERED
5757,285,2022-08-30,DELIVERED
5758,121,2023-06-22,DELIVERED
5759,1149,2024-05-15,CANCELLED
5760,1567,2022-06-09,DELIVERED
5761,823,2024-06-25,DELIVERED
5762,801,2023-02-26,DELIVERED
5763,126,2022-05-23,DELIVERED
5764,334,2022-01-31,DELIVERED
5765,1933,2022-12-30,CANCELLED
5766,1043,2022-06-14,DELIVERED
5767,1161,2022-11-24,DELIVERED
5768,1151,2022-11-12,DELIVERED
5769,662,2023-02-22,CANCELLED
5770,478,2024-08-07,DELIVERED
5771,1511,2022-01-13,DELIVERED
5772,1685,2023-09-23,DELIVERED
5773,352,2024-04-09,DELIVERED
5774,324,2022-03-03,DELIVERED
5775,1425,2023-04-26,RETURNED
5776,179,2023-05-02,RETURNED
5777,620,2022-02-09,DELIVERED
5778,735,2024-05-07,DELIVERED
5779,780,2023-01-03,DELIVERED
5780,697,2024-06-18,DELIVERED
5781,754,2023-06-14,RETURNED
5782,1087,2022-11-29,RETURNED
5783,557,2023-04-21,DELIVERED
5784,1050,2023-07-24,DELIVERED
5785,503,2022-04-22,DELIVERED
5786,1604,2022-06-04,DELIVERED
5787,1104,2022-08-17,DELIVERED
5788,1029,2022-01-12,DELIVERED
5789,772,2023-07-10,DELIVERED
5790,1389,2022-08-22,DELIVERED
5791,1322,2024-12-16,DELIVERED
5792,1548,2022-04-17,DELIVERED
5793,1333,2023-06-02,RETURNED
5794,1190,2022-10-18,RETURNED
5795,1340,2024-11-12,DELIVERED
5796,4,2023-02-14,RETURNED
5797,1587,2022-04-05,DELIVERED
5798,112,2022-11-16,DELIVERED
5799,612,2022-03-29,DELIVERED
5800,99,2023-02-21,DELIVERED
5801,1289,2022-03-06,DELIVERED
5802,1840,2022-05-15,DELIVERED
5803,824,2022-11-04,DELIVERED
5804,1231,2024-04-29,DELIVERED
5805,1334,2023-08-30,CANCELLED
5806,1726,2024-12-14,DELIVERED
5807,1939,2022-03-03,DELIVERED
5808,40,2024-07-26,DELIVERED
5809,1040,2023-11-26,RETURNED
5810,377,2024-08-14,DELIVERED
5811,182,2022-06-04,DELIVERED
5812,5,2024-05-16,RETURNED
5813,1404,2022-08-19,CANCELLED
5814,1812,2024-02-28,RETURNED
5815,352,2024-08-25,DELIVERED
5816,272,2022-02-01,DELIVERED
5817,1087,2022-10-01,CANCELLED
5818,492,2022-09-03,DELIVERED
5819,1302,2022-12-25,RETURNED
5820,863,2023-02-03,DELIVERED
5821,1808,2023-06-26,DELIVERED
5822,448,2023-10-30,CANCELLED
5823,782,2023-01-12,DELIVERED
5824,685,2024-12-04,DELIVERED
5825,1793,2024-09-19,RETURNED
5826,167,2023-01-01,DELIVERED
5827,1529,2023-08-28,CANCELLED
5828,1906,2022-10-20,DELIVERED
5829,1347,2024-02-05,DELIVERED
5830,1222,2022-02-08,DELIVERED
5831,1923,2022-11-16,RETURNED
5832,940,2024-01-16,DELIVERED
5833,375,2023-06-30,DELIVERED
5834,830,2022-05-01,DELIVERED
5835,772,2024-07-08,DELIVERED
5836,1881,2023-08-25,DELIVERED
5837,652,2022-09-30,CANCELLED
5838,1826,2023-09-24,DELIVERED
5839,727,2023-04-01,DELIVERED
5840,871,2023-06-08,DELIVERED
5841,163,2024-12-27,CANCELLED
5842,1618,2024-01-23,CANCELLED
5843,571,2022-02-03,RETURNED
5844,1790,2024-03-30,CANCELLED
5845,558,2024-11-10,DELIVERED
5846,244,2023-12-23,RETURNED
5847,1168,2024-07-14,RETURNED
5848,510,2024-11-26,DELIVERED
5849,1924,2024-03-30,DELIVERED
5850,405,2022-09-18,DELIVERED
5851,79,2024-02-20,DELIVERED
5852,950,2024-12-19,DELIVERED
5853,1199,2022-05-31,DELIVERED
5854,1191,2023-09-28,DELIVERED
5855,993,2022-12-23,DELIVERED
5856,104,2023-06-10,DELIVERED
5857,1075,2024-03-03,DELIVERED
5858,1969,2024-04-21,DELIVERED
5859,264,2022-01-23,DELIVERED
5860,816,2022-05-29,RETURNED
5861,1943,2024-04-15,DELIVERED
5862,1828,2023-12-08,DELIVERED
5863,1209,2022-11-13,DELIVERED
5864,1510,2023-05-23,DELIVERED
5865,1540,2024-09-04,RETURNED
5866,819,2024-11-20,DELIVERED
5867,1015,2024-07-12,DELIVERED
5868,763,2024-06-07,DELIVERED
5869,249,2023-05-21,DELIVERED
5870,354,2022-04-11,DELIVERED
5871,1776,2023-05-31,RETURNED
5872,1666,2023-05-21,DELIVERED
5873,410,2024-12-17,CANCELLED
5874,1999,2022-06-23,DELIVERED
5875,259,2024-04-04,DELIVERED
5876,10,2022-05-17,DELIVERED
5877,102,2024-08-13,RETURNED
5878,301,2022-05-18,RETURNED
5879,625,2023-04-10,RETURNED
5880,1784,2023-08-06,CANCELLED
5881,1156,2022-05-25,DELIVERED
5882,243,2022-02-04,DELIVERED
5883,1663,2024-10-12,DELIVERED
5884,1846,2024-08-20,DELIVERED
5885,1212,2024-06-09,DELIVERED
5886,1706,2024-02-25,DELIVERED
5887,1521,2022-10-05,DELIVERED
5888,24,2023-11-06,DELIVERED
5889,1453,2022-11-06,DELIVERED
5890,375,2023-04-24,DELIVERED
5891,476,2022-03-05,DELIVERED
5892,993,2024-05-23,DELIVERED
5893,1931,2022-07-29,DELIVERED
5894,535,2024-03-31,DELIVERED
5895,1921,2022-03-11,DELIVERED
5896,1756,2024-01-28,DELIVERED
5897,270,2022-01-09,DELIVERED
5898,1350,2024-01-17,DELIVERED
5899,1916,2022-01-06,DELIVERED
5900,837,2024-04-17,DELIVERED
5901,1078,2024-05-31,DELIVERED
5902,984,2022-11-10,CANCELLED
5903,1335,2023-08-18,CANCELLED
5904,14,2023-09-27,DELIVERED
5905,1924,2023-09-22,DELIVERED
5906,247,2022-12-01,DELIVERED
5907,1976,2022-05-29,DELIVERED
5908,988,2023-10-09,RETURNED
5909,199,2022-01-27,DELIVERED
5910,1004,2024-10-12,DELIVERED
5911,348,2022-05-31,DELIVERED
5912,1988,2023-12-18,DELIVERED
5913,859,2022-06-26,CANCELLED
5914,1561,2023-01-03,RETURNED
5915,301,2023-11-15,CANCELLED
5916,1525,2022-05-26,DELIVERED
5917,1057,2024-09-18,DELIVERED
5918,942,2022-03-24,DELIVERED
5919,1499,2023-01-12,CANCELLED
5920,1745,2023-09-28,DELIVERED
5921,919,2023-08-10,DELIVERED
5922,1,2023-07-09,DELIVERED
5923,53,2024-06-28,CANCELLED
5924,1095,2024-05-01,RETURNED
5925,1587,2023-04-07,DELIVERED
5926,135,2022-01-11,DELIVERED
5927,964,2024-04-26,DELIVERED
5928,1593,2022-05-27,CANCELLED
5929,1290,2022-03-11,RETURNED
5930,1410,2024-01-02,DELIVERED
5931,1424,2023-05-05,RETURNED
5932,341,2023-12-12,DELIVERED
5933,721,2024-02-25,DELIVERED
5934,524,2022-03-17,DELIVERED
5935,151,2023-12-27,DELIVERED
5936,706,2023-12-11,DELIVERED
5937,162,2022-07-15,DELIVERED
5938,1711,2024-07-14,DELIVERED
5939,1472,2024-03-14,DELIVERED
5940,510,2022-08-28,RETURNED
5941,97,2024-10-04,CANCELLED
5942,6,2022-04-14,DELIVERED
5943,1204,2023-05-19,RETURNED
5944,1641,2022-01-26,CANCELLED
5945,654,2023-10-01,DELIVERED
5946,566,2022-02-07,RETURNED
5947,510,2022-11-03,DELIVERED
5948,1648,2022-02-19,DELIVERED
5949,1206,2024-02-23,DELIVERED
5950,329,2022-03-23,DELIVERED
5951,762,2024-03-28,DELIVERED
5952,571,2022-02-13,DELIVERED
5953,1094,2022-01-26,DELIVERED
5954,659,2022-11-19,DELIVERED
5955,693,2022-07-05,RETURNED
5956,783,2023-08-02,DELIVERED
5957,1453,2023-02-28,RETURNED
5958,1480,2023-04-30,DELIVERED
5959,856,2022-09-28,DELIVERED
5960,1910,2023-01-24,DELIVERED
5961,960,2023-09-07,DELIVERED
5962,43,2024-10-27,RETURNED
5963,1844,2022-04-20,CANCELLED
5964,1722,2024-06-03,DELIVERED
5965,1036,2024-09-16,RETURNED
5966,88,2022-12-11,DELIVERED
5967,1392,2022-08-29,DELIVERED
5968,1260,2022-07-09,DELIVERED
5969,1481,2023-08-01,RETURNED
5970,162,2022-07-08,DELIVERED
5971,1754,2022-10-25,CANCELLED
5972,776,2022-07-25,DELIVERED
5973,1101,2023-07-19,DELIVERED
5974,1149,2022-04-07,DELIVERED
5975,1640,2024-03-28,DELIVERED
5976,1348,2022-09-02,DELIVERED
5977,1344,2024-04-05,DELIVERED
5978,932,2022-11-22,DELIVERED
5979,643,2023-04-08,DELIVERED
5980,964,2022-01-15,DELIVERED
5981,1950,2023-07-13,DELIVERED
5982,571,2023-08-30,DELIVERED
5983,1430,2022-04-27,RETURNED
5984,1391,2022-10-09,RETURNED
5985,1834,2023-02-07,DELIVERED
5986,1538,2022-05-11,DELIVERED
5987,1528,2022-05-31,CANCELLED
5988,1173,2023-11-26,CANCELLED
5989,1181,2023-07-12,DELIVERED
5990,1624,2024-09-22,CANCELLED
5991,836,2022-09-28,RETURNED
5992,369,2023-05-24,DELIVERED
5993,1555,2024-02-09,RETURNED
5994,745,2023-04-21,RETURNED
5995,283,2024-02-27,DELIVERED
5996,1095,2023-09-09,DELIVERED
5997,766,2024-09-22,CANCELLED
5998,1858,2024-07-07,DELIVERED
5999,1858,2024-03-06,DELIVERED
6000,100,2023-11-09,RETURNED
6001,107,2024-03-16,DELIVERED
6002,812,2024-03-21,DELIVERED
6003,1699,2022-01-18,DELIVERED
6004,265,2024-12-23,RETURNED
6005,180,2024-05-28,DELIVERED
6006,17,2022-09-05,DELIVERED
6007,444,2022-03-31,DELIVERED
6008,338,2022-05-01,CANCELLED
6009,486,2022-03-01,DELIVERED
6010,278,2022-02-17,DELIVERED
6011,695,2022-11-20,DELIVERED
6012,1572,2024-07-31,CANCELLED
6013,1165,2024-08-15,DELIVERED
6014,751,2023-04-19,RETURNED
6015,1177,2023-01-18,RETURNED
6016,86,2022-04-12,DELIVERED
6017,1093,2024-05-31,DELIVERED
6018,1768,2024-08-07,DELIVERED
6019,1669,2024-10-06,RETURNED
6020,1355,2023-10-21,DELIVERED
6021,560,2022-10-08,DELIVERED
6022,586,2023-07-31,DELIVERED
6023,1896,2023-11-06,DELIVERED
6024,186,2022-09-12,DELIVERED
6025,1292,2022-09-05,CANCELLED
6026,1220,2024-03-08,DELIVERED
6027,718,2024-12-20,DELIVERED
6028,1816,2023-08-03,CANCELLED
6029,816,2024-04-11,DELIVERED
6030,344,2024-01-30,DELIVERED
6031,1011,2024-10-10,DELIVERED
6032,1433,2024-04-14,DELIVERED
6033,481,2024-04-16,DELIVERED
6034,861,2022-10-13,DELIVERED
6035,867,2022-03-04,DELIVERED
6036,607,2024-07-08,RETURNED
6037,316,2024-05-13,RETURNED
6038,832,2022-02-02,DELIVERED
6039,724,2022-05-09,DELIVERED
6040,748,2022-02-25,DELIVERED
6041,1956,2023-02-12,DELIVERED
6042,139,2024-06-22,DELIVERED
6043,1487,2022-07-04,DELIVERED
6044,1657,2022-07-12,DELIVERED
6045,111,2023-12-12,DELIVERED
6046,1172,2022-05-07,DELIVERED
6047,368,2023-06-08,DELIVERED
6048,429,2023-05-18,DELIVERED
6049,630,2024-06-24,DELIVERED
6050,116,2024-02-08,RETURNED
6051,1499,2024-01-19,DELIVERED
6052,1393,2023-10-18,DELIVERED
6053,1880,2024-08-15,DELIVERED
6054,654,2024-07-31,DELIVERED
6055,1912,2022-06-13,CANCELLED
6056,1910,2024-12-10,DELIVERED
6057,1089,2024-03-25,DELIVERED
6058,1523,2023-09-08,CANCELLED
6059,829,2023-03-16,DELIVERED
6060,796,2022-09-10,DELIVERED
6061,399,2023-10-23,CANCELLED
6062,1014,2023-06-25,DELIVERED
6063,1146,2024-07-31,DELIVERED
6064,1956,2022-01-15,DELIVERED
6065,960,2022-04-11,CANCELLED
6066,1988,2023-05-13,RETURNED
6067,1422,2024-09-06,CANCELLED
6068,1642,2022-07-01,DELIVERED
6069,501,2022-01-13,CANCELLED
6070,206,2023-01-16,DELIVERED
6071,1236,2024-01-08,DELIVERED
6072,496,2023-03-21,DELIVERED
6073,1674,2022-10-22,DELIVERED
6074,1237,2024-09-08,DELIVERED
6075,1398,2022-09-30,DELIVERED
6076,1763,2024-04-09,DELIVERED
6077,82,2023-01-17,RETURNED
6078,1888,2022-10-01,DELIVERED
6079,1563,2022-12-02,CANCELLED
6080,1915,2024-07-31,DELIVERED
6081,1761,2023-01-18,DELIVERED
6082,900,2024-08-27,RETURNED
6083,1274,2022-11-23,DELIVERED
6084,1096,2023-11-24,DELIVERED
6085,96,2022-10-07,DELIVERED
6086,374,2022-02-14,DELIVERED
6087,515,2022-01-01,DELIVERED
6088,1264,2023-01-22,DELIVERED
6089,1636,2022-12-25,DELIVERED
6090,601,2022-10-11,DELIVERED
6091,609,2024-10-10,DELIVERED
6092,1239,2024-12-11,DELIVERED
6093,1246,2022-01-19,CANCELLED
6094,990,2023-11-10,CANCELLED
6095,1766,2022-06-22,DELIVERED
6096,551,2023-12-02,DELIVERED
6097,797,2022-04-28,RETURNED
6098,907,2023-10-25,DELIVERED
6099,1413,2022-05-23,DELIVERED
6100,1965,2023-03-29,DELIVERED
6101,8,2024-03-16,CANCELLED
6102,504,2023-03-14,DELIVERED
6103,378,2024-06-04,RETURNED
6104,1485,2022-11-05,RETURNED
6105,1010,2024-07-09,DELIVERED
6106,448,2023-02-22,RETURNED
6107,849,2024-11-02,DELIVERED
6108,70,2024-03-26,DELIVERED
6109,612,2024-09-06,DELIVERED
6110,1644,2024-06-26,DELIVERED
6111,1144,2024-01-11,DELIVERED
6112,776,2022-03-12,DELIVERED
6113,642,2022-12-14,DELIVERED
6114,1631,2023-09-16,DELIVERED
6115,590,2022-06-23,CANCELLED
6116,77,2024-08-26,CANCELLED
6117,610,2022-04-20,DELIVERED
6118,1016,2023-07-08,DELIVERED
6119,1328,2024-06-08,DELIVERED
6120,1554,2024-01-22,DELIVERED
6121,877,2024-07-17,DELIVERED
6122,761,2022-01-05,CANCELLED
6123,881,2022-11-24,DELIVERED
6124,82,2023-05-17,CANCELLED
6125,391,2024-11-07,DELIVERED
6126,731,2024-04-06,RETURNED
6127,1630,2023-06-22,RETURNED
6128,1493,2022-05-26,DELIVERED
6129,918,2023-07-02,DELIVERED
6130,995,2023-03-04,DELIVERED
6131,1896,2023-03-22,RETURNED
6132,1432,2024-09-19,CANCELLED
6133,1718,2023-07-23,CANCELLED
6134,1226,2022-06-08,DELIVERED
6135,1872,2024-11-02,DELIVERED
6136,1207,2023-10-08,CANCELLED
6137,30,2023-08-01,DELIVERED
6138,1640,2023-03-02,DELIVERED
6139,854,2024-06-12,DELIVERED
6140,262,2022-09-27,CANCELLED
6141,1998,2023-06-11,RETURNED
6142,208,2022-09-25,DELIVERED
6143,1472,2024-12-28,CANCELLED
6144,153,2022-08-02,DELIVERED
6145,591,2023-11-27,DELIVERED
6146,34,2022-01-09,DELIVERED
6147,374,2024-07-11,DELIVERED
6148,1432,2022-12-01,DELIVERED
6149,396,2024-12-23,CANCELLED
6150,623,2024-10-16,DELIVERED
6151,1694,2022-11-27,DELIVERED
6152,1465,2024-08-02,CANCELLED
6153,1426,2024-10-03,DELIVERED
6154,1052,2024-10-23,DELIVERED
6155,1862,2022-09-21,DELIVERED
6156,1077,2024-09-16,DELIVERED
6157,1347,2023-08-18,DELIVERED
6158,1070,2022-04-12,DELIVERED
6159,158,2023-02-14,DELIVERED
6160,524,2024-01-28,DELIVERED
6161,958,2023-07-10,DELIVERED
6162,1543,2023-10-27,DELIVERED
6163,1407,2024-06-27,DELIVERED
6164,1162,2024-03-03,DELIVERED
6165,1390,2023-05-10,RETURNED
6166,1754,2024-06-29,DELIVERED
6167,809,2022-09-02,DELIVERED
6168,1113,2022-05-02,DELIVERED
6169,289,2024-05-04,DELIVERED
6170,821,2022-09-29,DELIVERED
6171,858,2023-10-23,DELIVERED
6172,653,2024-07-09,DELIVERED
6173,833,2023-07-23,DELIVERED
6174,1363,2024-12-06,RETURNED
6175,661,2023-11-03,CANCELLED
6176,735,2024-10-07,DELIVERED
6177,1979,2022-12-19,DELIVERED
6178,883,2023-07-17,DELIVERED
6179,108,2024-03-02,DELIVERED
6180,692,2024-12-03,CANCELLED
6181,850,2024-12-23,RETURNED
6182,597,2022-04-28,DELIVERED
6183,850,2024-02-23,DELIVERED
6184,666,2022-08-07,DELIVERED
6185,1827,2023-06-10,RETURNED
6186,533,2022-05-21,CANCELLED
6187,1206,2024-08-25,RETURNED
6188,11,2022-10-22,CANCELLED
6189,1707,2023-02-18,DELIVERED
6190,833,2024-12-30,RETURNED
6191,35,2024-11-15,CANCELLED
6192,1714,2023-10-14,CANCELLED
6193,1777,2022-03-27,CANCELLED
6194,927,2022-02-10,RETURNED
6195,837,2023-02-02,DELIVERED
6196,1275,2023-09-03,CANCELLED
6197,549,2022-11-12,RETURNED
6198,1050,2024-04-22,DELIVERED
6199,93,2023-11-13,CANCELLED
6200,1108,2024-12-31,DELIVERED
6201,1247,2023-07-24,CANCELLED
6202,436,2023-07-06,DELIVERED
6203,25,2024-06-06,DELIVERED
6204,1687,2024-09-01,DELIVERED
6205,1778,2024-09-24,DELIVERED
6206,559,2023-11-21,RETURNED
6207,1138,2023-07-05,DELIVERED
6208,743,2024-03-08,DELIVERED
6209,1079,2022-01-27,DELIVERED
6210,1873,2022-03-28,DELIVERED
6211,725,2024-02-13,CANCELLED
6212,1008,2023-09-05,RETURNED
6213,1995,2022-01-30,DELIVERED
6214,1021,2023-04-02,DELIVERED
6215,1387,2022-02-08,RETURNED
6216,1198,2022-04-03,DELIVERED
6217,886,2022-01-03,DELIVERED
6218,1264,2023-05-29,DELIVERED
6219,1333,2022-04-01,CANCELLED
6220,1986,2022-07-04,DELIVERED
6221,1087,2022-10-14,DELIVERED
6222,575,2022-02-05,DELIVERED
6223,1730,2023-10-02,DELIVERED
6224,466,2022-07-17,DELIVERED
6225,902,2024-07-30,DELIVERED
6226,1091,2024-06-13,DELIVERED
6227,1249,2024-01-19,RETURNED
6228,233,2023-09-25,DELIVERED
6229,1842,2024-05-21,CANCELLED
6230,1862,2024-12-06,CANCELLED
6231,413,2022-01-08,DELIVERED
6232,1546,2022-09-22,CANCELLED
6233,656,2024-11-30,RETURNED
6234,1427,2024-11-19,CANCELLED
6235,567,2022-08-06,DELIVERED
6236,326,2023-05-17,DELIVERED
6237,451,2022-12-11,RETURNED
6238,880,2022-03-05,CANCELLED
6239,739,2024-02-11,CANCELLED
6240,1550,2023-07-28,DELIVERED
6241,861,2024-09-11,DELIVERED
6242,1058,2023-03-06,DELIVERED
6243,909,2023-01-30,DELIVERED
6244,787,2024-04-05,DELIVERED
6245,1210,2023-03-14,DELIVERED
6246,1316,2022-06-27,DELIVERED
6247,1663,2024-12-20,RETURNED
6248,1635,2022-07-04,DELIVERED
6249,1026,2022-11-03,DELIVERED
6250,301,2024-02-21,CANCELLED
6251,1683,2023-11-28,DELIVERED
6252,849,2022-02-17,RETURNED
6253,1901,2022-11-09,DELIVERED
6254,943,2022-10-23,DELIVERED
6255,971,2022-09-01,DELIVERED
6256,1030,2022-02-25,RETURNED
6257,1811,2022-12-17,DELIVERED
6258,1392,2022-04-26,DELIVERED
6259,1665,2024-05-27,DELIVERED
6260,559,2024-07-06,DELIVERED
6261,1820,2023-07-29,CANCELLED
6262,915,2023-10-24,CANCELLED
6263,145,2024-06-30,DELIVERED
6264,643,2023-10-05,DELIVERED
6265,1075,2022-06-08,RETURNED
6266,1800,2022-03-23,CANCELLED
6267,1534,2023-03-07,DELIVERED
6268,136,2023-12-24,DELIVERED
6269,657,2024-10-08,DELIVERED
6270,1143,2023-09-12,DELIVERED
6271,1247,2024-03-10,DELIVERED
6272,1694,2023-03-07,DELIVERED
6273,1128,2024-11-14,DELIVERED
6274,421,2024-12-11,DELIVERED
6275,319,2022-02-04,DELIVERED
6276,817,2022-06-12,DELIVERED
6277,1216,2024-03-28,DELIVERED
6278,370,2022-08-23,RETURNED
6279,1611,2022-02-27,DELIVERED
6280,684,2022-06-30,DELIVERED
6281,1654,2022-07-24,DELIVERED
6282,1162,2024-12-07,DELIVERED
6283,1736,2022-07-21,DELIVERED
6284,275,2022-02-24,DELIVERED
6285,1001,2022-01-15,RETURNED
6286,795,2022-03-17,RETURNED
6287,97,2024-07-20,DELIVERED
6288,450,2024-09-12,CANCELLED
6289,1208,2022-10-22,DELIVERED
6290,1243,2023-04-19,DELIVERED
6291,1855,2024-11-13,DELIVERED
6292,1740,2024-06-13,DELIVERED
6293,1245,2024-07-19,RETURNED
6294,497,2023-10-10,DELIVERED
6295,1006,2023-11-03,DELIVERED
6296,1258,2024-04-27,RETURNED
6297,1604,2023-04-07,RETURNED
6298,392,2023-11-24,DELIVERED
6299,914,2022-01-28,CANCELLED
6300,906,2023-04-29,CANCELLED
6301,1569,2022-12-16,CANCELLED
6302,1348,2023-03-23,DELIVERED
6303,675,2023-11-28,DELIVERED
6304,1396,2023-10-14,DELIVERED
6305,1854,2022-03-09,DELIVERED
6306,1319,2022-07-11,DELIVERED
6307,1266,2023-04-01,DELIVERED
6308,1456,2023-07-28,DELIVERED
6309,638,2024-01-23,RETURNED
6310,1101,2023-03-05,DELIVERED
6311,157,2023-09-30,DELIVERED
6312,1819,2024-09-16,RETURNED
6313,1335,2022-07-29,CANCELLED
6314,1918,2023-04-10,RETURNED
6315,1625,2023-10-23,RETURNED
6316,407,2024-03-31,DELIVERED
6317,910,2022-08-22,DELIVERED
6318,1537,2024-03-16,CANCELLED
6319,1591,2024-12-29,DELIVERED
6320,1524,2022-03-18,DELIVERED
6321,897,2024-07-11,DELIVERED
6322,1102,2022-04-20,RETURNED
6323,292,2023-04-21,DELIVERED
6324,620,2023-07-01,DELIVERED
6325,1050,2023-08-21,DELIVERED
6326,2000,2024-08-26,DELIVERED
6327,601,2022-02-20,RETURNED
6328,475,2024-05-16,CANCELLED
6329,876,2023-09-03,CANCELLED
6330,136,2024-06-03,DELIVERED
6331,276,2023-10-16,DELIVERED
6332,1554,2024-10-18,DELIVERED
6333,427,2022-09-01,DELIVERED
6334,1936,2024-10-17,DELIVERED
6335,1447,2022-11-25,DELIVERED
6336,1441,2022-10-29,DELIVERED
6337,479,2022-08-02,DELIVERED
6338,1970,2023-03-03,CANCELLED
6339,280,2022-07-01,DELIVERED
6340,755,2023-09-16,DELIVERED
6341,1683,2023-04-10,DELIVERED
6342,615,2022-07-05,DELIVERED
6343,1509,2024-02-03,DELIVERED
6344,711,2023-06-05,DELIVERED
6345,1195,2024-06-05,CANCELLED
6346,50,2024-08-13,RETURNED
6347,615,2023-08-21,CANCELLED
6348,1734,2024-08-22,CANCELLED
6349,797,2022-12-28,CANCELLED
6350,708,2024-01-01,DELIVERED
6351,1332,2022-06-18,RETURNED
6352,998,2023-07-03,CANCELLED
6353,1892,2022-08-24,DELIVERED
6354,906,2022-01-07,DELIVERED
6355,1943,2022-11-27,RETURNED
6356,158,2024-11-17,DELIVERED
6357,829,2022-05-28,DELIVERED
6358,1931,2023-08-11,RETURNED
6359,203,2023-04-12,CANCELLED
6360,615,2023-07-15,DELIVERED
6361,792,2022-04-30,CANCELLED
6362,523,2023-02-21,DELIVERED
6363,1661,2024-07-10,DELIVERED
6364,1508,2022-09-21,DELIVERED
6365,1473,2022-09-14,DELIVERED
6366,592,2023-05-10,RETURNED
6367,1579,2022-02-28,CANCELLED
6368,870,2023-12-14,RETURNED
6369,1535,2022-03-02,DELIVERED
6370,1323,2024-02-27,CANCELLED
6371,384,2022-08-27,DELIVERED
6372,387,2024-05-01,DELIVERED
6373,942,2022-09-10,DELIVERED
6374,774,2024-04-30,DELIVERED
6375,1951,2022-06-09,DELIVERED
6376,642,2024-03-18,RETURNED
6377,570,2022-12-23,CANCELLED
6378,1888,2022-03-07,DELIVERED
6379,1739,2022-09-20,DELIVERED
6380,1432,2023-03-27,DELIVERED
6381,1206,2022-03-23,DELIVERED
6382,428,2024-06-15,RETURNED
6383,1135,2023-03-29,RETURNED
6384,1000,2024-01-04,DELIVERED
6385,34,2022-07-12,DELIVERED
6386,927,2022-05-28,DELIVERED
6387,1302,2023-09-16,DELIVERED
6388,827,2022-09-04,DELIVERED
6389,56,2022-12-03,DELIVERED
6390,1592,2023-12-19,DELIVERED
6391,623,2024-03-20,RETURNED
6392,890,2023-09-22,DELIVERED
6393,1657,2024-02-11,CANCELLED
6394,226,2024-02-25,DELIVERED
6395,1540,2022-09-20,DELIVERED
6396,137,2024-01-01,CANCELLED
6397,1317,2024-02-21,RETURNED
6398,1298,2023-11-17,DELIVERED
6399,1553,2022-11-20,DELIVERED
6400,996,2024-06-17,DELIVERED
6401,1804,2023-06-23,CANCELLED
6402,612,2022-04-03,DELIVERED
6403,1900,2023-10-25,DELIVERED
6404,367,2023-11-17,DELIVERED
6405,1493,2023-03-03,CANCELLED
6406,1602,2023-07-10,CANCELLED
6407,1896,2023-06-08,RETURNED
6408,818,2024-09-12,DELIVERED
6409,1093,2023-04-14,DELIVERED
6410,616,2024-08-18,CANCELLED
6411,1960,2023-04-24,DELIVERED
6412,1895,2024-01-10,DELIVERED
6413,1498,2022-06-21,DELIVERED
6414,988,2023-08-22,DELIVERED
6415,406,2022-11-01,DELIVERED
6416,235,2023-06-18,DELIVERED
6417,1205,2024-07-26,DELIVERED
6418,956,2023-10-11,DELIVERED
6419,275,2022-01-17,DELIVERED
6420,1195,2023-10-22,DELIVERED
6421,903,2024-10-11,DELIVERED
6422,871,2022-07-14,DELIVERED
6423,107,2024-12-18,CANCELLED
6424,1029,2022-04-16,DELIVERED
6425,1481,2024-09-10,RETURNED
6426,176,2023-10-02,DELIVERED
6427,173,2023-10-27,DELIVERED
6428,133,2023-05-28,DELIVERED
6429,986,2024-12-31,DELIVERED
6430,1293,2022-08-01,RETURNED
6431,31,2024-09-22,CANCELLED
6432,159,2024-07-23,DELIVERED
6433,1260,2024-04-10,DELIVERED
6434,656,2024-05-16,DELIVERED
6435,678,2024-07-19,CANCELLED
6436,833,2022-01-05,DELIVERED
6437,877,2023-02-10,DELIVERED
6438,1657,2022-05-28,DELIVERED
6439,540,2023-01-03,CANCELLED
6440,402,2022-01-26,DELIVERED
6441,109,2023-01-14,DELIVERED
6442,379,2024-10-25,DELIVERED
6443,687,2023-11-18,RETURNED
6444,39,2023-10-31,RETURNED
6445,283,2022-12-11,DELIVERED
6446,196,2022-07-16,DELIVERED
6447,315,2022-02-25,DELIVERED
6448,984,2022-03-17,DELIVERED
6449,155,2023-06-09,DELIVERED
6450,1206,2022-10-18,DELIVERED
6451,1762,2024-04-02,DELIVERED
6452,512,2023-02-26,CANCELLED
6453,1064,2022-10-16,DELIVERED
6454,1747,2022-10-07,DELIVERED
6455,65,2023-10-17,DELIVERED
6456,1203,2022-09-25,DELIVERED
6457,361,2022-04-07,DELIVERED
6458,287,2022-02-26,DELIVERED
6459,1359,2022-04-05,RETURNED
6460,234,2023-03-02,DELIVERED
6461,629,2023-03-05,DELIVERED
6462,207,2023-01-30,DELIVERED
6463,357,2024-01-15,DELIVERED
6464,776,2022-08-28,CANCELLED
6465,325,2023-05-14,CANCELLED
6466,521,2023-11-19,CANCELLED
6467,844,2023-08-04,DELIVERED
6468,444,2023-09-16,DELIVERED
6469,819,2023-09-04,CANCELLED
6470,611,2024-06-25,DELIVERED
6471,11,2022-12-21,DELIVERED
6472,1049,2024-05-30,DELIVERED
6473,549,2022-12-23,CANCELLED
6474,1495,2024-01-01,DELIVERED
6475,1537,2024-07-18,DELIVERED
6476,970,2023-05-12,DELIVERED
6477,1174,2024-01-09,DELIVERED
6478,967,2023-04-21,DELIVERED
6479,1710,2022-07-08,DELIVERED
6480,364,2024-02-25,RETURNED
6481,828,2024-01-30,CANCELLED
6482,1153,2022-05-16,DELIVERED
6483,1565,2024-03-09,RETURNED
6484,758,2023-05-20,RETURNED
6485,1047,2022-05-05,DELIVERED
6486,854,2024-05-02,DELIVERED
6487,546,2024-08-26,CANCELLED
6488,757,2023-03-25,DELIVERED
6489,1739,2024-01-30,DELIVERED
6490,1799,2024-06-23,CANCELLED
6491,1944,2023-07-09,RETURNED
6492,807,2024-06-08,CANCELLED
6493,1366,2023-04-23,DELIVERED
6494,1150,2024-04-15,DELIVERED
6495,1299,2023-11-26,CANCELLED
6496,316,2023-08-17,DELIVERED
6497,1866,2024-03-06,DELIVERED
6498,1214,2022-11-05,DELIVERED
6499,694,2024-08-30,DELIVERED
6500,1313,2024-07-26,RETURNED
6501,1430,2024-05-06,RETURNED
6502,1526,2023-04-05,DELIVERED
6503,436,2023-08-10,DELIVERED
6504,673,2024-10-21,CANCELLED
6505,505,2022-02-23,DELIVERED
6506,208,2024-03-16,CANCELLED
6507,302,2023-08-30,DELIVERED
6508,1209,2023-04-30,DELIVERED
6509,1541,2022-06-08,DELIVERED
6510,726,2023-04-05,DELIVERED
6511,1025,2022-06-20,DELIVERED
6512,1837,2024-11-21,DELIVERED
6513,1423,2024-08-03,DELIVERED
6514,502,2022-02-17,DELIVERED
6515,427,2024-08-28,DELIVERED
6516,121,2024-08-23,DELIVERED
6517,1588,2022-01-09,RETURNED
6518,561,2024-05-17,CANCELLED
6519,1964,2022-02-09,DELIVERED
6520,287,2024-03-02,CANCELLED
6521,1176,2023-03-02,DELIVERED
6522,251,2023-08-08,DELIVERED
6523,403,2023-09-02,CANCELLED
6524,906,2024-03-23,DELIVERED
6525,1316,2023-07-24,CANCELLED
6526,1534,2022-12-03,DELIVERED
6527,1439,2023-08-31,DELIVERED
6528,831,2023-02-25,RETURNED
6529,392,2022-08-11,DELIVERED
6530,1533,2023-09-08,DELIVERED
6531,810,2023-06-22,DELIVERED
6532,1362,2022-06-13,RETURNED
6533,225,2023-01-07,DELIVERED
6534,1439,2024-02-24,CANCELLED
6535,1162,2024-07-31,DELIVERED
6536,840,2024-07-13,RETURNED
6537,53,2024-04-23,DELIVERED
6538,1128,2023-04-05,DELIVERED
6539,452,2022-08-16,DELIVERED
6540,1958,2024-03-08,DELIVERED
6541,717,2022-02-26,DELIVERED
6542,1590,2023-05-21,DELIVERED
6543,558,2022-03-11,CANCELLED
6544,167,2023-02-03,DELIVERED
6545,558,2023-07-11,DELIVERED
6546,1880,2024-05-08,CANCELLED
6547,1346,2023-02-25,RETURNED
6548,561,2024-12-28,CANCELLED
6549,577,2022-04-04,CANCELLED
6550,1118,2023-06-28,DELIVERED
6551,128,2022-05-26,RETURNED
6552,1011,2023-03-20,DELIVERED
6553,515,2022-07-06,DELIVERED
6554,22,2023-08-03,DELIVERED
6555,1455,2022-06-20,CANCELLED
6556,98,2023-10-01,DELIVERED
6557,1890,2022-11-27,RETURNED
6558,80,2022-11-05,DELIVERED
6559,1702,2024-05-04,RETURNED
6560,1897,2022-09-01,DELIVERED
6561,1115,2022-03-09,CANCELLED
6562,149,2022-03-23,DELIVERED
6563,296,2022-09-07,RETURNED
6564,1577,2023-02-15,DELIVERED
6565,1834,2023-11-06,DELIVERED
6566,535,2022-11-16,RETURNED
6567,430,2023-10-16,DELIVERED
6568,872,2022-05-06,DELIVERED
6569,1159,2022-07-16,DELIVERED
6570,1924,2022-07-24,DELIVERED
6571,1114,2024-02-22,DELIVERED
6572,664,2024-09-11,DELIVERED
6573,1438,2022-06-26,CANCELLED
6574,238,2023-02-21,RETURNED
6575,1603,2022-07-20,DELIVERED
6576,634,2022-02-03,RETURNED
6577,622,2024-08-08,DELIVERED
6578,9,2022-11-27,RETURNED
6579,1067,2022-06-30,DELIVERED
6580,245,2022-09-29,CANCELLED
6581,941,2023-09-05,DELIVERED
6582,1861,2024-09-19,RETURNED
6583,154,2023-03-13,RETURNED
6584,976,2024-11-10,DELIVERED
6585,780,2023-08-27,RETURNED
6586,385,2022-05-27,DELIVERED
6587,1616,2022-06-13,DELIVERED
6588,1305,2024-10-19,DELIVERED
6589,1988,2022-08-16,DELIVERED
6590,777,2022-09-08,CANCELLED
6591,587,2022-12-13,DELIVERED
6592,311,2022-09-01,DELIVERED
6593,1797,2022-04-09,DELIVERED
6594,487,2022-06-18,RETURNED
6595,447,2023-11-10,DELIVERED
6596,1223,2024-06-06,RETURNED
6597,380,2024-03-06,DELIVERED
6598,1123,2023-06-03,CANCELLED
6599,691,2022-12-09,RETURNED
6600,360,2024-10-14,CANCELLED
6601,1830,2022-06-03,DELIVERED
6602,1297,2024-01-15,DELIVERED
6603,1476,2022-05-14,RETURNED
6604,956,2023-07-20,DELIVERED
6605,1874,2024-01-06,DELIVERED
6606,1239,2023-08-02,DELIVERED
6607,1945,2023-03-29,RETURNED
6608,63,2024-01-27,DELIVERED
6609,1288,2023-11-29,DELIVERED
6610,713,2024-04-03,DELIVERED
6611,746,2024-10-30,DELIVERED
6612,299,2023-01-13,DELIVERED
6613,1484,2022-06-26,DELIVERED
6614,799,2024-04-07,DELIVERED
6615,1339,2024-01-11,DELIVERED
6616,54,2023-06-15,DELIVERED
6617,17,2024-09-02,DELIVERED
6618,88,2022-06-19,DELIVERED
6619,1340,2023-07-17,DELIVERED
6620,456,2022-01-11,RETURNED
6621,775,2024-11-08,DELIVERED
6622,1969,2024-05-12,RETURNED
6623,534,2022-03-24,CANCELLED
6624,1049,2024-06-30,CANCELLED
6625,211,2022-01-11,DELIVERED
6626,1307,2024-04-23,DELIVERED
6627,1228,2022-05-01,DELIVERED
6628,1991,2022-07-25,DELIVERED
6629,1099,2022-10-16,DELIVERED
6630,835,2022-12-12,DELIVERED
6631,1475,2022-08-16,DELIVERED
6632,1783,2022-11-27,DELIVERED
6633,293,2022-10-31,DELIVERED
6634,1139,2022-11-14,DELIVERED
6635,1098,2023-07-23,DELIVERED
6636,1775,2022-11-15,DELIVERED
6637,734,2023-09-01,DELIVERED
6638,559,2022-07-08,DELIVERED
6639,1539,2023-07-03,DELIVERED
6640,1644,2022-08-26,DELIVERED
6641,1823,2022-07-28,CANCELLED
6642,1917,2023-05-20,DELIVERED
6643,61,2023-10-06,DELIVERED
6644,1981,2024-06-26,RETURNED
6645,338,2024-12-22,DELIVERED
6646,1892,2022-01-16,CANCELLED
6647,895,2023-08-16,DELIVERED
6648,1435,2024-01-07,RETURNED
6649,1140,2022-03-25,DELIVERED
6650,952,2024-12-09,DELIVERED
6651,262,2022-02-05,RETURNED
6652,49,2023-09-07,DELIVERED
6653,590,2023-11-06,DELIVERED
6654,159,2023-11-13,RETURNED
6655,259,2024-11-11,CANCELLED
6656,196,2023-06-22,DELIVERED
6657,1139,2024-04-19,CANCELLED
6658,590,2022-09-21,DELIVERED
6659,359,2022-06-24,DELIVERED
6660,1381,2023-04-03,DELIVERED
6661,455,2023-12-07,DELIVERED
6662,1870,2022-02-21,DELIVERED
6663,466,2024-08-09,DELIVERED
6664,1584,2022-08-25,DELIVERED
6665,200,2023-03-31,CANCELLED
6666,1271,2024-06-29,DELIVERED
6667,1880,2023-05-06,CANCELLED
6668,825,2022-01-29,DELIVERED
6669,680,2023-10-24,RETURNED
6670,1874,2024-10-06,CANCELLED
6671,1214,2023-09-19,DELIVERED
6672,43,2023-07-24,DELIVERED
6673,1833,2022-01-02,CANCELLED
6674,1235,2024-05-30,DELIVERED
6675,101,2023-09-03,DELIVERED
6676,314,2024-11-30,DELIVERED
6677,1113,2024-05-28,DELIVERED
6678,137,2022-04-10,DELIVERED
6679,861,2024-07-30,DELIVERED
6680,927,2023-07-14,DELIVERED
6681,1831,2022-03-30,DELIVERED
6682,652,2022-10-22,DELIVERED
6683,191,2023-04-02,DELIVERED
6684,1148,2022-05-22,DELIVERED
6685,1841,2022-04-30,DELIVERED
6686,451,2022-02-11,DELIVERED
6687,399,2024-09-07,CANCELLED
6688,1262,2022-11-26,DELIVERED
6689,1739,2024-03-25,DELIVERED
6690,618,2024-07-30,CANCELLED
6691,1022,2023-01-05,DELIVERED
6692,1795,2022-01-19,DELIVERED
6693,1384,2023-01-13,DELIVERED
6694,289,2023-05-29,DELIVERED
6695,618,2024-11-15,DELIVERED
6696,66,2023-07-15,DELIVERED
6697,1453,2022-09-16,DELIVERED
6698,1475,2023-11-09,DELIVERED
6699,1930,2024-03-26,DELIVERED
6700,671,2024-12-30,DELIVERED
6701,940,2023-08-01,CANCELLED
6702,1198,2022-02-28,DELIVERED
6703,1709,2024-10-18,DELIVERED
6704,776,2022-01-31,DELIVERED
6705,337,2024-01-26,DELIVERED
6706,490,2023-03-13,DELIVERED
6707,296,2023-11-24,DELIVERED
6708,597,2024-01-05,DELIVERED
6709,456,2022-06-19,DELIVERED
6710,1102,2022-10-13,DELIVERED
6711,464,2022-04-05,DELIVERED
6712,1868,2022-10-14,DELIVERED
6713,804,2023-01-12,RETURNED
6714,1414,2022-07-05,DELIVERED
6715,204,2024-09-21,DELIVERED
6716,322,2022-10-12,CANCELLED
6717,55,2023-09-11,DELIVERED
6718,951,2022-12-29,RETURNED
6719,736,2023-05-09,DELIVERED
6720,1843,2024-04-11,DELIVERED
6721,430,2024-08-30,RETURNED
6722,1709,2022-01-11,DELIVERED
6723,259,2023-12-28,CANCELLED
6724,1989,2023-03-18,DELIVERED
6725,473,2022-11-18,DELIVERED
6726,619,2024-12-24,CANCELLED
6727,1683,2024-01-04,DELIVERED
6728,310,2022-04-03,DELIVERED
6729,1376,2022-04-10,DELIVERED
6730,491,2023-05-14,DELIVERED
6731,1268,2023-04-08,DELIVERED
6732,998,2022-06-23,DELIVERED
6733,5,2022-04-30,DELIVERED
6734,377,2023-12-01,DELIVERED
6735,772,2022-10-27,DELIVERED
6736,698,2024-02-11,CANCELLED
6737,1387,2023-07-30,CANCELLED
6738,132,2024-11-18,CANCELLED
6739,725,2023-09-26,DELIVERED
6740,921,2022-10-20,DELIVERED
6741,586,2023-12-06,CANCELLED
6742,445,2022-10-07,CANCELLED
6743,170,2024-02-28,DELIVERED
6744,960,2024-08-11,RETURNED
6745,1095,2022-06-04,DELIVERED
6746,772,2023-08-17,DELIVERED
6747,590,2023-05-17,DELIVERED
6748,1603,2022-08-31,DELIVERED
6749,1936,2023-12-24,DELIVERED
6750,1259,2022-08-02,RETURNED
6751,1373,2024-07-13,RETURNED
6752,877,2024-05-11,CANCELLED
6753,697,2022-04-30,DELIVERED
6754,1350,2024-08-22,DELIVERED
6755,1556,2024-05-06,DELIVERED
6756,55,2022-11-24,DELIVERED
6757,1683,2023-10-20,DELIVERED
6758,113,2024-04-13,DELIVERED
6759,1633,2022-05-03,DELIVERED
6760,504,2022-05-22,DELIVERED
6761,801,2024-09-06,DELIVERED
6762,1393,2024-06-23,DELIVERED
6763,1289,2024-09-05,DELIVERED
6764,419,2023-11-18,DELIVERED
6765,310,2023-02-11,DELIVERED
6766,253,2023-12-30,DELIVERED
6767,147,2022-10-10,DELIVERED
6768,1303,2024-11-24,CANCELLED
6769,1326,2024-11-15,DELIVERED
6770,452,2024-10-16,DELIVERED
6771,586,2022-11-08,DELIVERED
6772,395,2022-02-14,DELIVERED
6773,1923,2023-05-17,DELIVERED
6774,690,2023-05-19,DELIVERED
6775,1102,2022-11-01,RETURNED
6776,1440,2022-05-30,DELIVERED
6777,532,2024-06-14,DELIVERED
6778,1350,2024-10-25,RETURNED
6779,779,2023-03-04,DELIVERED
6780,981,2023-06-13,DELIVERED
6781,1350,2023-02-18,CANCELLED
6782,1018,2024-04-25,DELIVERED
6783,147,2023-11-30,RETURNED
6784,1883,2024-12-08,DELIVERED
6785,194,2022-07-21,CANCELLED
6786,1367,2022-03-04,CANCELLED
6787,1647,2023-12-25,DELIVERED
6788,877,2024-03-15,DELIVERED
6789,883,2024-06-30,RETURNED
6790,1796,2023-03-28,RETURNED
6791,756,2022-05-11,CANCELLED
6792,1000,2023-01-10,RETURNED
6793,648,2023-12-09,DELIVERED
6794,1655,2023-05-25,DELIVERED
6795,1709,2024-01-19,DELIVERED
6796,644,2024-03-01,DELIVERED
6797,842,2023-06-17,DELIVERED
6798,1048,2023-08-25,DELIVERED
6799,328,2022-12-04,DELIVERED
6800,1643,2023-08-13,CANCELLED
6801,1701,2022-09-04,DELIVERED
6802,834,2022-10-10,DELIVERED
6803,1964,2024-04-26,DELIVERED
6804,1988,2024-05-07,DELIVERED
6805,1094,2023-11-15,RETURNED
6806,293,2022-04-22,RETURNED
6807,1569,2022-09-16,CANCELLED
6808,1794,2024-05-05,CANCELLED
6809,368,2023-04-19,CANCELLED
6810,1439,2022-02-14,DELIVERED
6811,1197,2023-03-18,DELIVERED
6812,1797,2023-07-06,RETURNED
6813,150,2022-09-26,DELIVERED
6814,617,2024-06-14,RETURNED
6815,1346,2024-01-31,RETURNED
6816,382,2022-10-29,CANCELLED
6817,600,2024-10-07,DELIVERED
6818,1756,2022-01-13,DELIVERED
6819,707,2024-10-06,CANCELLED
6820,950,2022-10-08,DELIVERED
6821,1770,2024-11-30,DELIVERED
6822,1343,2022-04-17,DELIVERED
6823,417,2023-04-17,DELIVERED
6824,1085,2022-10-02,DELIVERED
6825,928,2022-10-22,CANCELLED
6826,396,2024-06-29,DELIVERED
6827,1804,2022-11-16,DELIVERED
6828,1898,2023-07-07,DELIVERED
6829,1470,2024-03-19,DELIVERED
6830,1569,2024-06-30,DELIVERED
6831,404,2024-04-13,DELIVERED
6832,1375,2022-10-15,CANCELLED
6833,1606,2024-12-01,DELIVERED
6834,9,2022-08-20,DELIVERED
6835,284,2022-11-07,DELIVERED
6836,1944,2022-04-11,RETURNED
6837,1475,2024-11-26,DELIVERED
6838,1881,2023-07-04,DELIVERED
6839,1674,2023-06-03,CANCELLED
6840,1782,2023-02-21,DELIVERED
6841,1542,2023-03-12,DELIVERED
6842,925,2024-02-20,DELIVERED
6843,1618,2024-11-09,DELIVERED
6844,1416,2024-04-10,DELIVERED
6845,1516,2022-06-25,DELIVERED
6846,781,2022-01-18,RETURNED
6847,1311,2023-06-03,DELIVERED
6848,586,2024-06-09,RETURNED
6849,1228,2022-09-30,DELIVERED
6850,759,2024-05-08,DELIVERED
6851,1465,2022-04-17,DELIVERED
6852,385,2022-10-26,DELIVERED
6853,757,2022-07-11,RETURNED
6854,1906,2023-03-17,DELIVERED
6855,1690,2022-01-02,DELIVERED
6856,1841,2023-11-11,DELIVERED
6857,225,2024-08-31,DELIVERED
6858,1843,2024-12-22,CANCELLED
6859,1833,2022-05-03,DELIVERED
6860,100,2023-03-20,RETURNED
6861,1503,2024-11-09,DELIVERED
6862,1552,2022-03-15,DELIVERED
6863,1307,2022-05-20,DELIVERED
6864,126,2023-07-11,DELIVERED
6865,714,2024-04-10,DELIVERED
6866,1043,2023-11-28,DELIVERED
6867,438,2023-11-08,DELIVERED
6868,1300,2022-07-31,DELIVERED
6869,1323,2023-03-21,DELIVERED
6870,939,2023-10-17,DELIVERED
6871,103,2023-02-08,DELIVERED
6872,1310,2022-01-25,DELIVERED
6873,826,2024-11-23,RETURNED
6874,782,2023-08-01,DELIVERED
6875,998,2024-07-12,DELIVERED
6876,74,2022-07-06,RETURNED
6877,1246,2022-03-18,DELIVERED
6878,948,2022-07-30,DELIVERED
6879,1242,2024-12-15,DELIVERED
6880,1323,2023-02-23,DELIVERED
6881,211,2024-06-11,DELIVERED
6882,750,2024-11-22,RETURNED
6883,869,2024-11-25,RETURNED
6884,232,2022-06-24,DELIVERED
6885,963,2024-02-29,DELIVERED
6886,1187,2024-12-03,DELIVERED
6887,408,2022-11-24,DELIVERED
6888,976,2022-03-27,CANCELLED
6889,1772,2022-02-27,DELIVERED
6890,1099,2023-03-01,DELIVERED
6891,524,2024-01-01,DELIVERED
6892,138,2023-12-14,DELIVERED
6893,901,2022-11-04,DELIVERED
6894,506,2024-01-17,RETURNED
6895,507,2024-11-08,DELIVERED
6896,327,2024-03-05,DELIVERED
6897,291,2022-07-13,DELIVERED
6898,1591,2024-09-14,DELIVERED
6899,89,2022-05-17,DELIVERED
6900,1105,2023-07-03,RETURNED
6901,877,2024-09-20,DELIVERED
6902,427,2022-01-09,CANCELLED
6903,1591,2023-02-19,DELIVERED
6904,1616,2024-11-21,DELIVERED
6905,323,2024-08-04,DELIVERED
6906,1545,2024-02-26,DELIVERED
6907,1148,2023-03-31,DELIVERED
6908,143,2024-01-30,CANCELLED
6909,1455,2022-05-06,DELIVERED
6910,258,2024-11-26,DELIVERED
6911,615,2024-05-23,DELIVERED
6912,489,2022-01-10,CANCELLED
6913,957,2023-01-26,RETURNED
6914,16,2024-08-24,DELIVERED
6915,1479,2022-01-17,DELIVERED
6916,1568,2023-04-04,DELIVERED
6917,1465,2022-12-08,RETURNED
6918,1625,2024-08-31,DELIVERED
6919,1884,2022-08-26,DELIVERED
6920,1557,2024-10-23,DELIVERED
6921,654,2022-09-20,DELIVERED
6922,985,2024-10-29,RETURNED
6923,407,2022-01-03,CANCELLED
6924,126,2022-01-18,DELIVERED
6925,170,2022-10-27,DELIVERED
6926,1695,2022-10-17,CANCELLED
6927,571,2022-10-16,DELIVERED
6928,1383,2023-08-18,DELIVERED
6929,1820,2022-04-17,DELIVERED
6930,1349,2024-09-17,CANCELLED
6931,1417,2024-07-04,RETURNED
6932,193,2024-05-24,RETURNED
6933,1389,2024-08-30,DELIVERED
6934,748,2024-06-08,DELIVERED
6935,817,2024-04-04,CANCELLED
6936,833,2023-08-30,DELIVERED
6937,1249,2024-02-13,DELIVERED
6938,481,2023-02-03,DELIVERED
6939,545,2022-02-02,DELIVERED
6940,1462,2024-01-21,DELIVERED
6941,1918,2023-07-31,RETURNED
6942,1382,2024-02-17,DELIVERED
6943,747,2023-02-06,CANCELLED
6944,1279,2023-02-15,RETURNED
6945,374,2022-09-18,CANCELLED
6946,1187,2022-06-05,CANCELLED
6947,500,2022-01-28,DELIVERED
6948,742,2023-08-06,DELIVERED
6949,499,2024-05-12,DELIVERED
6950,234,2023-11-17,DELIVERED
6951,1312,2022-08-23,DELIVERED
6952,1935,2023-11-05,DELIVERED
6953,1438,2022-07-16,DELIVERED
6954,813,2022-11-07,DELIVERED
6955,63,2024-10-29,DELIVERED
6956,822,2023-12-16,DELIVERED
6957,1470,2023-03-04,DELIVERED
6958,1730,2024-08-17,RETURNED
6959,1225,2024-07-22,RETURNED
6960,1882,2023-02-21,DELIVERED
6961,592,2024-11-05,DELIVERED
6962,424,2024-01-04,DELIVERED
6963,183,2023-01-18,DELIVERED
6964,1169,2024-04-05,DELIVERED
6965,187,2023-06-01,DELIVERED
6966,1988,2024-10-31,RETURNED
6967,1298,2024-03-04,RETURNED
6968,1391,2023-05-07,CANCELLED
6969,47,2023-03-02,DELIVERED
6970,1946,2024-10-10,DELIVERED
6971,1674,2024-04-14,DELIVERED
6972,300,2024-11-27,DELIVERED
6973,805,2023-11-14,DELIVERED
6974,1821,2022-12-07,RETURNED
6975,1021,2022-09-21,DELIVERED
6976,81,2022-03-12,DELIVERED
6977,1505,2022-10-17,DELIVERED
6978,802,2022-04-12,DELIVERED
6979,1366,2024-02-12,CANCELLED
6980,655,2022-06-26,DELIVERED
6981,1146,2023-11-24,DELIVERED
6982,1688,2022-10-21,DELIVERED
6983,235,2024-03-31,RETURNED
6984,416,2022-04-27,RETURNED
6985,1426,2023-02-10,RETURNED
6986,656,2024-05-11,CANCELLED
6987,1863,2023-03-21,DELIVERED
6988,1460,2023-02-16,CANCELLED
6989,184,2022-04-30,DELIVERED
6990,78,2022-04-18,DELIVERED
6991,1219,2023-04-26,DELIVERED
6992,909,2024-12-03,DELIVERED
6993,8,2023-09-27,RETURNED
6994,1089,2022-04-02,DELIVERED
6995,1319,2023-04-18,DELIVERED
6996,1950,2023-07-25,DELIVERED
6997,1114,2023-01-04,DELIVERED
6998,104,2023-04-17,DELIVERED
6999,538,2023-03-28,DELIVERED
7000,855,2024-05-19,DELIVERED
7001,1578,2024-05-05,DELIVERED
7002,1094,2022-02-20,DELIVERED
7003,1661,2022-06-18,DELIVERED
7004,281,2024-05-28,DELIVERED
7005,715,2023-09-13,CANCELLED
7006,1832,2023-06-10,CANCELLED
7007,1735,2022-01-08,RETURNED
7008,1867,2023-03-28,DELIVERED
7009,1697,2022-06-30,DELIVERED
7010,715,2023-03-11,DELIVERED
7011,1519,2023-05-16,DELIVERED
7012,1256,2024-06-05,DELIVERED
7013,416,2024-07-06,DELIVERED
7014,595,2022-10-13,DELIVERED
7015,1198,2022-09-13,CANCELLED
7016,287,2024-05-14,DELIVERED
7017,972,2024-04-15,CANCELLED
7018,730,2022-02-28,CANCELLED
7019,213,2024-04-10,CANCELLED
7020,875,2024-09-07,DELIVERED
7021,202,2024-11-08,DELIVERED
7022,816,2022-09-14,DELIVERED
7023,1112,2023-03-20,DELIVERED
7024,484,2024-06-04,DELIVERED
7025,1856,2024-01-03,DELIVERED
7026,1493,2024-03-23,RETURNED
7027,1603,2022-11-27,DELIVERED
7028,823,2022-12-19,DELIVERED
7029,377,2024-05-20,DELIVERED
7030,910,2024-11-20,CANCELLED
7031,1055,2022-01-23,DELIVERED
7032,1409,2023-02-03,DELIVERED
7033,814,2022-06-25,RETURNED
7034,1674,2023-10-28,DELIVERED
7035,1128,2022-01-02,DELIVERED
7036,1190,2023-05-11,CANCELLED
7037,1159,2022-08-06,DELIVERED
7038,700,2024-09-03,DELIVERED
7039,312,2024-06-07,DELIVERED
7040,1236,2024-10-12,DELIVERED
7041,52,2023-01-20,RETURNED
7042,757,2024-12-25,DELIVERED
7043,61,2022-05-29,RETURNED
7044,1928,2023-08-19,DELIVERED
7045,903,2022-08-12,RETURNED
7046,1599,2024-03-04,DELIVERED
7047,1130,2023-01-21,DELIVERED
7048,1953,2022-10-12,DELIVERED
7049,1944,2023-12-23,RETURNED
7050,719,2022-07-10,DELIVERED
7051,904,2022-06-14,DELIVERED
7052,1724,2023-09-24,DELIVERED
7053,81,2022-04-25,RETURNED
7054,740,2022-03-31,DELIVERED
7055,1236,2023-01-12,DELIVERED
7056,1218,2023-01-06,DELIVERED
7057,916,2024-10-03,DELIVERED
7058,949,2022-04-12,DELIVERED
7059,1316,2022-02-04,CANCELLED
7060,1208,2023-02-06,DELIVERED
7061,209,2022-11-04,DELIVERED
7062,28,2022-05-11,DELIVERED
7063,802,2022-03-15,DELIVERED
7064,351,2022-02-17,DELIVERED
7065,1318,2023-12-07,DELIVERED
7066,372,2022-11-28,DELIVERED
7067,388,2024-04-15,DELIVERED
7068,1682,2022-09-01,DELIVERED
7069,33,2024-02-27,DELIVERED
7070,86,2022-01-28,CANCELLED
7071,1021,2023-02-05,DELIVERED
7072,279,2023-06-20,CANCELLED
7073,1853,2024-02-28,DELIVERED
7074,868,2022-10-12,DELIVERED
7075,1649,2024-07-13,DELIVERED
7076,962,2023-08-14,RETURNED
7077,1429,2023-10-31,DELIVERED
7078,1602,2022-07-08,CANCELLED
7079,1562,2023-07-22,DELIVERED
7080,1938,2024-01-23,RETURNED
7081,1390,2024-10-12,DELIVERED
7082,1476,2024-02-19,DELIVERED
7083,1010,2023-03-03,DELIVERED
7084,623,2023-06-03,RETURNED
7085,449,2023-06-05,DELIVERED
7086,135,2023-07-29,DELIVERED
7087,879,2024-05-07,DELIVERED
7088,1790,2024-11-18,DELIVERED
7089,1531,2023-07-03,DELIVERED
7090,1611,2023-08-31,DELIVERED
7091,1754,2023-04-14,DELIVERED
7092,1899,2023-12-25,DELIVERED
7093,1935,2024-05-28,DELIVERED
7094,1751,2024-05-02,CANCELLED
7095,443,2024-06-08,RETURNED
7096,1700,2023-09-06,DELIVERED
7097,493,2022-11-12,DELIVERED
7098,1358,2024-08-01,DELIVERED
7099,1075,2024-08-22,DELIVERED
7100,1041,2023-08-19,DELIVERED
7101,1584,2024-04-16,CANCELLED
7102,1250,2023-03-24,DELIVERED
7103,1329,2023-05-31,DELIVERED
7104,1785,2024-05-31,RETURNED
7105,1415,2023-11-22,RETURNED
7106,65,2023-12-31,DELIVERED
7107,1483,2023-09-18,DELIVERED
7108,123,2024-01-10,RETURNED
7109,66,2022-12-25,DELIVERED
7110,822,2024-08-07,DELIVERED
7111,1685,2022-01-17,DELIVERED
7112,404,2023-07-29,DELIVERED
7113,1553,2023-02-06,DELIVERED
7114,1428,2024-08-15,DELIVERED
7115,1874,2024-09-30,RETURNED
7116,1730,2023-10-07,DELIVERED
7117,1615,2023-12-09,DELIVERED
7118,1986,2022-01-10,DELIVERED
7119,1896,2022-02-28,DELIVERED
7120,283,2023-11-18,DELIVERED
7121,720,2022-08-14,DELIVERED
7122,1386,2022-09-29,DELIVERED
7123,1303,2022-01-10,DELIVERED
7124,704,2022-02-17,DELIVERED
7125,1965,2022-07-12,DELIVERED
7126,704,2023-04-10,RETURNED
7127,286,2024-08-08,DELIVERED
7128,1581,2023-04-22,CANCELLED
7129,1538,2024-10-03,DELIVERED
7130,1705,2023-11-09,DELIVERED
7131,1634,2022-07-25,DELIVERED
7132,490,2023-12-24,DELIVERED
7133,563,2022-12-08,DELIVERED
7134,379,2024-08-01,CANCELLED
7135,306,2024-06-08,CANCELLED
7136,779,2023-01-11,CANCELLED
7137,705,2022-08-16,DELIVERED
7138,1073,2024-01-15,DELIVERED
7139,1083,2023-01-30,DELIVERED
7140,1387,2023-12-18,DELIVERED
7141,701,2022-06-14,DELIVERED
7142,1550,2024-06-02,RETURNED
7143,1635,2022-06-15,DELIVERED
7144,664,2022-07-12,DELIVERED
7145,1364,2023-09-16,DELIVERED
7146,733,2023-10-03,CANCELLED
7147,451,2024-07-18,DELIVERED
7148,1892,2024-05-05,DELIVERED
7149,382,2022-08-09,DELIVERED
7150,410,2023-05-22,DELIVERED
7151,790,2022-07-15,RETURNED
7152,288,2022-06-27,DELIVERED
7153,1701,2024-09-01,DELIVERED
7154,867,2022-12-08,CANCELLED
7155,528,2022-07-27,DELIVERED
7156,869,2022-02-28,DELIVERED
7157,1077,2022-08-31,DELIVERED
7158,1605,2024-06-24,DELIVERED
7159,29,2022-05-02,DELIVERED
7160,480,2022-06-21,DELIVERED
7161,884,2023-05-08,DELIVERED
7162,1729,2023-04-27,RETURNED
7163,1225,2023-11-20,RETURNED
7164,893,2024-10-08,RETURNED
7165,637,2023-11-19,DELIVERED
7166,676,2022-10-20,RETURNED
7167,257,2024-05-07,DELIVERED
7168,1386,2022-07-24,RETURNED
7169,1951,2023-03-17,DELIVERED
7170,470,2024-12-23,RETURNED
7171,1087,2022-03-20,DELIVERED
7172,705,2022-07-05,DELIVERED
7173,1332,2022-11-08,DELIVERED
7174,757,2023-05-12,DELIVERED
7175,751,2022-04-05,RETURNED
7176,297,2022-12-26,CANCELLED
7177,487,2022-08-08,DELIVERED
7178,272,2024-08-23,DELIVERED
7179,760,2024-06-23,DELIVERED
7180,379,2022-05-11,DELIVERED
7181,679,2023-08-23,DELIVERED
7182,1533,2023-08-08,DELIVERED
7183,398,2022-06-24,DELIVERED
7184,1449,2023-02-20,DELIVERED
7185,510,2024-06-11,RETURNED
7186,763,2023-04-06,RETURNED
7187,174,2022-03-20,DELIVERED
7188,1753,2022-11-18,DELIVERED
7189,1199,2024-09-17,DELIVERED
7190,1389,2022-08-08,DELIVERED
7191,836,2022-10-29,DELIVERED
7192,235,2024-08-15,DELIVERED
7193,799,2023-11-27,CANCELLED
7194,1864,2024-07-14,DELIVERED
7195,332,2024-11-08,DELIVERED
7196,876,2022-10-17,DELIVERED
7197,171,2022-04-20,CANCELLED
7198,1002,2023-04-14,CANCELLED
7199,319,2022-11-17,DELIVERED
7200,1127,2023-05-20,DELIVERED
7201,1843,2022-06-04,CANCELLED
7202,907,2023-03-23,DELIVERED
7203,892,2024-09-18,DELIVERED
7204,56,2024-01-06,DELIVERED
7205,1053,2024-07-13,DELIVERED
7206,906,2023-08-22,DELIVERED
7207,1219,2022-06-15,DELIVERED
7208,403,2022-04-26,DELIVERED
7209,651,2022-04-15,DELIVERED
7210,364,2022-01-13,DELIVERED
7211,1324,2024-02-12,CANCELLED
7212,1067,2023-05-15,DELIVERED
7213,1137,2022-03-12,RETURNED
7214,1526,2023-09-27,DELIVERED
7215,1804,2022-04-24,DELIVERED
7216,648,2024-10-27,DELIVERED
7217,1560,2024-03-23,DELIVERED
7218,1329,2022-04-08,DELIVERED
7219,1239,2023-02-26,DELIVERED
7220,1403,2024-07-29,DELIVERED
7221,610,2022-05-21,DELIVERED
7222,1482,2022-10-27,DELIVERED
7223,869,2024-10-31,DELIVERED
7224,155,2023-05-14,CANCELLED
7225,1362,2022-09-28,DELIVERED
7226,147,2022-04-10,RETURNED
7227,643,2022-07-25,DELIVERED
7228,576,2024-02-08,DELIVERED
7229,1118,2023-09-28,DELIVERED
7230,6,2022-07-21,DELIVERED
7231,1347,2022-12-13,DELIVERED
7232,484,2022-12-22,DELIVERED
7233,1127,2023-02-08,DELIVERED
7234,158,2024-03-03,DELIVERED
7235,1483,2024-04-21,DELIVERED
7236,1723,2022-01-19,DELIVERED
7237,1158,2022-06-26,DELIVERED
7238,1437,2024-09-07,RETURNED
7239,1512,2024-02-19,DELIVERED
7240,955,2024-11-11,DELIVERED
7241,628,2024-09-22,DELIVERED
7242,378,2022-04-05,DELIVERED
7243,725,2022-09-23,DELIVERED
7244,1432,2022-07-24,CANCELLED
7245,1980,2024-08-28,RETURNED
7246,936,2022-08-22,DELIVERED
7247,551,2024-01-18,RETURNED
7248,57,2024-12-27,CANCELLED
7249,657,2022-08-02,DELIVERED
7250,940,2022-01-14,DELIVERED
7251,166,2022-08-14,RETURNED
7252,1197,2022-06-14,DELIVERED
7253,1636,2023-09-15,DELIVERED
7254,1915,2024-01-15,DELIVERED
7255,968,2022-10-18,DELIVERED
7256,705,2023-11-25,DELIVERED
7257,236,2023-01-17,DELIVERED
7258,1021,2022-06-10,DELIVERED
7259,914,2022-08-27,DELIVERED
7260,1384,2024-10-23,DELIVERED
7261,1537,2022-10-17,CANCELLED
7262,493,2023-12-27,DELIVERED
7263,276,2024-04-02,CANCELLED
7264,782,2024-06-21,DELIVERED
7265,1926,2022-02-21,DELIVERED
7266,1013,2023-03-01,DELIVERED
7267,401,2024-12-10,DELIVERED
7268,587,2022-04-06,DELIVERED
7269,287,2023-03-22,DELIVERED
7270,1900,2023-08-15,DELIVERED
7271,1969,2022-05-21,DELIVERED
7272,1613,2024-03-11,RETURNED
7273,361,2024-10-09,DELIVERED
7274,1490,2023-03-24,DELIVERED
7275,1949,2022-08-15,DELIVERED
7276,937,2024-05-02,CANCELLED
7277,1402,2023-09-03,DELIVERED
7278,1375,2022-07-29,DELIVERED
7279,606,2024-11-13,DELIVERED
7280,1231,2024-03-23,RETURNED
7281,1510,2024-05-13,DELIVERED
7282,1891,2024-05-01,DELIVERED
7283,56,2023-05-28,DELIVERED
7284,773,2024-03-04,DELIVERED
7285,1849,2024-09-16,RETURNED
7286,444,2024-02-12,DELIVERED
7287,1597,2023-04-19,DELIVERED
7288,570,2023-03-27,DELIVERED
7289,1236,2023-04-12,DELIVERED
7290,465,2022-06-11,CANCELLED
7291,1181,2023-01-06,CANCELLED
7292,297,2022-08-21,DELIVERED
7293,344,2024-09-15,RETURNED
7294,786,2023-11-07,DELIVERED
7295,574,2022-05-12,DELIVERED
7296,542,2022-04-13,DELIVERED
7297,1919,2022-10-25,DELIVERED
7298,168,2024-07-14,DELIVERED
7299,1052,2022-11-18,DELIVERED
7300,255,2024-11-28,DELIVERED
7301,180,2022-08-22,DELIVERED
7302,1195,2024-03-31,DELIVERED
7303,1737,2024-09-10,DELIVERED
7304,918,2024-12-12,DELIVERED
7305,1619,2024-12-02,DELIVERED
7306,1706,2024-09-04,RETURNED
7307,1192,2024-07-08,DELIVERED
7308,117,2023-10-09,DELIVERED
7309,1779,2022-10-04,DELIVERED
7310,255,2022-08-15,DELIVERED
7311,1749,2024-04-18,CANCELLED
7312,856,2023-12-30,DELIVERED
7313,195,2024-12-30,DELIVERED
7314,1927,2022-01-20,DELIVERED
7315,1009,2023-03-09,DELIVERED
7316,1403,2023-10-04,DELIVERED
7317,499,2022-07-13,RETURNED
7318,410,2022-07-12,DELIVERED
7319,945,2024-01-21,CANCELLED
7320,919,2022-12-31,CANCELLED
7321,1543,2024-04-28,DELIVERED
7322,1223,2023-09-17,DELIVERED
7323,447,2024-09-26,RETURNED
7324,1039,2022-05-26,DELIVERED
7325,1719,2023-03-09,DELIVERED
7326,1413,2022-04-20,DELIVERED
7327,1942,2022-12-08,DELIVERED
7328,234,2023-03-01,DELIVERED
7329,27,2024-10-20,DELIVERED
7330,1012,2023-12-14,DELIVERED
7331,1400,2022-12-18,DELIVERED
7332,455,2023-02-03,DELIVERED
7333,247,2023-05-11,DELIVERED
7334,1258,2024-12-15,DELIVERED
7335,1185,2022-03-17,CANCELLED
7336,93,2023-09-28,DELIVERED
7337,1710,2022-04-26,DELIVERED
7338,1378,2022-12-01,DELIVERED
7339,1536,2023-08-29,DELIVERED
7340,1591,2023-11-13,DELIVERED
7341,700,2024-05-12,RETURNED
7342,1681,2023-04-26,DELIVERED
7343,1879,2022-09-11,DELIVERED
7344,1743,2023-07-25,RETURNED
7345,447,2022-11-12,DELIVERED
7346,660,2023-12-02,DELIVERED
7347,1657,2023-07-12,DELIVERED
7348,1230,2023-01-13,DELIVERED
7349,1804,2022-05-17,DELIVERED
7350,1727,2023-06-05,CANCELLED
7351,1777,2024-05-12,RETURNED
7352,1853,2022-08-06,CANCELLED
7353,374,2023-01-20,DELIVERED
7354,77,2022-09-06,DELIVERED
7355,810,2023-04-23,DELIVERED
7356,535,2024-01-04,DELIVERED
7357,1690,2023-03-02,CANCELLED
7358,1137,2023-05-31,DELIVERED
7359,193,2023-10-05,DELIVERED
7360,1590,2022-04-18,DELIVERED
7361,18,2024-08-21,DELIVERED
7362,1068,2023-11-23,CANCELLED
7363,1274,2022-04-05,DELIVERED
7364,878,2023-09-19,DELIVERED
7365,1615,2024-08-09,DELIVERED
7366,569,2022-03-07,DELIVERED
7367,1535,2022-12-27,CANCELLED
7368,944,2024-09-17,DELIVERED
7369,1827,2023-01-21,DELIVERED
7370,1937,2022-07-10,DELIVERED
7371,1041,2022-05-12,DELIVERED
7372,423,2023-03-18,RETURNED
7373,964,2023-01-29,RETURNED
7374,928,2022-02-28,DELIVERED
7375,279,2022-09-05,DELIVERED
7376,464,2023-08-25,RETURNED
7377,1447,2023-01-05,DELIVERED
7378,1333,2022-12-18,DELIVERED
7379,1506,2023-07-08,DELIVERED
7380,1264,2024-12-11,RETURNED
7381,1720,2023-04-16,CANCELLED
7382,126,2024-04-23,DELIVERED
7383,504,2023-01-14,CANCELLED
7384,889,2023-10-03,DELIVERED
7385,30,2022-07-12,RETURNED
7386,205,2023-09-27,DELIVERED
7387,345,2023-08-31,CANCELLED
7388,1133,2023-07-09,DELIVERED
7389,1369,2022-03-05,DELIVERED
7390,573,2023-05-17,CANCELLED
7391,1545,2024-01-24,DELIVERED
7392,1231,2023-09-23,DELIVERED
7393,719,2022-07-06,DELIVERED
7394,1507,2024-11-20,DELIVERED
7395,134,2023-11-20,DELIVERED
7396,562,2022-01-17,DELIVERED
7397,1180,2023-08-07,DELIVERED
7398,1014,2023-12-21,DELIVERED
7399,1105,2022-05-14,RETURNED
7400,958,2022-03-21,DELIVERED
7401,1702,2022-10-02,DELIVERED
7402,666,2022-07-11,DELIVERED
7403,1278,2022-04-25,DELIVERED
7404,1689,2023-01-02,DELIVERED
7405,156,2022-05-25,DELIVERED
7406,409,2023-10-14,DELIVERED
7407,1263,2023-07-02,DELIVERED
7408,1184,2022-12-26,DELIVERED
7409,1960,2022-12-24,DELIVERED
7410,783,2024-02-21,DELIVERED
7411,1360,2024-05-17,DELIVERED
7412,1588,2022-12-10,DELIVERED
7413,479,2023-04-20,DELIVERED
7414,192,2023-05-28,DELIVERED
7415,134,2023-01-28,DELIVERED
7416,34,2023-04-18,CANCELLED
7417,626,2022-09-17,DELIVERED
7418,1293,2022-11-01,DELIVERED
7419,776,2024-05-19,DELIVERED
7420,1050,2023-01-20,DELIVERED
7421,392,2023-02-17,CANCELLED
7422,1382,2024-11-25,DELIVERED
7423,472,2023-05-03,DELIVERED
7424,968,2024-01-30,DELIVERED
7425,1961,2024-12-14,DELIVERED
7426,1849,2023-06-06,CANCELLED
7427,1040,2024-06-09,CANCELLED
7428,742,2023-08-13,DELIVERED
7429,511,2022-12-28,DELIVERED
7430,1271,2022-10-01,DELIVERED
7431,704,2022-02-12,DELIVERED
7432,419,2023-11-28,CANCELLED
7433,45,2023-12-13,DELIVERED
7434,1555,2024-12-07,CANCELLED
7435,765,2023-07-12,RETURNED
7436,1887,2024-09-09,CANCELLED
7437,1773,2022-01-17,DELIVERED
7438,875,2024-05-14,DELIVERED
7439,430,2023-10-23,DELIVERED
7440,1720,2024-08-21,DELIVERED
7441,92,2023-06-14,DELIVERED
7442,1644,2024-12-07,DELIVERED
7443,78,2023-11-28,DELIVERED
7444,1128,2024-11-07,RETURNED
7445,435,2023-07-17,RETURNED
7446,1515,2024-04-03,DELIVERED
7447,1058,2024-06-07,DELIVERED
7448,1207,2023-06-13,DELIVERED
7449,837,2022-08-07,DELIVERED
7450,1748,2022-02-15,RETURNED
7451,1775,2024-06-06,DELIVERED
7452,175,2023-06-19,DELIVERED
7453,1860,2022-06-18,DELIVERED
7454,1973,2023-03-17,CANCELLED
7455,534,2024-07-06,DELIVERED
7456,804,2024-09-10,CANCELLED
7457,858,2024-06-04,CANCELLED
7458,1,2023-11-25,DELIVERED
7459,1491,2024-10-31,DELIVERED
7460,41,2022-07-16,DELIVERED
7461,1357,2023-08-23,DELIVERED
7462,1817,2023-01-06,DELIVERED
7463,1422,2023-03-01,RETURNED
7464,754,2024-06-09,DELIVERED
7465,672,2022-02-08,RETURNED
7466,1898,2023-07-24,DELIVERED
7467,1863,2022-02-04,DELIVERED
7468,1601,2024-04-17,DELIVERED
7469,1449,2023-04-15,DELIVERED
7470,637,2022-04-04,DELIVERED
7471,1459,2023-06-26,RETURNED
7472,1629,2024-06-09,DELIVERED
7473,1703,2022-12-10,RETURNED
7474,1642,2024-07-01,DELIVERED
7475,1964,2022-03-10,CANCELLED
7476,677,2022-04-25,RETURNED
7477,1398,2023-05-08,DELIVERED
7478,1785,2024-10-01,DELIVERED
7479,354,2024-02-10,RETURNED
7480,617,2024-11-19,RETURNED
7481,147,2024-04-22,CANCELLED
7482,511,2024-11-25,DELIVERED
7483,1174,2023-05-16,CANCELLED
7484,834,2022-04-17,DELIVERED
7485,402,2023-10-24,DELIVERED
7486,453,2022-02-08,CANCELLED
7487,174,2022-02-14,CANCELLED
7488,1742,2022-10-17,DELIVERED
7489,1184,2024-02-12,DELIVERED
7490,173,2023-03-03,DELIVERED
7491,603,2024-10-28,RETURNED
7492,302,2024-09-29,DELIVERED
7493,1074,2024-02-10,CANCELLED
7494,100,2023-03-19,DELIVERED
7495,850,2022-10-28,DELIVERED
7496,398,2024-05-15,DELIVERED
7497,623,2023-07-31,DELIVERED
7498,1219,2023-06-13,DELIVERED
7499,1600,2024-02-13,CANCELLED
7500,1472,2023-05-16,DELIVERED
7501,1101,2022-05-28,DELIVERED
7502,309,2023-02-06,DELIVERED
7503,901,2024-05-13,DELIVERED
7504,1463,2022-04-08,DELIVERED
7505,451,2022-09-12,RETURNED
7506,618,2023-07-28,RETURNED
7507,945,2024-08-03,RETURNED
7508,355,2024-04-26,RETURNED
7509,795,2023-05-17,RETURNED
7510,911,2023-10-04,DELIVERED
7511,1044,2024-09-27,CANCELLED
7512,543,2024-10-12,RETURNED
7513,1759,2024-02-06,DELIVERED
7514,1402,2023-08-11,DELIVERED
7515,1928,2023-08-08,CANCELLED
7516,1460,2023-11-16,DELIVERED
7517,726,2023-01-25,DELIVERED
7518,942,2023-06-04,RETURNED
7519,1781,2022-02-26,RETURNED
7520,1606,2023-05-07,DELIVERED
7521,954,2024-05-09,DELIVERED
7522,577,2022-02-21,DELIVERED
7523,308,2022-02-16,RETURNED
7524,984,2024-05-12,DELIVERED
7525,165,2023-09-24,DELIVERED
7526,719,2023-02-14,DELIVERED
7527,156,2023-10-12,CANCELLED
7528,1570,2023-03-02,DELIVERED
7529,426,2022-05-02,DELIVERED
7530,120,2022-03-08,DELIVERED
7531,96,2023-07-23,CANCELLED
7532,1631,2024-04-17,DELIVERED
7533,732,2024-11-02,DELIVERED
7534,1526,2023-08-18,CANCELLED
7535,704,2023-05-16,DELIVERED
7536,1964,2023-11-15,DELIVERED
7537,866,2024-01-19,DELIVERED
7538,1954,2023-01-05,RETURNED
7539,1772,2022-09-24,RETURNED
7540,881,2022-03-07,DELIVERED
7541,1875,2022-01-28,RETURNED
7542,76,2023-06-17,DELIVERED
7543,1752,2022-06-11,DELIVERED
7544,1507,2023-05-18,CANCELLED
7545,1198,2024-01-11,CANCELLED
7546,160,2022-06-11,DELIVERED
7547,1568,2024-10-24,DELIVERED
7548,1507,2024-03-28,CANCELLED
7549,165,2022-06-27,DELIVERED
7550,1399,2023-10-14,DELIVERED
7551,1534,2024-07-06,CANCELLED
7552,567,2024-04-02,DELIVERED
7553,639,2023-09-20,DELIVERED
7554,871,2022-07-10,DELIVERED
7555,1565,2024-04-16,DELIVERED
7556,1370,2022-01-01,DELIVERED
7557,946,2024-04-22,DELIVERED
7558,1334,2024-02-25,DELIVERED
7559,302,2022-02-02,CANCELLED
7560,1459,2022-09-30,DELIVERED
7561,703,2024-02-07,DELIVERED
7562,1315,2022-05-19,DELIVERED
7563,337,2023-04-22,DELIVERED
7564,8,2023-01-05,DELIVERED
7565,381,2024-10-13,DELIVERED
7566,586,2022-02-05,DELIVERED
7567,1717,2024-09-12,DELIVERED
7568,1277,2024-12-31,DELIVERED
7569,1874,2022-11-15,DELIVERED
7570,113,2023-12-28,DELIVERED
7571,1794,2022-06-30,DELIVERED
7572,771,2022-03-08,DELIVERED
7573,630,2024-07-12,RETURNED
7574,437,2022-07-04,DELIVERED
7575,1502,2024-10-21,DELIVERED
7576,535,2024-07-21,DELIVERED
7577,620,2022-09-20,DELIVERED
7578,671,2023-06-22,DELIVERED
7579,35,2022-12-07,RETURNED
7580,463,2024-10-30,DELIVERED
7581,463,2024-01-02,RETURNED
7582,1101,2024-04-12,DELIVERED
7583,1896,2024-10-14,DELIVERED
7584,196,2023-02-22,DELIVERED
7585,417,2024-01-21,DELIVERED
7586,1381,2023-01-20,DELIVERED
7587,728,2024-11-18,DELIVERED
7588,548,2024-05-06,CANCELLED
7589,1095,2022-06-10,DELIVERED
7590,1948,2024-12-15,CANCELLED
7591,747,2022-12-10,DELIVERED
7592,1002,2023-11-03,DELIVERED
7593,1276,2022-04-29,CANCELLED
7594,1071,2023-09-14,CANCELLED
7595,1388,2022-06-05,RETURNED
7596,1989,2024-02-08,DELIVERED
7597,1655,2024-11-28,CANCELLED
7598,1993,2022-08-15,DELIVERED
7599,707,2022-12-31,DELIVERED
7600,421,2022-07-18,DELIVERED
7601,638,2024-12-26,CANCELLED
7602,1172,2022-07-07,DELIVERED
7603,1468,2022-03-26,CANCELLED
7604,402,2024-12-27,DELIVERED
7605,529,2024-02-28,DELIVERED
7606,261,2022-12-21,DELIVERED
7607,322,2022-07-30,DELIVERED
7608,1795,2024-01-28,DELIVERED
7609,1525,2023-05-11,RETURNED
7610,1735,2022-04-17,CANCELLED
7611,1507,2022-07-28,DELIVERED
7612,1055,2023-10-06,DELIVERED
7613,1853,2023-01-31,DELIVERED
7614,179,2023-08-29,CANCELLED
7615,181,2023-02-07,DELIVERED
7616,681,2023-12-31,DELIVERED
7617,1739,2022-04-21,RETURNED
7618,657,2023-04-03,DELIVERED
7619,121,2023-09-22,DELIVERED
7620,922,2024-06-22,DELIVERED
7621,1376,2022-07-24,RETURNED
7622,1263,2024-04-14,DELIVERED
7623,1125,2023-09-13,DELIVERED
7624,641,2023-10-17,DELIVERED
7625,1519,2024-06-04,DELIVERED
7626,1639,2023-09-18,DELIVERED
7627,1816,2023-09-14,DELIVERED
7628,1144,2023-01-12,DELIVERED
7629,202,2022-10-17,DELIVERED
7630,1258,2023-07-01,DELIVERED
7631,113,2024-05-03,DELIVERED
7632,169,2022-07-30,DELIVERED
7633,1991,2022-08-03,RETURNED
7634,1533,2024-02-23,RETURNED
7635,780,2022-07-11,DELIVERED
7636,1834,2024-12-14,DELIVERED
7637,328,2023-05-28,DELIVERED
7638,1516,2022-09-10,DELIVERED
7639,290,2024-05-04,CANCELLED
7640,1895,2022-09-15,DELIVERED
7641,172,2024-10-19,DELIVERED
7642,1307,2024-04-03,DELIVERED
7643,1602,2024-02-20,CANCELLED
7644,1165,2024-02-21,RETURNED
7645,63,2024-12-19,DELIVERED
7646,555,2024-10-13,DELIVERED
7647,1910,2022-06-26,CANCELLED
7648,23,2023-12-09,DELIVERED
7649,285,2023-12-22,DELIVERED
7650,1557,2022-09-29,DELIVERED
7651,934,2022-04-11,CANCELLED
7652,324,2022-10-26,DELIVERED
7653,1967,2024-08-06,RETURNED
7654,548,2023-11-27,DELIVERED
7655,1506,2022-09-21,DELIVERED
7656,392,2024-08-06,RETURNED
7657,297,2023-12-18,DELIVERED
7658,686,2023-01-17,RETURNED
7659,1662,2022-04-02,DELIVERED
7660,1049,2022-02-17,CANCELLED
7661,302,2024-11-22,DELIVERED
7662,1651,2024-02-18,DELIVERED
7663,1132,2022-02-28,DELIVERED
7664,1916,2023-01-08,DELIVERED
7665,858,2024-01-05,CANCELLED
7666,1816,2024-09-04,DELIVERED
7667,1956,2024-03-28,DELIVERED
7668,1244,2023-11-30,DELIVERED
7669,1187,2022-02-17,DELIVERED
7670,171,2024-10-26,RETURNED
7671,1197,2024-10-31,DELIVERED
7672,804,2023-06-16,DELIVERED
7673,193,2024-03-07,DELIVERED
7674,1723,2023-12-27,DELIVERED
7675,276,2023-03-28,DELIVERED
7676,1008,2024-12-23,DELIVERED
7677,1046,2024-06-25,CANCELLED
7678,781,2023-12-13,DELIVERED
7679,1867,2023-05-02,DELIVERED
7680,798,2022-04-18,DELIVERED
7681,263,2022-10-10,CANCELLED
7682,48,2022-06-30,RETURNED
7683,1638,2023-02-01,DELIVERED
7684,19,2023-07-27,DELIVERED
7685,1207,2023-07-22,DELIVERED
7686,916,2022-06-13,CANCELLED
7687,1261,2022-02-01,DELIVERED
7688,35,2023-03-01,DELIVERED
7689,1557,2023-06-10,RETURNED
7690,1068,2023-10-23,CANCELLED
7691,1148,2022-12-12,RETURNED
7692,1167,2023-08-17,DELIVERED
7693,1207,2022-09-07,DELIVERED
7694,1657,2022-04-08,RETURNED
7695,478,2023-09-23,DELIVERED
7696,1149,2023-05-06,DELIVERED
7697,1808,2022-07-10,RETURNED
7698,838,2024-08-29,DELIVERED
7699,116,2023-11-10,CANCELLED
7700,259,2024-03-17,DELIVERED
7701,1655,2023-06-08,RETURNED
7702,1555,2024-11-24,DELIVERED
7703,1284,2024-12-18,CANCELLED
7704,848,2023-11-11,DELIVERED
7705,1354,2022-11-02,DELIVERED
7706,342,2024-01-23,CANCELLED
7707,1924,2024-12-31,DELIVERED
7708,1788,2022-11-22,DELIVERED
7709,338,2022-01-04,CANCELLED
7710,227,2024-12-15,DELIVERED
7711,503,2024-02-04,DELIVERED
7712,895,2024-11-10,DELIVERED
7713,875,2023-09-03,DELIVERED
7714,1704,2024-05-15,DELIVERED
7715,839,2024-10-11,DELIVERED
7716,1251,2024-03-28,DELIVERED
7717,1642,2023-03-25,DELIVERED
7718,551,2023-07-29,DELIVERED
7719,1702,2024-08-30,DELIVERED
7720,163,2023-04-19,DELIVERED
7721,411,2022-06-16,RETURNED
7722,661,2023-12-07,DELIVERED
7723,1453,2023-11-07,DELIVERED
7724,325,2024-10-27,CANCELLED
7725,1001,2023-07-17,DELIVERED
7726,937,2023-07-21,DELIVERED
7727,1405,2022-05-12,CANCELLED
7728,597,2024-12-14,DELIVERED
7729,1818,2022-11-17,DELIVERED
7730,662,2022-09-04,CANCELLED
7731,1336,2022-08-30,CANCELLED
7732,1268,2024-10-06,DELIVERED
7733,686,2023-04-04,DELIVERED
7734,833,2023-12-30,CANCELLED
7735,148,2024-01-04,CANCELLED
7736,893,2023-09-29,RETURNED
7737,1253,2024-04-05,DELIVERED
7738,1227,2024-05-24,DELIVERED
7739,1480,2022-01-17,RETURNED
7740,103,2023-02-28,DELIVERED
7741,1033,2023-01-12,DELIVERED
7742,226,2024-03-22,CANCELLED
7743,1715,2022-03-19,DELIVERED
7744,1509,2023-11-02,DELIVERED
7745,1336,2022-11-14,DELIVERED
7746,576,2022-10-24,DELIVERED
7747,576,2023-03-17,DELIVERED
7748,1358,2022-12-09,DELIVERED
7749,841,2022-04-10,DELIVERED
7750,1065,2023-06-05,DELIVERED
7751,1422,2022-04-11,RETURNED
7752,1648,2024-11-02,RETURNED
7753,563,2022-01-17,CANCELLED
7754,403,2023-09-07,DELIVERED
7755,148,2023-11-15,RETURNED
7756,899,2023-05-11,DELIVERED
7757,1805,2024-12-15,DELIVERED
7758,1530,2024-09-22,DELIVERED
7759,709,2023-10-31,DELIVERED
7760,854,2022-02-02,DELIVERED
7761,1200,2022-11-12,RETURNED
7762,84,2024-06-14,DELIVERED
7763,548,2024-04-05,DELIVERED
7764,283,2024-10-12,DELIVERED
7765,1289,2023-11-13,CANCELLED
7766,810,2023-09-05,DELIVERED
7767,129,2022-08-08,DELIVERED
7768,314,2024-12-22,CANCELLED
7769,715,2024-04-17,DELIVERED
7770,1284,2022-11-11,CANCELLED
7771,747,2022-03-29,DELIVERED
7772,176,2024-01-02,RETURNED
7773,1480,2023-03-22,DELIVERED
7774,1764,2022-02-10,DELIVERED
7775,930,2023-11-28,RETURNED
7776,1125,2022-10-12,DELIVERED
7777,326,2024-03-02,DELIVERED
7778,533,2023-03-22,RETURNED
7779,760,2024-03-25,DELIVERED
7780,1049,2023-07-01,DELIVERED
7781,810,2022-01-06,DELIVERED
7782,1249,2022-02-15,CANCELLED
7783,1701,2023-12-05,DELIVERED
7784,1601,2022-07-24,DELIVERED
7785,133,2024-07-23,DELIVERED
7786,759,2022-05-21,DELIVERED
7787,1388,2023-07-22,DELIVERED
7788,1626,2023-09-21,DELIVERED
7789,339,2023-11-26,DELIVERED
7790,206,2024-05-29,RETURNED
7791,1270,2022-12-31,DELIVERED
7792,1379,2023-05-16,DELIVERED
7793,1320,2023-11-20,DELIVERED
7794,975,2023-07-12,DELIVERED
7795,890,2023-12-19,DELIVERED
7796,654,2022-03-17,DELIVERED
7797,741,2023-10-30,DELIVERED
7798,1255,2023-06-24,DELIVERED
7799,1451,2023-03-07,DELIVERED
7800,627,2023-04-01,RETURNED
7801,885,2024-08-22,DELIVERED
7802,209,2023-11-20,RETURNED
7803,1640,2022-12-24,RETURNED
7804,1487,2022-01-06,CANCELLED
7805,545,2022-04-21,DELIVERED
7806,1939,2023-05-09,DELIVERED
7807,231,2023-12-10,DELIVERED
7808,1216,2024-08-07,DELIVERED
7809,105,2022-04-08,DELIVERED
7810,1946,2023-11-14,DELIVERED
7811,947,2024-07-20,RETURNED
7812,1570,2023-08-13,DELIVERED
7813,539,2023-05-08,DELIVERED
7814,1677,2023-06-22,DELIVERED
7815,991,2022-10-01,DELIVERED
7816,1931,2024-01-19,DELIVERED
7817,1025,2023-11-21,DELIVERED
7818,213,2023-04-03,DELIVERED
7819,1328,2024-09-26,DELIVERED
7820,806,2024-12-29,DELIVERED
7821,1329,2024-02-06,DELIVERED
7822,1269,2023-10-06,DELIVERED
7823,1763,2022-10-24,DELIVERED
7824,1980,2024-02-03,DELIVERED
7825,37,2023-12-06,DELIVERED
7826,1225,2023-09-10,CANCELLED
7827,742,2024-10-24,DELIVERED
7828,838,2024-04-04,DELIVERED
7829,1613,2024-12-23,CANCELLED
7830,538,2022-08-29,CANCELLED
7831,841,2022-12-10,DELIVERED
7832,1519,2023-09-11,DELIVERED
7833,616,2022-02-07,DELIVERED
7834,516,2024-03-31,CANCELLED
7835,1999,2024-06-29,DELIVERED
7836,197,2023-06-06,CANCELLED
7837,1010,2024-09-28,CANCELLED
7838,1652,2023-05-18,RETURNED
7839,255,2023-12-17,CANCELLED
7840,1172,2023-11-28,RETURNED
7841,1062,2023-03-20,DELIVERED
7842,581,2024-02-03,CANCELLED
7843,825,2022-03-17,DELIVERED
7844,53,2023-01-27,DELIVERED
7845,796,2022-07-26,DELIVERED
7846,943,2023-12-14,DELIVERED
7847,64,2022-03-22,CANCELLED
7848,898,2022-03-14,RETURNED
7849,943,2023-07-07,DELIVERED
7850,1002,2024-06-04,CANCELLED
7851,365,2024-12-19,DELIVERED
7852,1393,2022-07-20,DELIVERED
7853,1442,2022-11-16,DELIVERED
7854,1635,2024-01-18,DELIVERED
7855,1599,2023-04-30,DELIVERED
7856,1579,2024-05-18,DELIVERED
7857,1387,2023-05-27,DELIVERED
7858,406,2024-05-27,DELIVERED
7859,492,2024-01-24,RETURNED
7860,1630,2023-12-31,CANCELLED
7861,1218,2024-04-14,DELIVERED
7862,119,2024-07-19,DELIVERED
7863,1094,2023-03-16,DELIVERED
7864,175,2023-03-14,DELIVERED
7865,708,2022-08-07,CANCELLED
7866,1254,2022-01-15,DELIVERED
7867,389,2022-04-07,DELIVERED
7868,1866,2023-09-27,DELIVERED
7869,1301,2023-09-27,RETURNED
7870,465,2024-06-04,DELIVERED
7871,1378,2023-04-06,DELIVERED
7872,1459,2024-04-27,DELIVERED
7873,1680,2022-05-09,RETURNED
7874,549,2024-12-01,RETURNED
7875,402,2022-01-23,DELIVERED
7876,1873,2024-07-23,DELIVERED
7877,468,2024-01-16,CANCELLED
7878,895,2024-01-18,DELIVERED
7879,315,2024-03-09,CANCELLED
7880,1052,2022-12-23,RETURNED
7881,702,2023-01-07,RETURNED
7882,1371,2024-04-30,DELIVERED
7883,1494,2024-08-22,CANCELLED
7884,1938,2023-06-26,CANCELLED
7885,1639,2022-05-20,DELIVERED
7886,1038,2024-12-07,DELIVERED
7887,1924,2022-08-01,DELIVERED
7888,259,2022-09-21,RETURNED
7889,1632,2022-12-07,DELIVERED
7890,1284,2022-12-07,DELIVERED
7891,326,2024-02-13,DELIVERED
7892,222,2024-09-28,CANCELLED
7893,1120,2022-10-28,CANCELLED
7894,1659,2023-09-19,DELIVERED
7895,1553,2023-10-15,DELIVERED
7896,541,2023-07-13,DELIVERED
7897,763,2023-03-16,DELIVERED
7898,1406,2023-10-12,DELIVERED
7899,1894,2022-06-06,DELIVERED
7900,200,2024-12-26,DELIVERED
7901,1566,2023-12-03,DELIVERED
7902,783,2024-07-10,DELIVERED
7903,1980,2022-02-07,DELIVERED
7904,296,2022-04-29,DELIVERED
7905,1691,2022-07-25,DELIVERED
7906,444,2024-06-29,CANCELLED
7907,1480,2024-05-28,DELIVERED
7908,1599,2022-07-24,DELIVERED
7909,1839,2023-07-27,RETURNED
7910,1924,2022-06-14,DELIVERED
7911,1374,2022-10-03,DELIVERED
7912,1938,2022-06-02,DELIVERED
7913,1070,2023-05-15,DELIVERED
7914,663,2023-07-01,RETURNED
7915,1842,2022-07-19,DELIVERED
7916,908,2022-12-13,DELIVERED
7917,1867,2024-03-08,DELIVERED
7918,4,2024-11-06,DELIVERED
7919,1593,2024-03-19,RETURNED
7920,960,2024-09-15,DELIVERED
7921,1174,2022-01-22,RETURNED
7922,1355,2024-09-16,DELIVERED
7923,1990,2023-05-01,CANCELLED
7924,773,2022-10-23,CANCELLED
7925,765,2022-01-06,DELIVERED
7926,1340,2024-09-15,DELIVERED
7927,135,2024-05-02,DELIVERED
7928,193,2024-10-18,DELIVERED
7929,578,2024-12-08,CANCELLED
7930,809,2022-04-12,DELIVERED
7931,211,2024-10-23,DELIVERED
7932,1177,2023-04-01,DELIVERED
7933,1815,2022-11-28,DELIVERED
7934,610,2023-11-04,CANCELLED
7935,526,2024-05-29,DELIVERED
7936,224,2022-06-20,DELIVERED
7937,662,2023-04-18,DELIVERED
7938,42,2024-03-03,CANCELLED
7939,513,2022-03-09,RETURNED
7940,1474,2024-09-23,DELIVERED
7941,470,2023-09-04,DELIVERED
7942,1668,2022-08-23,CANCELLED
7943,1221,2024-07-11,DELIVERED
7944,253,2022-05-22,CANCELLED
7945,766,2022-07-24,DELIVERED
7946,1116,2022-10-19,DELIVERED
7947,952,2022-01-23,DELIVERED
7948,359,2022-08-30,RETURNED
7949,1889,2023-05-21,DELIVERED
7950,510,2024-03-26,CANCELLED
7951,1600,2023-11-30,RETURNED
7952,823,2022-01-08,DELIVERED
7953,232,2024-05-17,DELIVERED
7954,1904,2022-02-21,DELIVERED
7955,1045,2024-07-21,DELIVERED
7956,566,2024-11-19,DELIVERED
7957,1772,2023-04-20,DELIVERED
7958,754,2023-04-18,CANCELLED
7959,1695,2023-09-03,DELIVERED
7960,1719,2022-06-19,DELIVERED
7961,742,2024-07-07,DELIVERED
7962,1646,2023-10-31,RETURNED
7963,984,2023-09-30,DELIVERED
7964,520,2024-02-12,DELIVERED
7965,1581,2023-12-08,DELIVERED
7966,1795,2022-11-30,CANCELLED
7967,624,2022-04-07,RETURNED
7968,1568,2022-07-01,DELIVERED
7969,1113,2023-05-16,DELIVERED
7970,1171,2023-11-08,DELIVERED
7971,1949,2024-09-14,DELIVERED
7972,25,2023-03-28,DELIVERED
7973,1554,2024-07-18,DELIVERED
7974,1903,2024-10-06,DELIVERED
7975,996,2022-02-24,DELIVERED
7976,708,2024-04-21,DELIVERED
7977,1859,2022-04-27,RETURNED
7978,622,2022-05-31,DELIVERED
7979,1864,2024-02-22,DELIVERED
7980,191,2024-03-14,DELIVERED
7981,1658,2023-04-20,CANCELLED
7982,1293,2023-10-19,DELIVERED
7983,918,2024-02-28,DELIVERED
7984,237,2024-07-17,CANCELLED
7985,827,2024-07-25,DELIVERED
7986,1367,2024-06-11,RETURNED
7987,20,2024-03-05,DELIVERED
7988,636,2023-10-27,RETURNED
7989,1344,2024-07-20,DELIVERED
7990,1369,2023-04-23,CANCELLED
7991,1309,2024-08-25,CANCELLED
7992,92,2023-04-12,DELIVERED
7993,542,2024-05-10,CANCELLED
7994,1480,2024-07-13,DELIVERED
7995,1547,2024-10-20,RETURNED
7996,541,2023-11-28,DELIVERED
7997,1,2023-09-11,DELIVERED
7998,1837,2024-12-28,RETURNED
7999,1202,2023-09-14,CANCELLED
8000,899,2023-03-21,CANCELLED
8001,1109,2022-07-09,RETURNED
8002,793,2022-02-10,RETURNED
8003,1731,2023-08-16,DELIVERED
8004,106,2024-07-20,DELIVERED
8005,1739,2024-01-08,CANCELLED
8006,1471,2023-09-05,CANCELLED
8007,847,2022-08-29,DELIVERED
8008,105,2024-09-18,RETURNED
8009,1180,2024-08-26,DELIVERED
8010,1805,2024-07-09,DELIVERED
8011,1380,2023-12-21,DELIVERED
8012,945,2022-11-03,DELIVERED
8013,1619,2024-07-22,DELIVERED
8014,794,2023-03-07,DELIVERED
8015,692,2023-07-04,RETURNED
8016,1394,2022-02-20,CANCELLED
8017,1188,2022-01-22,DELIVERED
8018,529,2024-02-18,DELIVERED
8019,715,2024-05-03,DELIVERED
8020,889,2024-02-16,CANCELLED
8021,1493,2023-01-08,RETURNED
8022,1954,2024-04-15,DELIVERED
8023,1064,2022-09-28,RETURNED
8024,1602,2024-09-02,DELIVERED
8025,1572,2024-06-25,RETURNED
8026,1824,2024-07-23,DELIVERED
8027,768,2024-08-17,DELIVERED
8028,1340,2023-02-25,DELIVERED
8029,1830,2024-04-12,DELIVERED
8030,457,2024-10-14,DELIVERED
8031,377,2024-06-28,DELIVERED
8032,1609,2022-06-24,DELIVERED
8033,897,2023-05-04,RETURNED
8034,253,2022-09-24,DELIVERED
8035,860,2022-12-20,DELIVERED
8036,1625,2022-03-08,DELIVERED
8037,1981,2022-12-10,DELIVERED
8038,336,2023-04-20,DELIVERED
8039,1929,2023-05-11,DELIVERED
8040,294,2023-03-18,DELIVERED
8041,1903,2023-04-16,DELIVERED
8042,777,2022-02-16,CANCELLED
8043,1668,2022-02-26,CANCELLED
8044,1950,2024-02-13,DELIVERED
8045,1996,2023-06-14,CANCELLED
8046,1393,2022-01-05,DELIVERED
8047,705,2022-09-25,DELIVERED
8048,897,2024-03-13,DELIVERED
8049,288,2023-09-18,DELIVERED
8050,1036,2023-12-05,DELIVERED
8051,1466,2022-04-10,DELIVERED
8052,784,2023-06-27,DELIVERED
8053,1815,2023-11-20,DELIVERED
8054,981,2023-11-29,DELIVERED
8055,239,2024-12-01,CANCELLED
8056,525,2022-12-08,DELIVERED
8057,1973,2023-09-29,RETURNED
8058,1085,2022-01-14,DELIVERED
8059,1996,2024-06-28,DELIVERED
8060,620,2022-09-28,DELIVERED
8061,1640,2022-03-03,DELIVERED
8062,1761,2024-05-18,DELIVERED
8063,1306,2024-07-03,DELIVERED
8064,57,2023-01-05,DELIVERED
8065,1479,2022-09-24,DELIVERED
8066,511,2022-06-03,RETURNED
8067,71,2022-07-10,DELIVERED
8068,1469,2023-10-30,DELIVERED
8069,1976,2024-04-29,RETURNED
8070,1949,2022-09-27,DELIVERED
8071,967,2024-12-10,CANCELLED
8072,327,2024-11-29,DELIVERED
8073,1693,2022-06-06,DELIVERED
8074,323,2023-09-27,DELIVERED
8075,1633,2024-04-17,DELIVERED
8076,1675,2022-08-20,DELIVERED
8077,1366,2024-03-14,DELIVERED
8078,236,2024-05-24,DELIVERED
8079,399,2023-01-10,DELIVERED
8080,1038,2022-01-14,DELIVERED
8081,40,2023-10-26,DELIVERED
8082,85,2023-01-02,DELIVERED
8083,640,2023-11-25,DELIVERED
8084,308,2022-02-13,DELIVERED
8085,327,2022-01-08,DELIVERED
8086,1818,2024-09-28,DELIVERED
8087,751,2023-07-11,DELIVERED
8088,565,2024-12-21,DELIVERED
8089,282,2022-05-20,DELIVERED
8090,1819,2023-07-06,DELIVERED
8091,270,2024-08-13,DELIVERED
8092,1515,2022-02-06,CANCELLED
8093,729,2022-12-17,DELIVERED
8094,1394,2024-07-05,DELIVERED
8095,350,2022-04-15,DELIVERED
8096,1478,2024-03-26,DELIVERED
8097,1095,2023-12-01,DELIVERED
8098,1112,2023-01-22,DELIVERED
8099,1174,2024-02-02,DELIVERED
8100,1011,2022-10-18,RETURNED
8101,1411,2023-03-19,DELIVERED
8102,1449,2022-01-22,DELIVERED
8103,1630,2022-06-30,RETURNED
8104,688,2024-07-01,RETURNED
8105,315,2023-04-15,DELIVERED
8106,995,2022-06-04,DELIVERED
8107,1360,2024-12-24,DELIVERED
8108,1442,2022-07-24,DELIVERED
8109,943,2022-01-15,DELIVERED
8110,91,2022-08-07,DELIVERED
8111,1017,2024-09-16,DELIVERED
8112,57,2022-09-22,DELIVERED
8113,1171,2022-09-25,DELIVERED
8114,1738,2022-11-13,DELIVERED
8115,1477,2023-12-24,DELIVERED
8116,465,2022-11-02,RETURNED
8117,922,2022-01-08,CANCELLED
8118,1179,2023-02-09,CANCELLED
8119,1200,2023-11-29,DELIVERED
8120,1216,2022-07-31,DELIVERED
8121,1976,2024-02-01,RETURNED
8122,1661,2022-09-13,DELIVERED
8123,1726,2023-03-09,CANCELLED
8124,1323,2024-06-27,DELIVERED
8125,1232,2022-12-04,RETURNED
8126,1852,2024-08-13,DELIVERED
8127,1918,2024-07-30,DELIVERED
8128,1760,2022-08-15,RETURNED
8129,1973,2023-09-27,RETURNED
8130,613,2024-08-15,CANCELLED
8131,1194,2024-04-23,DELIVERED
8132,267,2023-12-10,DELIVERED
8133,1060,2023-05-02,DELIVERED
8134,365,2023-09-08,DELIVERED
8135,1951,2024-08-20,CANCELLED
8136,483,2024-06-08,CANCELLED
8137,945,2024-09-10,DELIVERED
8138,1540,2023-06-13,DELIVERED
8139,1302,2023-09-19,DELIVERED
8140,1810,2023-12-03,RETURNED
8141,1276,2024-08-05,DELIVERED
8142,338,2024-02-10,DELIVERED
8143,226,2023-11-23,RETURNED
8144,1542,2023-09-22,DELIVERED
8145,1062,2022-03-30,CANCELLED
8146,1257,2022-04-07,CANCELLED
8147,464,2023-07-08,RETURNED
8148,1326,2022-02-08,DELIVERED
8149,257,2023-08-24,DELIVERED
8150,1770,2024-05-07,RETURNED
8151,1284,2022-03-04,CANCELLED
8152,1163,2023-08-11,DELIVERED
8153,135,2024-05-08,DELIVERED
8154,990,2023-04-13,DELIVERED
8155,262,2023-08-13,RETURNED
8156,831,2024-02-22,DELIVERED
8157,1985,2022-10-11,DELIVERED
8158,536,2022-11-11,RETURNED
8159,453,2024-04-24,CANCELLED
8160,473,2022-04-19,DELIVERED
8161,174,2023-07-04,RETURNED
8162,1290,2022-05-01,RETURNED
8163,1391,2023-11-12,DELIVERED
8164,496,2022-08-11,RETURNED
8165,233,2024-07-31,DELIVERED
8166,374,2024-03-22,DELIVERED
8167,135,2023-06-14,DELIVERED
8168,1775,2023-11-04,DELIVERED
8169,1986,2022-01-27,RETURNED
8170,1299,2022-05-15,DELIVERED
8171,258,2023-04-02,DELIVERED
8172,676,2024-12-16,RETURNED
8173,559,2024-07-07,CANCELLED
8174,336,2022-11-20,DELIVERED
8175,1306,2023-05-12,CANCELLED
8176,1972,2023-10-24,DELIVERED
8177,1402,2024-04-30,RETURNED
8178,986,2024-09-03,CANCELLED
8179,169,2023-12-24,DELIVERED
8180,1219,2022-02-10,CANCELLED
8181,341,2024-06-02,CANCELLED
8182,335,2023-09-09,DELIVERED
8183,1597,2023-04-29,DELIVERED
8184,22,2022-03-29,CANCELLED
8185,294,2022-02-02,DELIVERED
8186,1441,2022-04-24,DELIVERED
8187,1726,2024-07-17,DELIVERED
8188,1771,2023-10-01,DELIVERED
8189,925,2024-10-27,DELIVERED
8190,1725,2023-10-28,DELIVERED
8191,1349,2022-04-18,CANCELLED
8192,582,2022-12-27,DELIVERED
8193,256,2024-03-31,DELIVERED
8194,1227,2022-10-22,CANCELLED
8195,1536,2022-05-06,CANCELLED
8196,908,2024-01-15,CANCELLED
8197,549,2023-04-06,DELIVERED
8198,627,2023-04-19,DELIVERED
8199,820,2022-02-09,DELIVERED
8200,1749,2023-03-11,CANCELLED
8201,1376,2023-01-11,CANCELLED
8202,1411,2023-12-12,DELIVERED
8203,961,2023-04-01,DELIVERED
8204,406,2023-05-24,CANCELLED
8205,1692,2024-11-12,DELIVERED
8206,454,2023-05-20,DELIVERED
8207,986,2023-04-22,DELIVERED
8208,510,2023-03-03,DELIVERED
8209,472,2024-05-16,DELIVERED
8210,1731,2023-01-02,DELIVERED
8211,1553,2024-09-01,RETURNED
8212,45,2024-02-06,DELIVERED
8213,1678,2024-07-28,DELIVERED
8214,496,2023-04-17,DELIVERED
8215,664,2022-05-29,DELIVERED
8216,258,2023-05-25,CANCELLED
8217,669,2022-07-16,CANCELLED
8218,999,2022-07-03,DELIVERED
8219,731,2023-10-27,DELIVERED
8220,1022,2022-04-21,CANCELLED
8221,1958,2023-07-01,DELIVERED
8222,1431,2022-04-18,DELIVERED
8223,312,2023-09-05,RETURNED
8224,806,2023-09-18,DELIVERED
8225,1216,2022-11-17,DELIVERED
8226,763,2022-06-29,DELIVERED
8227,477,2024-11-11,CANCELLED
8228,73,2024-09-22,CANCELLED
8229,155,2022-07-06,CANCELLED
8230,1685,2023-12-09,RETURNED
8231,716,2023-04-03,CANCELLED
8232,636,2023-06-05,RETURNED
8233,1995,2022-05-21,DELIVERED
8234,1791,2024-08-21,DELIVERED
8235,1418,2024-10-15,RETURNED
8236,644,2024-01-04,DELIVERED
8237,249,2024-03-14,DELIVERED
8238,473,2022-12-22,RETURNED
8239,1294,2022-09-27,RETURNED
8240,839,2023-05-19,DELIVERED
8241,1606,2024-05-31,DELIVERED
8242,841,2022-10-02,CANCELLED
8243,153,2024-01-17,RETURNED
8244,1467,2024-06-04,DELIVERED
8245,270,2022-01-19,RETURNED
8246,2,2024-07-27,DELIVERED
8247,150,2023-10-03,DELIVERED
8248,316,2022-04-23,DELIVERED
8249,1152,2024-02-29,DELIVERED
8250,735,2024-05-10,DELIVERED
8251,944,2022-06-08,DELIVERED
8252,1405,2023-03-18,DELIVERED
8253,866,2022-02-19,RETURNED
8254,1035,2022-03-28,CANCELLED
8255,1215,2022-03-19,DELIVERED
8256,162,2023-08-06,CANCELLED
8257,856,2022-07-16,CANCELLED
8258,1501,2023-03-20,DELIVERED
8259,995,2024-11-17,DELIVERED
8260,1142,2022-07-21,DELIVERED
8261,425,2022-03-20,DELIVERED
8262,1995,2024-03-11,DELIVERED
8263,791,2023-05-13,DELIVERED
8264,234,2024-04-14,RETURNED
8265,969,2023-12-23,DELIVERED
8266,1674,2023-12-25,RETURNED
8267,1907,2022-04-04,RETURNED
8268,1286,2022-03-14,DELIVERED
8269,782,2023-11-16,RETURNED
8270,1554,2022-11-25,DELIVERED
8271,361,2024-12-09,DELIVERED
8272,982,2022-11-16,CANCELLED
8273,321,2022-01-04,CANCELLED
8274,1135,2022-08-18,DELIVERED
8275,1933,2023-08-18,DELIVERED
8276,1295,2023-01-31,DELIVERED
8277,721,2024-05-10,DELIVERED
8278,955,2024-11-22,DELIVERED
8279,1484,2022-02-28,RETURNED
8280,455,2022-04-12,CANCELLED
8281,1237,2024-06-27,RETURNED
8282,1066,2024-01-31,DELIVERED
8283,523,2023-12-11,RETURNED
8284,1245,2023-02-23,DELIVERED
8285,1827,2022-06-12,DELIVERED
8286,985,2023-06-24,DELIVERED
8287,1933,2024-06-09,DELIVERED
8288,1055,2024-05-05,DELIVERED
8289,141,2023-11-23,CANCELLED
8290,1830,2022-07-26,DELIVERED
8291,624,2023-12-27,DELIVERED
8292,720,2024-01-19,CANCELLED
8293,425,2023-09-14,DELIVERED
8294,1538,2022-07-03,DELIVERED
8295,1877,2024-06-17,DELIVERED
8296,1909,2022-10-28,DELIVERED
8297,67,2022-10-03,DELIVERED
8298,1710,2023-12-10,DELIVERED
8299,1554,2023-03-15,DELIVERED
8300,962,2024-09-03,DELIVERED
8301,496,2022-02-07,DELIVERED
8302,204,2024-02-15,DELIVERED
8303,1142,2024-09-12,DELIVERED
8304,1604,2022-11-26,CANCELLED
8305,221,2024-01-31,DELIVERED
8306,985,2022-11-11,DELIVERED
8307,212,2022-10-22,DELIVERED
8308,118,2022-10-11,RETURNED
8309,1957,2023-08-18,DELIVERED
8310,49,2022-04-29,RETURNED
8311,606,2022-03-06,DELIVERED
8312,1525,2022-03-16,DELIVERED
8313,1201,2023-03-04,DELIVERED
8314,1016,2024-04-02,DELIVERED
8315,486,2024-12-01,DELIVERED
8316,277,2023-09-27,DELIVERED
8317,803,2023-03-16,DELIVERED
8318,1635,2023-08-01,DELIVERED
8319,451,2022-05-02,DELIVERED
8320,1189,2022-06-12,DELIVERED
8321,641,2022-11-19,DELIVERED
8322,1267,2023-04-08,RETURNED
8323,1008,2023-07-24,DELIVERED
8324,1164,2024-04-25,DELIVERED
8325,556,2024-04-26,CANCELLED
8326,313,2024-11-14,DELIVERED
8327,1420,2023-02-03,DELIVERED
8328,1069,2024-02-13,DELIVERED
8329,690,2022-11-14,DELIVERED
8330,671,2024-04-07,DELIVERED
8331,340,2022-09-18,DELIVERED
8332,266,2023-04-05,RETURNED
8333,588,2022-03-21,DELIVERED
8334,1523,2024-08-16,DELIVERED
8335,1737,2022-07-29,DELIVERED
8336,162,2024-01-26,DELIVERED
8337,1509,2022-03-31,CANCELLED
8338,210,2024-11-23,RETURNED
8339,340,2024-11-04,RETURNED
8340,25,2023-11-21,DELIVERED
8341,825,2024-06-02,DELIVERED
8342,1111,2022-08-24,CANCELLED
8343,446,2022-09-18,DELIVERED
8344,1134,2023-08-25,CANCELLED
8345,996,2022-03-10,DELIVERED
8346,782,2023-02-01,DELIVERED
8347,669,2022-10-15,DELIVERED
8348,1253,2023-10-24,CANCELLED
8349,1660,2023-08-01,DELIVERED
8350,319,2022-01-31,DELIVERED
8351,1637,2023-06-16,DELIVERED
8352,306,2023-05-30,DELIVERED
8353,1713,2024-03-15,DELIVERED
8354,145,2023-05-16,RETURNED
8355,481,2024-08-04,DELIVERED
8356,752,2022-03-27,DELIVERED
8357,151,2022-08-14,RETURNED
8358,65,2022-11-09,DELIVERED
8359,780,2022-09-07,RETURNED
8360,1614,2022-09-06,DELIVERED
8361,510,2024-04-17,DELIVERED
8362,175,2022-02-20,DELIVERED
8363,1907,2022-07-09,RETURNED
8364,1163,2022-09-12,CANCELLED
8365,1669,2022-09-14,CANCELLED
8366,1735,2024-02-14,RETURNED
8367,1386,2022-10-20,RETURNED
8368,1488,2024-09-22,DELIVERED
8369,1131,2023-03-09,DELIVERED
8370,1985,2022-04-03,DELIVERED
8371,161,2023-07-30,DELIVERED
8372,1548,2022-05-23,DELIVERED
8373,228,2022-08-01,DELIVERED
8374,1944,2023-12-02,RETURNED
8375,1429,2023-04-20,DELIVERED
8376,1303,2022-08-26,DELIVERED
8377,1203,2022-01-05,DELIVERED
8378,923,2022-03-20,DELIVERED
8379,849,2022-01-03,DELIVERED
8380,563,2022-04-08,CANCELLED
8381,1849,2024-03-02,DELIVERED
8382,607,2024-10-27,DELIVERED
8383,436,2022-05-22,DELIVERED
8384,215,2023-06-22,CANCELLED
8385,725,2024-03-09,DELIVERED
8386,971,2022-09-14,RETURNED
8387,313,2024-07-26,DELIVERED
8388,968,2023-07-05,CANCELLED
8389,932,2023-07-03,DELIVERED
8390,440,2024-07-10,DELIVERED
8391,1267,2024-12-11,DELIVERED
8392,1238,2023-04-16,DELIVERED
8393,219,2023-04-14,DELIVERED
8394,1986,2023-08-15,DELIVERED
8395,1671,2024-04-08,RETURNED
8396,146,2022-01-09,CANCELLED
8397,35,2023-04-05,DELIVERED
8398,1555,2024-07-12,DELIVERED
8399,1926,2022-05-14,CANCELLED
8400,1140,2022-04-04,DELIVERED
8401,1896,2024-03-23,DELIVERED
8402,1404,2022-03-16,DELIVERED
8403,1094,2024-04-11,DELIVERED
8404,605,2024-04-13,CANCELLED
8405,340,2023-10-22,DELIVERED
8406,77,2024-03-06,RETURNED
8407,44,2022-05-06,DELIVERED
8408,596,2024-12-03,DELIVERED
8409,1228,2023-09-08,RETURNED
8410,776,2024-11-28,DELIVERED
8411,1042,2023-06-01,DELIVERED
8412,958,2022-01-25,RETURNED
8413,505,2024-04-10,CANCELLED
8414,52,2022-04-20,RETURNED
8415,934,2024-08-17,DELIVERED
8416,148,2024-06-29,DELIVERED
8417,1958,2023-03-31,DELIVERED
8418,642,2023-09-27,DELIVERED
8419,1657,2023-02-18,CANCELLED
8420,1914,2022-03-17,DELIVERED
8421,212,2022-08-15,RETURNED
8422,152,2024-06-24,DELIVERED
8423,1441,2024-05-16,CANCELLED
8424,75,2023-07-24,DELIVERED
8425,349,2022-07-10,DELIVERED
8426,602,2022-06-26,RETURNED
8427,1660,2024-01-01,DELIVERED
8428,1213,2024-05-16,DELIVERED
8429,466,2023-04-21,DELIVERED
8430,1356,2024-11-28,DELIVERED
8431,1157,2024-04-13,RETURNED
8432,1896,2023-12-03,DELIVERED
8433,332,2023-04-14,DELIVERED
8434,224,2024-09-10,CANCELLED
8435,55,2023-03-09,CANCELLED
8436,738,2023-05-15,RETURNED
8437,1795,2022-04-24,DELIVERED
8438,1423,2023-01-04,DELIVERED
8439,828,2023-12-14,DELIVERED
8440,791,2022-08-17,RETURNED
8441,1257,2024-09-05,DELIVERED
8442,935,2023-04-28,DELIVERED
8443,931,2023-03-20,RETURNED
8444,1780,2023-09-14,CANCELLED
8445,1423,2022-11-13,DELIVERED
8446,1015,2022-11-08,RETURNED
8447,402,2023-12-16,CANCELLED
8448,771,2023-11-06,RETURNED
8449,499,2022-11-11,RETURNED
8450,1350,2024-03-05,DELIVERED
8451,1360,2022-07-09,DELIVERED
8452,161,2023-05-10,DELIVERED
8453,412,2022-09-12,RETURNED
8454,987,2024-03-10,DELIVERED
8455,69,2024-05-31,DELIVERED
8456,746,2022-07-27,DELIVERED
8457,469,2023-10-17,DELIVERED
8458,257,2022-08-31,RETURNED
8459,249,2024-03-06,DELIVERED
8460,51,2024-03-16,DELIVERED
8461,1204,2023-01-20,RETURNED
8462,760,2023-06-23,DELIVERED
8463,821,2023-03-04,CANCELLED
8464,1096,2024-07-06,DELIVERED
8465,1923,2023-08-30,DELIVERED
8466,1287,2023-11-03,DELIVERED
8467,11,2023-04-18,DELIVERED
8468,487,2023-05-29,DELIVERED
8469,974,2022-07-22,CANCELLED
8470,810,2024-03-25,RETURNED
8471,1195,2022-11-06,DELIVERED
8472,259,2022-04-23,DELIVERED
8473,1273,2022-12-22,DELIVERED
8474,110,2022-01-15,DELIVERED
8475,165,2022-08-16,DELIVERED
8476,1536,2022-04-24,DELIVERED
8477,670,2024-05-18,DELIVERED
8478,145,2024-07-30,DELIVERED
8479,529,2023-06-01,RETURNED
8480,1530,2024-11-19,DELIVERED
8481,1941,2022-06-29,RETURNED
8482,3,2022-04-07,DELIVERED
8483,1139,2024-11-14,DELIVERED
8484,1565,2023-01-31,DELIVERED
8485,621,2024-02-08,CANCELLED
8486,1279,2022-04-15,CANCELLED
8487,1407,2024-04-09,DELIVERED
8488,403,2023-03-23,DELIVERED
8489,541,2023-06-22,DELIVERED
8490,1012,2024-08-12,RETURNED
8491,502,2024-04-25,RETURNED
8492,1923,2024-01-14,RETURNED
8493,1485,2024-05-08,DELIVERED
8494,284,2022-09-16,RETURNED
8495,1582,2024-12-22,DELIVERED
8496,1800,2022-10-14,DELIVERED
8497,437,2022-06-17,DELIVERED
8498,815,2023-08-12,DELIVERED
8499,788,2022-05-10,DELIVERED
8500,1285,2023-04-03,CANCELLED
8501,319,2023-01-24,DELIVERED
8502,1566,2022-08-27,DELIVERED
8503,894,2023-05-04,DELIVERED
8504,388,2023-10-11,RETURNED
8505,1249,2022-05-16,DELIVERED
8506,948,2024-06-08,DELIVERED
8507,1714,2023-05-15,DELIVERED
8508,1601,2022-05-19,CANCELLED
8509,1504,2023-04-13,DELIVERED
8510,704,2022-10-14,CANCELLED
8511,1093,2022-11-02,RETURNED
8512,1301,2024-04-03,CANCELLED
8513,1867,2022-07-28,DELIVERED
8514,1819,2023-05-08,DELIVERED
8515,533,2023-10-20,CANCELLED
8516,339,2023-01-17,DELIVERED
8517,1858,2024-04-28,CANCELLED
8518,529,2023-09-10,DELIVERED
8519,571,2023-05-24,CANCELLED
8520,1530,2024-05-29,CANCELLED
8521,1495,2024-06-09,DELIVERED
8522,1787,2022-08-26,DELIVERED
8523,1604,2023-04-01,DELIVERED
8524,873,2023-06-12,DELIVERED
8525,1450,2024-11-30,DELIVERED
8526,1151,2024-10-20,DELIVERED
8527,1723,2023-11-15,DELIVERED
8528,713,2022-04-25,CANCELLED
8529,1864,2024-03-06,DELIVERED
8530,342,2024-09-13,DELIVERED
8531,1903,2022-04-17,DELIVERED
8532,730,2022-07-20,DELIVERED
8533,33,2023-06-30,RETURNED
8534,1954,2023-04-28,DELIVERED
8535,239,2024-04-24,DELIVERED
8536,1484,2024-03-23,DELIVERED
8537,47,2023-03-20,DELIVERED
8538,664,2024-11-07,DELIVERED
8539,1097,2022-01-14,DELIVERED
8540,655,2023-12-07,DELIVERED
8541,1208,2024-09-29,DELIVERED
8542,466,2024-07-21,RETURNED
8543,1632,2023-02-05,DELIVERED
8544,736,2024-09-28,RETURNED
8545,647,2023-12-11,DELIVERED
8546,1970,2022-10-27,DELIVERED
8547,925,2023-07-06,DELIVERED
8548,151,2022-05-12,DELIVERED
8549,444,2024-03-12,RETURNED
8550,934,2022-01-25,DELIVERED
8551,1081,2024-05-21,DELIVERED
8552,728,2024-03-15,RETURNED
8553,949,2024-06-01,DELIVERED
8554,329,2024-01-18,RETURNED
8555,598,2022-11-25,DELIVERED
8556,63,2022-01-30,DELIVERED
8557,741,2024-03-25,RETURNED
8558,66,2024-11-06,DELIVERED
8559,1184,2022-12-07,DELIVERED
8560,1306,2022-10-13,DELIVERED
8561,458,2022-12-17,CANCELLED
8562,81,2024-08-24,DELIVERED
8563,1069,2024-12-10,DELIVERED
8564,352,2024-06-22,DELIVERED
8565,875,2023-12-25,CANCELLED
8566,596,2023-12-16,DELIVERED
8567,6,2024-08-24,DELIVERED
8568,132,2024-07-08,CANCELLED
8569,1128,2023-08-28,DELIVERED
8570,963,2023-06-03,CANCELLED
8571,143,2024-06-13,DELIVERED
8572,329,2024-09-30,DELIVERED
8573,881,2023-03-05,DELIVERED
8574,669,2022-05-16,DELIVERED
8575,1498,2023-11-02,DELIVERED
8576,188,2022-02-09,DELIVERED
8577,745,2022-06-15,DELIVERED
8578,236,2023-09-14,DELIVERED
8579,1575,2023-06-09,CANCELLED
8580,264,2024-05-29,RETURNED
8581,426,2022-04-08,DELIVERED
8582,857,2022-01-22,RETURNED
8583,276,2022-09-22,DELIVERED
8584,79,2022-11-11,CANCELLED
8585,1084,2023-04-18,DELIVERED
8586,1853,2023-01-25,DELIVERED
8587,1399,2022-10-19,RETURNED
8588,1311,2023-07-17,DELIVERED
8589,936,2023-11-09,CANCELLED
8590,1177,2022-08-23,RETURNED
8591,1572,2022-10-17,CANCELLED
8592,1148,2022-03-03,RETURNED
8593,230,2024-05-01,CANCELLED
8594,453,2022-09-11,DELIVERED
8595,1843,2024-05-23,DELIVERED
8596,1713,2024-08-23,CANCELLED
8597,626,2022-01-19,DELIVERED
8598,1758,2022-01-03,DELIVERED
8599,571,2023-06-02,DELIVERED
8600,39,2024-03-08,DELIVERED
8601,801,2023-06-25,DELIVERED
8602,9,2022-03-04,DELIVERED
8603,589,2023-08-18,CANCELLED
8604,679,2022-02-26,DELIVERED
8605,1493,2022-07-14,DELIVERED
8606,614,2022-10-20,DELIVERED
8607,846,2022-12-15,DELIVERED
8608,1201,2022-09-23,DELIVERED
8609,244,2024-01-05,DELIVERED
8610,1676,2022-02-07,DELIVERED
8611,1975,2024-04-15,DELIVERED
8612,1445,2024-05-01,DELIVERED
8613,1473,2023-02-04,DELIVERED
8614,1714,2022-11-29,CANCELLED
8615,763,2022-11-24,DELIVERED
8616,1427,2022-11-30,DELIVERED
8617,1625,2022-04-09,DELIVERED
8618,1716,2023-01-31,RETURNED
8619,1327,2024-06-30,DELIVERED
8620,482,2023-12-18,RETURNED
8621,1516,2022-04-28,RETURNED
8622,1743,2023-09-19,DELIVERED
8623,829,2022-12-24,RETURNED
8624,1529,2023-02-11,DELIVERED
8625,96,2022-08-07,DELIVERED
8626,1874,2023-11-07,CANCELLED
8627,1674,2023-10-27,DELIVERED
8628,1405,2024-06-10,CANCELLED
8629,949,2024-07-01,CANCELLED
8630,1131,2022-12-29,DELIVERED
8631,453,2022-06-18,RETURNED
8632,566,2024-12-24,DELIVERED
8633,1986,2023-05-03,DELIVERED
8634,1861,2024-01-05,CANCELLED
8635,1093,2024-11-05,DELIVERED
8636,1555,2024-08-22,DELIVERED
8637,1114,2024-06-03,DELIVERED
8638,1821,2023-09-26,CANCELLED
8639,269,2022-12-31,DELIVERED
8640,1829,2023-03-27,DELIVERED
8641,1439,2023-11-04,RETURNED
8642,1574,2023-08-28,DELIVERED
8643,747,2023-01-06,DELIVERED
8644,1509,2023-12-24,DELIVERED
8645,908,2023-10-20,DELIVERED
8646,1228,2022-06-30,DELIVERED
8647,386,2024-07-08,RETURNED
8648,1634,2023-04-03,DELIVERED
8649,626,2023-11-10,DELIVERED
8650,1990,2022-10-20,DELIVERED
8651,513,2023-10-28,CANCELLED
8652,1399,2022-08-02,DELIVERED
8653,797,2022-01-02,DELIVERED
8654,1828,2024-01-01,RETURNED
8655,1169,2024-08-09,RETURNED
8656,80,2022-08-12,RETURNED
8657,1351,2022-12-10,DELIVERED
8658,1591,2023-02-25,DELIVERED
8659,1453,2024-12-04,DELIVERED
8660,770,2022-05-05,DELIVERED
8661,1053,2023-02-05,DELIVERED
8662,887,2022-05-25,DELIVERED
8663,1040,2024-11-23,DELIVERED
8664,1478,2023-04-11,DELIVERED
8665,1886,2024-10-12,DELIVERED
8666,1849,2022-08-05,CANCELLED
8667,1532,2023-05-20,CANCELLED
8668,1172,2024-09-08,DELIVERED
8669,1762,2022-09-17,DELIVERED
8670,1298,2023-11-04,DELIVERED
8671,1915,2022-04-10,RETURNED
8672,1754,2023-03-28,DELIVERED
8673,1387,2024-09-21,CANCELLED
8674,1807,2024-11-29,DELIVERED
8675,1808,2022-10-26,DELIVERED
8676,1503,2024-11-14,DELIVERED
8677,1336,2022-08-03,DELIVERED
8678,1571,2023-06-13,CANCELLED
8679,1985,2024-08-15,DELIVERED
8680,498,2022-04-15,CANCELLED
8681,1837,2022-01-18,DELIVERED
8682,964,2023-05-01,DELIVERED
8683,583,2023-09-01,CANCELLED
8684,641,2024-08-05,DELIVERED
8685,1316,2023-06-02,RETURNED
8686,635,2023-07-22,DELIVERED
8687,1973,2022-03-30,DELIVERED
8688,1191,2022-12-15,CANCELLED
8689,278,2024-02-29,DELIVERED
8690,1897,2023-12-05,DELIVERED
8691,476,2023-09-02,CANCELLED
8692,1701,2023-12-28,RETURNED
8693,224,2024-03-11,DELIVERED
8694,1640,2023-06-15,DELIVERED
8695,1188,2024-11-21,DELIVERED
8696,1252,2024-11-22,DELIVERED
8697,1284,2022-04-21,DELIVERED
8698,1242,2024-05-28,DELIVERED
8699,1752,2023-10-06,DELIVERED
8700,1549,2023-04-02,RETURNED
8701,1018,2023-11-07,DELIVERED
8702,1634,2022-05-28,DELIVERED
8703,1078,2023-09-26,RETURNED
8704,447,2023-09-20,DELIVERED
8705,1002,2023-03-08,DELIVERED
8706,907,2022-07-20,CANCELLED
8707,1721,2024-08-12,DELIVERED
8708,795,2022-07-12,RETURNED
8709,1406,2023-01-31,DELIVERED
8710,53,2022-01-06,DELIVERED
8711,1095,2023-03-23,DELIVERED
8712,321,2022-11-01,DELIVERED
8713,1466,2024-10-23,DELIVERED
8714,28,2023-04-29,RETURNED
8715,838,2023-11-28,DELIVERED
8716,1136,2023-11-14,DELIVERED
8717,89,2023-01-19,DELIVERED
8718,1567,2022-10-11,RETURNED
8719,1400,2024-03-15,DELIVERED
8720,325,2024-07-28,DELIVERED
8721,1423,2023-11-09,CANCELLED
8722,584,2024-07-11,DELIVERED
8723,1217,2022-04-20,DELIVERED
8724,1984,2022-09-20,DELIVERED
8725,988,2024-09-24,DELIVERED
8726,869,2023-11-07,RETURNED
8727,1199,2023-05-13,CANCELLED
8728,643,2024-01-24,DELIVERED
8729,925,2022-03-27,RETURNED
8730,305,2022-03-17,DELIVERED
8731,233,2024-08-21,DELIVERED
8732,399,2024-05-06,RETURNED
8733,544,2024-01-09,DELIVERED
8734,1638,2024-08-20,CANCELLED
8735,228,2022-11-24,DELIVERED
8736,1155,2023-05-26,RETURNED
8737,1223,2022-07-10,RETURNED
8738,303,2024-09-05,DELIVERED
8739,1548,2022-01-30,CANCELLED
8740,666,2022-03-02,DELIVERED
8741,830,2022-07-31,RETURNED
8742,346,2022-11-03,RETURNED
8743,1109,2023-05-01,DELIVERED
8744,1295,2022-02-24,DELIVERED
8745,607,2023-08-04,DELIVERED
8746,1424,2023-12-24,DELIVERED
8747,9,2023-06-10,DELIVERED
8748,664,2023-11-28,DELIVERED
8749,105,2022-09-16,RETURNED
8750,435,2023-11-13,DELIVERED
8751,1024,2024-10-17,DELIVERED
8752,1104,2023-10-01,RETURNED
8753,444,2023-04-21,DELIVERED
8754,1000,2024-04-19,RETURNED
8755,393,2022-05-07,DELIVERED
8756,1687,2024-04-21,DELIVERED
8757,1065,2022-12-31,DELIVERED
8758,1690,2023-05-16,DELIVERED
8759,773,2022-10-19,RETURNED
8760,869,2022-02-05,DELIVERED
8761,1405,2023-01-12,DELIVERED
8762,1156,2024-06-28,DELIVERED
8763,691,2022-02-17,DELIVERED
8764,938,2022-03-18,DELIVERED
8765,1923,2024-08-04,DELIVERED
8766,1478,2022-05-18,RETURNED
8767,1389,2022-08-09,DELIVERED
8768,115,2023-03-01,DELIVERED
8769,428,2023-06-02,DELIVERED
8770,68,2024-07-25,DELIVERED
8771,975,2022-12-02,RETURNED
8772,784,2023-01-09,CANCELLED
8773,1129,2023-02-01,DELIVERED
8774,1547,2023-04-19,DELIVERED
8775,1301,2022-05-29,CANCELLED
8776,323,2024-02-13,CANCELLED
8777,1249,2022-10-28,DELIVERED
8778,1742,2023-11-22,DELIVERED
8779,984,2022-06-24,DELIVERED
8780,1884,2024-05-05,DELIVERED
8781,114,2022-09-15,RETURNED
8782,1047,2023-04-23,DELIVERED
8783,911,2023-07-27,DELIVERED
8784,1597,2022-04-21,DELIVERED
8785,1271,2023-10-26,DELIVERED
8786,1109,2024-06-30,CANCELLED
8787,1825,2022-10-25,DELIVERED
8788,397,2022-11-05,DELIVERED
8789,1353,2024-11-27,CANCELLED
8790,1531,2022-02-22,RETURNED
8791,343,2024-05-13,RETURNED
8792,1134,2022-04-19,RETURNED
8793,530,2024-05-01,CANCELLED
8794,749,2024-10-27,DELIVERED
8795,282,2023-07-09,DELIVERED
8796,27,2024-05-03,CANCELLED
8797,1684,2022-02-09,DELIVERED
8798,1815,2023-06-28,DELIVERED
8799,1423,2023-06-11,RETURNED
8800,702,2022-12-29,DELIVERED
8801,446,2024-07-16,DELIVERED
8802,1424,2023-05-29,DELIVERED
8803,1122,2023-06-19,DELIVERED
8804,8,2023-07-13,DELIVERED
8805,981,2024-08-16,DELIVERED
8806,1777,2022-04-19,RETURNED
8807,177,2022-10-19,RETURNED
8808,1053,2024-10-21,DELIVERED
8809,1953,2022-11-10,DELIVERED
8810,318,2024-03-27,DELIVERED
8811,1630,2022-10-07,DELIVERED
8812,301,2024-04-01,DELIVERED
8813,146,2024-02-13,DELIVERED
8814,897,2022-02-24,DELIVERED
8815,402,2024-10-06,DELIVERED
8816,1057,2024-05-18,DELIVERED
8817,793,2024-03-25,DELIVERED
8818,22,2023-02-17,DELIVERED
8819,1719,2024-04-02,DELIVERED
8820,967,2024-01-24,DELIVERED
8821,296,2024-08-12,DELIVERED
8822,391,2022-09-10,RETURNED
8823,1559,2023-06-22,DELIVERED
8824,1403,2024-01-10,DELIVERED
8825,765,2023-07-08,DELIVERED
8826,817,2022-02-06,DELIVERED
8827,1237,2022-06-25,RETURNED
8828,1140,2023-06-20,DELIVERED
8829,1070,2024-06-20,DELIVERED
8830,1439,2022-08-31,DELIVERED
8831,1418,2024-11-19,CANCELLED
8832,1404,2024-03-30,DELIVERED
8833,1840,2022-07-30,DELIVERED
8834,81,2024-09-09,DELIVERED
8835,212,2022-04-23,DELIVERED
8836,585,2022-04-30,DELIVERED
8837,461,2024-05-19,RETURNED
8838,1186,2024-02-03,CANCELLED
8839,1223,2024-02-16,DELIVERED
8840,311,2023-08-25,DELIVERED
8841,1372,2022-04-20,DELIVERED
8842,138,2022-07-07,DELIVERED
8843,1698,2022-01-02,DELIVERED
8844,961,2022-04-15,CANCELLED
8845,1017,2024-01-12,DELIVERED
8846,362,2022-01-25,DELIVERED
8847,305,2023-12-14,DELIVERED
8848,1158,2024-08-27,DELIVERED
8849,1562,2023-04-16,CANCELLED
8850,1266,2022-12-26,DELIVERED
8851,25,2022-12-19,DELIVERED
8852,1814,2024-08-21,DELIVERED
8853,1279,2024-08-27,DELIVERED
8854,944,2023-11-15,DELIVERED
8855,1778,2024-05-14,DELIVERED
8856,1776,2024-07-13,CANCELLED
8857,522,2022-12-09,DELIVERED
8858,786,2023-06-13,DELIVERED
8859,340,2022-04-26,DELIVERED
8860,829,2023-08-06,DELIVERED
8861,1595,2023-03-09,DELIVERED
8862,81,2024-01-21,DELIVERED
8863,1840,2023-01-20,DELIVERED
8864,1920,2023-04-16,RETURNED
8865,1617,2024-05-17,CANCELLED
8866,810,2024-07-05,DELIVERED
8867,236,2024-02-11,CANCELLED
8868,10,2024-12-21,DELIVERED
8869,1017,2022-07-01,CANCELLED
8870,938,2023-09-09,DELIVERED
8871,96,2024-01-14,DELIVERED
8872,1261,2024-03-11,DELIVERED
8873,162,2023-07-18,DELIVERED
8874,1254,2022-03-13,DELIVERED
8875,434,2023-11-23,DELIVERED
8876,351,2023-08-04,CANCELLED
8877,1381,2023-12-30,DELIVERED
8878,544,2023-11-09,DELIVERED
8879,1265,2024-06-13,DELIVERED
8880,530,2024-02-05,CANCELLED
8881,650,2022-10-25,RETURNED
8882,1509,2022-08-12,DELIVERED
8883,239,2022-07-05,DELIVERED
8884,117,2024-11-27,DELIVERED
8885,1420,2022-05-26,RETURNED
8886,513,2024-04-20,DELIVERED
8887,1838,2024-11-13,DELIVERED
8888,1369,2023-10-21,DELIVERED
8889,1677,2022-12-06,DELIVERED
8890,732,2024-04-23,DELIVERED
8891,1364,2023-03-06,DELIVERED
8892,1350,2024-07-18,CANCELLED
8893,407,2023-07-18,DELIVERED
8894,1744,2024-12-25,DELIVERED
8895,1556,2022-03-23,RETURNED
8896,303,2024-05-07,DELIVERED
8897,709,2024-10-11,DELIVERED
8898,275,2022-01-18,DELIVERED
8899,680,2023-08-31,DELIVERED
8900,336,2024-11-24,RETURNED
8901,1899,2024-09-18,RETURNED
8902,1123,2022-07-28,CANCELLED
8903,289,2022-05-12,RETURNED
8904,1648,2023-08-01,DELIVERED
8905,1399,2023-06-08,DELIVERED
8906,1106,2023-07-28,DELIVERED
8907,792,2022-01-11,DELIVERED
8908,1196,2023-05-23,RETURNED
8909,1963,2022-08-01,DELIVERED
8910,1122,2023-06-01,DELIVERED
8911,1627,2023-01-05,DELIVERED
8912,881,2022-06-10,DELIVERED
8913,1023,2023-11-20,DELIVERED
8914,1657,2023-07-10,DELIVERED
8915,296,2023-01-06,DELIVERED
8916,1771,2024-05-26,DELIVERED
8917,1032,2024-11-27,DELIVERED
8918,932,2024-12-10,DELIVERED
8919,964,2023-11-09,DELIVERED
8920,675,2024-11-16,DELIVERED
8921,926,2023-08-27,RETURNED
8922,483,2023-07-23,DELIVERED
8923,1881,2022-10-06,CANCELLED
8924,1191,2023-03-13,DELIVERED
8925,1824,2022-01-07,DELIVERED
8926,1972,2024-06-09,DELIVERED
8927,930,2023-11-13,DELIVERED
8928,132,2023-03-04,DELIVERED
8929,1835,2023-05-26,DELIVERED
8930,56,2022-08-16,DELIVERED
8931,571,2024-12-17,DELIVERED
8932,604,2024-09-07,DELIVERED
8933,865,2023-12-17,DELIVERED
8934,1887,2022-05-24,RETURNED
8935,839,2024-04-03,DELIVERED
8936,271,2023-05-07,RETURNED
8937,128,2024-08-11,DELIVERED
8938,858,2023-11-18,DELIVERED
8939,1062,2022-03-03,RETURNED
8940,1983,2023-04-21,DELIVERED
8941,72,2022-09-26,CANCELLED
8942,921,2023-09-06,DELIVERED
8943,109,2023-03-13,CANCELLED
8944,1967,2022-12-27,CANCELLED
8945,1872,2024-10-04,DELIVERED
8946,848,2022-11-28,DELIVERED
8947,936,2023-12-23,DELIVERED
8948,1765,2022-05-09,CANCELLED
8949,216,2022-09-24,DELIVERED
8950,430,2022-01-30,DELIVERED
8951,1736,2023-01-16,DELIVERED
8952,1000,2022-04-08,RETURNED
8953,853,2022-06-08,DELIVERED
8954,1807,2023-09-04,DELIVERED
8955,1765,2024-11-11,DELIVERED
8956,822,2024-02-11,DELIVERED
8957,887,2023-10-30,CANCELLED
8958,608,2022-06-13,DELIVERED
8959,59,2022-12-05,DELIVERED
8960,1129,2024-12-05,DELIVERED
8961,286,2022-06-05,RETURNED
8962,1874,2024-12-07,CANCELLED
8963,781,2024-06-05,DELIVERED
8964,1867,2023-10-10,CANCELLED
8965,1257,2023-07-13,DELIVERED
8966,1889,2024-12-13,CANCELLED
8967,360,2024-10-24,RETURNED
8968,1419,2024-12-26,RETURNED
8969,920,2022-03-15,DELIVERED
8970,92,2023-05-12,DELIVERED
8971,452,2022-12-10,CANCELLED
8972,1107,2024-07-31,DELIVERED
8973,1503,2022-12-10,DELIVERED
8974,327,2022-02-04,DELIVERED
8975,886,2024-02-21,DELIVERED
8976,601,2022-09-17,CANCELLED
8977,1904,2024-09-11,DELIVERED
8978,279,2024-05-25,RETURNED
8979,1439,2023-11-24,DELIVERED
8980,295,2024-12-19,DELIVERED
8981,776,2022-03-01,CANCELLED
8982,307,2022-01-13,DELIVERED
8983,1870,2024-09-16,DELIVERED
8984,464,2023-07-05,DELIVERED
8985,164,2022-01-15,DELIVERED
8986,1364,2023-04-12,CANCELLED
8987,545,2023-12-12,CANCELLED
8988,1545,2024-01-25,DELIVERED
8989,701,2024-05-20,DELIVERED
8990,1954,2022-09-22,RETURNED
8991,1744,2024-07-16,DELIVERED
8992,1462,2022-03-16,DELIVERED
8993,678,2023-03-13,DELIVERED
8994,731,2024-08-20,DELIVERED
8995,1929,2022-09-15,CANCELLED
8996,452,2022-09-17,DELIVERED
8997,706,2024-07-06,RETURNED
8998,47,2023-10-02,CANCELLED
8999,1616,2023-06-06,DELIVERED
9000,1489,2022-11-09,DELIVERED
9001,692,2023-08-18,RETURNED
9002,1068,2023-04-02,RETURNED
9003,1630,2024-07-10,RETURNED
9004,939,2022-03-21,DELIVERED
9005,213,2024-05-01,DELIVERED
9006,1143,2022-05-22,DELIVERED
9007,1196,2024-05-12,DELIVERED
9008,1770,2023-08-08,DELIVERED
9009,1321,2024-07-31,DELIVERED
9010,801,2023-12-05,DELIVERED
9011,21,2023-09-01,RETURNED
9012,571,2024-11-20,DELIVERED
9013,1839,2023-06-26,CANCELLED
9014,884,2024-10-19,CANCELLED
9015,425,2023-01-19,CANCELLED
9016,1278,2022-05-25,RETURNED
9017,334,2023-08-04,DELIVERED
9018,677,2023-12-23,DELIVERED
9019,1881,2024-06-15,DELIVERED
9020,1351,2024-05-16,RETURNED
9021,490,2023-06-21,RETURNED
9022,1194,2023-07-26,RETURNED
9023,864,2023-07-17,DELIVERED
9024,845,2022-02-19,DELIVERED
9025,1218,2023-10-24,DELIVERED
9026,175,2022-09-21,RETURNED
9027,97,2023-04-07,RETURNED
9028,502,2024-11-13,DELIVERED
9029,241,2023-05-10,CANCELLED
9030,1034,2024-10-18,DELIVERED
9031,1555,2024-02-09,DELIVERED
9032,459,2023-05-23,DELIVERED
9033,1126,2022-04-20,DELIVERED
9034,1818,2022-06-05,DELIVERED
9035,1380,2022-02-04,RETURNED
9036,750,2023-03-24,DELIVERED
9037,574,2023-02-09,DELIVERED
9038,939,2022-02-13,DELIVERED
9039,1344,2024-07-10,DELIVERED
9040,1048,2024-08-01,DELIVERED
9041,653,2024-02-20,DELIVERED
9042,884,2024-01-24,DELIVERED
9043,1878,2023-08-29,DELIVERED
9044,1014,2023-11-29,DELIVERED
9045,1253,2024-01-30,RETURNED
9046,53,2023-12-03,DELIVERED
9047,1329,2023-05-07,DELIVERED
9048,793,2022-10-02,DELIVERED
9049,1294,2022-06-19,DELIVERED
9050,616,2024-11-18,DELIVERED
9051,1823,2023-08-10,RETURNED
9052,1146,2023-04-05,DELIVERED
9053,1930,2022-11-25,DELIVERED
9054,269,2024-01-22,DELIVERED
9055,1911,2022-05-07,RETURNED
9056,1832,2024-12-20,DELIVERED
9057,1026,2022-12-02,CANCELLED
9058,153,2024-03-18,DELIVERED
9059,198,2022-05-18,DELIVERED
9060,1454,2023-01-14,DELIVERED
9061,1705,2024-02-06,DELIVERED
9062,1456,2023-08-29,DELIVERED
9063,123,2023-02-23,DELIVERED
9064,1653,2022-10-05,DELIVERED
9065,790,2023-06-21,DELIVERED
9066,53,2024-11-16,CANCELLED
9067,1121,2022-10-17,DELIVERED
9068,117,2023-01-22,CANCELLED
9069,743,2023-05-11,DELIVERED
9070,1920,2022-07-07,CANCELLED
9071,1512,2023-08-06,RETURNED
9072,586,2022-01-20,CANCELLED
9073,355,2023-02-15,RETURNED
9074,894,2023-04-24,DELIVERED
9075,1712,2022-02-15,DELIVERED
9076,185,2022-12-27,CANCELLED
9077,182,2022-03-21,DELIVERED
9078,1701,2022-12-04,DELIVERED
9079,1171,2023-10-12,DELIVERED
9080,126,2022-02-25,DELIVERED
9081,1674,2024-09-06,DELIVERED
9082,518,2022-07-01,DELIVERED
9083,1866,2023-04-30,RETURNED
9084,666,2023-09-12,DELIVERED
9085,177,2022-06-28,RETURNED
9086,1601,2022-08-22,DELIVERED
9087,620,2023-04-23,DELIVERED
9088,1029,2024-01-22,DELIVERED
9089,414,2023-03-15,DELIVERED
9090,1405,2024-06-04,DELIVERED
9091,1828,2024-08-03,DELIVERED
9092,852,2022-06-28,DELIVERED
9093,490,2023-08-18,CANCELLED
9094,238,2022-08-27,DELIVERED
9095,1584,2022-12-05,DELIVERED
9096,1809,2023-02-22,DELIVERED
9097,459,2022-03-22,DELIVERED
9098,1213,2023-09-18,DELIVERED
9099,334,2024-12-12,RETURNED
9100,104,2024-12-17,CANCELLED
9101,1185,2024-02-17,DELIVERED
9102,619,2024-01-09,DELIVERED
9103,240,2022-08-09,DELIVERED
9104,1780,2022-03-15,DELIVERED
9105,144,2023-03-21,DELIVERED
9106,804,2023-02-28,DELIVERED
9107,1965,2022-11-07,DELIVERED
9108,883,2024-03-27,DELIVERED
9109,616,2022-05-22,RETURNED
9110,175,2022-01-24,RETURNED
9111,446,2022-07-08,DELIVERED
9112,1819,2024-11-02,CANCELLED
9113,982,2023-08-19,DELIVERED
9114,1666,2022-03-03,DELIVERED
9115,1480,2023-02-26,CANCELLED
9116,47,2023-05-25,DELIVERED
9117,1637,2023-06-24,DELIVERED
9118,881,2022-02-26,RETURNED
9119,157,2023-06-09,RETURNED
9120,973,2024-03-11,DELIVERED
9121,1693,2024-10-12,DELIVERED
9122,1539,2022-11-11,DELIVERED
9123,1761,2024-07-29,DELIVERED
9124,155,2024-02-12,CANCELLED
9125,428,2022-08-29,DELIVERED
9126,1711,2023-02-06,DELIVERED
9127,1966,2024-10-28,CANCELLED
9128,191,2022-04-23,DELIVERED
9129,1821,2024-06-19,RETURNED
9130,1989,2022-03-05,RETURNED
9131,1556,2024-02-16,RETURNED
9132,422,2022-05-04,DELIVERED
9133,1782,2024-08-03,DELIVERED
9134,708,2023-07-30,DELIVERED
9135,1224,2024-03-23,DELIVERED
9136,1239,2023-05-18,RETURNED
9137,281,2023-05-23,DELIVERED
9138,945,2022-05-02,DELIVERED
9139,222,2023-10-14,DELIVERED
9140,19,2022-02-24,DELIVERED
9141,1775,2022-05-15,DELIVERED
9142,100,2024-05-11,DELIVERED
9143,374,2023-03-19,DELIVERED
9144,1730,2022-03-04,CANCELLED
9145,832,2023-11-23,RETURNED
9146,1594,2024-10-02,DELIVERED
9147,1806,2024-12-13,DELIVERED
9148,1277,2022-12-17,DELIVERED
9149,687,2022-01-11,CANCELLED
9150,1010,2023-01-17,DELIVERED
9151,1743,2023-10-28,RETURNED
9152,1718,2022-10-17,DELIVERED
9153,1128,2023-11-23,CANCELLED
9154,730,2023-10-10,RETURNED
9155,231,2023-03-10,DELIVERED
9156,235,2024-05-11,CANCELLED
9157,1974,2023-03-16,RETURNED
9158,1064,2022-12-05,CANCELLED
9159,482,2024-05-27,DELIVERED
9160,1149,2023-02-27,DELIVERED
9161,1002,2023-02-05,DELIVERED
9162,1153,2023-01-30,DELIVERED
9163,493,2024-12-25,DELIVERED
9164,529,2023-04-28,DELIVERED
9165,900,2024-01-16,DELIVERED
9166,847,2024-05-12,RETURNED
9167,561,2024-11-25,DELIVERED
9168,983,2023-06-29,DELIVERED
9169,473,2024-10-02,CANCELLED
9170,267,2022-03-21,DELIVERED
9171,217,2024-07-25,DELIVERED
9172,1824,2022-12-12,DELIVERED
9173,985,2024-03-29,DELIVERED
9174,533,2024-01-04,DELIVERED
9175,10,2024-11-16,DELIVERED
9176,1535,2023-07-06,DELIVERED
9177,163,2024-01-28,DELIVERED
9178,1115,2022-08-19,CANCELLED
9179,1457,2023-03-15,CANCELLED
9180,1827,2022-05-21,DELIVERED
9181,1104,2024-02-20,DELIVERED
9182,629,2024-03-02,RETURNED
9183,1761,2023-02-11,RETURNED
9184,156,2022-07-02,DELIVERED
9185,341,2024-03-29,CANCELLED
9186,46,2023-11-13,DELIVERED
9187,1453,2023-07-07,DELIVERED
9188,719,2023-06-13,DELIVERED
9189,816,2024-10-22,RETURNED
9190,778,2024-11-03,CANCELLED
9191,1895,2023-04-20,DELIVERED
9192,184,2023-07-01,CANCELLED
9193,407,2023-08-18,RETURNED
9194,1386,2023-07-13,DELIVERED
9195,645,2023-07-30,RETURNED
9196,1736,2023-12-27,DELIVERED
9197,1614,2024-05-18,DELIVERED
9198,473,2022-01-15,RETURNED
9199,190,2024-04-27,DELIVERED
9200,282,2022-11-08,DELIVERED
9201,307,2023-03-28,RETURNED
9202,771,2024-08-23,RETURNED
9203,1407,2022-09-15,DELIVERED
9204,1335,2024-06-30,CANCELLED
9205,1645,2023-03-02,DELIVERED
9206,1087,2023-04-20,DELIVERED
9207,1348,2022-04-24,RETURNED
9208,666,2024-07-12,DELIVERED
9209,1618,2023-02-01,DELIVERED
9210,1600,2022-06-24,DELIVERED
9211,1882,2024-01-09,DELIVERED
9212,233,2022-05-23,DELIVERED
9213,1646,2023-06-16,RETURNED
9214,1544,2022-02-09,DELIVERED
9215,1672,2024-12-16,DELIVERED
9216,1151,2023-07-12,DELIVERED
9217,1527,2024-08-28,CANCELLED
9218,70,2022-02-01,DELIVERED
9219,354,2024-09-24,RETURNED
9220,678,2023-11-18,RETURNED
9221,255,2023-09-17,CANCELLED
9222,1217,2023-12-29,DELIVERED
9223,1256,2024-03-03,DELIVERED
9224,675,2023-08-25,DELIVERED
9225,174,2024-09-01,CANCELLED
9226,1430,2023-12-26,CANCELLED
9227,268,2024-08-30,DELIVERED
9228,1026,2022-01-16,RETURNED
9229,230,2024-04-29,RETURNED
9230,1521,2022-05-17,DELIVERED
9231,916,2023-02-24,DELIVERED
9232,945,2023-08-06,DELIVERED
9233,654,2023-01-13,DELIVERED
9234,1381,2022-08-29,CANCELLED
9235,1458,2023-03-12,DELIVERED
9236,1687,2022-11-29,DELIVERED
9237,1863,2024-11-19,DELIVERED
9238,1472,2022-07-06,DELIVERED
9239,1400,2022-04-05,DELIVERED
9240,912,2022-01-27,DELIVERED
9241,1979,2022-07-31,DELIVERED
9242,1459,2023-08-05,DELIVERED
9243,692,2024-07-07,DELIVERED
9244,154,2023-05-06,DELIVERED
9245,555,2023-09-10,DELIVERED
9246,185,2023-08-14,DELIVERED
9247,1446,2023-05-18,DELIVERED
9248,719,2022-11-03,CANCELLED
9249,1817,2023-02-18,DELIVERED
9250,990,2022-12-13,DELIVERED
9251,1659,2024-08-24,CANCELLED
9252,1761,2024-04-10,DELIVERED
9253,1176,2022-09-13,DELIVERED
9254,99,2022-10-11,DELIVERED
9255,668,2024-02-14,DELIVERED
9256,935,2024-08-25,DELIVERED
9257,170,2023-12-01,DELIVERED
9258,267,2022-05-13,CANCELLED
9259,1773,2024-08-17,RETURNED
9260,1383,2024-12-04,CANCELLED
9261,569,2022-05-30,RETURNED
9262,1917,2022-01-05,DELIVERED
9263,1182,2022-09-05,DELIVERED
9264,854,2022-09-02,DELIVERED
9265,1911,2024-04-01,DELIVERED
9266,782,2022-06-17,RETURNED
9267,1194,2024-10-30,DELIVERED
9268,1553,2024-07-25,DELIVERED
9269,622,2022-12-20,CANCELLED
9270,619,2024-09-29,DELIVERED
9271,1499,2024-11-23,RETURNED
9272,1758,2023-11-21,RETURNED
9273,379,2023-05-09,DELIVERED
9274,1478,2024-09-15,RETURNED
9275,1146,2024-10-11,DELIVERED
9276,116,2024-08-18,DELIVERED
9277,1818,2022-09-05,DELIVERED
9278,698,2023-05-12,DELIVERED
9279,1908,2022-07-14,DELIVERED
9280,1538,2022-03-05,DELIVERED
9281,335,2022-12-06,DELIVERED
9282,1171,2022-05-04,DELIVERED
9283,1364,2024-04-11,DELIVERED
9284,40,2022-10-31,DELIVERED
9285,739,2023-02-21,DELIVERED
9286,441,2024-01-10,DELIVERED
9287,840,2023-09-22,DELIVERED
9288,1691,2024-12-20,DELIVERED
9289,223,2022-01-03,CANCELLED
9290,387,2024-08-25,DELIVERED
9291,1551,2022-02-13,DELIVERED
9292,1661,2023-05-19,DELIVERED
9293,1591,2022-05-05,DELIVERED
9294,1049,2024-05-03,RETURNED
9295,1444,2024-06-09,CANCELLED
9296,1924,2023-04-06,DELIVERED
9297,1022,2022-03-13,DELIVERED
9298,1822,2024-11-20,DELIVERED
9299,1034,2023-07-10,DELIVERED
9300,1378,2024-06-10,DELIVERED
9301,624,2024-06-20,RETURNED
9302,1913,2022-12-27,DELIVERED
9303,712,2022-05-02,RETURNED
9304,1636,2023-08-10,DELIVERED
9305,551,2023-11-28,DELIVERED
9306,905,2022-09-30,DELIVERED
9307,810,2024-01-09,DELIVERED
9308,184,2024-11-10,DELIVERED
9309,211,2024-07-03,RETURNED
9310,556,2024-10-17,DELIVERED
9311,717,2022-01-08,RETURNED
9312,1652,2022-03-24,DELIVERED
9313,684,2022-09-29,CANCELLED
9314,125,2023-01-16,DELIVERED
9315,368,2024-03-24,DELIVERED
9316,463,2022-04-30,DELIVERED
9317,1731,2024-03-07,DELIVERED
9318,1852,2023-06-08,DELIVERED
9319,1952,2024-01-31,RETURNED
9320,457,2023-05-10,DELIVERED
9321,1865,2022-03-09,RETURNED
9322,946,2023-06-13,CANCELLED
9323,81,2024-02-20,DELIVERED
9324,178,2024-06-05,DELIVERED
9325,301,2022-11-01,DELIVERED
9326,819,2024-09-07,DELIVERED
9327,257,2023-12-03,CANCELLED
9328,410,2024-09-14,CANCELLED
9329,1178,2022-02-20,DELIVERED
9330,1636,2024-01-04,CANCELLED
9331,1802,2023-03-06,DELIVERED
9332,1893,2024-04-15,DELIVERED
9333,428,2023-02-02,DELIVERED
9334,890,2023-04-18,DELIVERED
9335,529,2022-09-23,DELIVERED
9336,1933,2023-12-28,DELIVERED
9337,327,2024-11-30,DELIVERED
9338,287,2023-03-25,DELIVERED
9339,362,2023-01-17,DELIVERED
9340,1188,2023-03-02,DELIVERED
9341,478,2023-04-15,CANCELLED
9342,1689,2022-04-19,DELIVERED
9343,1420,2023-10-02,DELIVERED
9344,426,2023-05-30,RETURNED
9345,70,2023-02-23,CANCELLED
9346,23,2023-07-02,DELIVERED
9347,478,2023-02-07,DELIVERED
9348,1295,2024-11-19,DELIVERED
9349,576,2024-01-22,DELIVERED
9350,1569,2022-06-18,DELIVERED
9351,1323,2024-09-24,RETURNED
9352,1282,2022-01-26,DELIVERED
9353,449,2024-06-19,DELIVERED
9354,1073,2024-02-01,CANCELLED
9355,1408,2022-08-21,DELIVERED
9356,863,2024-02-29,DELIVERED
9357,1831,2024-03-01,DELIVERED
9358,1729,2024-01-01,DELIVERED
9359,1491,2022-10-23,DELIVERED
9360,1003,2023-04-01,DELIVERED
9361,1370,2022-11-19,DELIVERED
9362,62,2023-10-24,DELIVERED
9363,298,2024-07-11,DELIVERED
9364,1986,2024-05-27,DELIVERED
9365,743,2023-02-23,DELIVERED
9366,1970,2022-09-29,DELIVERED
9367,1139,2023-03-14,DELIVERED
9368,1172,2022-03-19,DELIVERED
9369,936,2024-08-17,RETURNED
9370,1387,2024-11-26,RETURNED
9371,1388,2023-03-09,DELIVERED
9372,763,2022-02-16,DELIVERED
9373,194,2024-11-10,DELIVERED
9374,1192,2024-05-11,RETURNED
9375,1635,2024-01-14,CANCELLED
9376,1395,2022-03-03,DELIVERED
9377,24,2024-03-22,DELIVERED
9378,1796,2024-12-09,DELIVERED
9379,1375,2022-03-17,DELIVERED
9380,938,2023-04-03,RETURNED
9381,1013,2024-05-05,DELIVERED
9382,1784,2023-09-02,CANCELLED
9383,1182,2024-12-25,DELIVERED
9384,292,2024-01-04,CANCELLED
9385,183,2022-01-02,DELIVERED
9386,686,2023-01-15,DELIVERED
9387,1755,2024-08-19,DELIVERED
9388,313,2022-07-31,DELIVERED
9389,1160,2024-03-31,DELIVERED
9390,1387,2024-06-23,DELIVERED
9391,1174,2024-04-29,DELIVERED
9392,1237,2023-06-11,DELIVERED
9393,1878,2023-08-15,DELIVERED
9394,1140,2023-12-14,DELIVERED
9395,1524,2023-08-09,DELIVERED
9396,892,2024-01-24,DELIVERED
9397,963,2022-04-30,DELIVERED
9398,445,2022-03-06,DELIVERED
9399,1513,2022-07-06,DELIVERED
9400,300,2024-08-15,RETURNED
9401,779,2024-02-10,DELIVERED
9402,1522,2022-12-10,DELIVERED
9403,800,2024-08-02,DELIVERED
9404,1443,2023-01-16,DELIVERED
9405,1495,2023-02-23,DELIVERED
9406,1035,2024-07-14,DELIVERED
9407,438,2022-05-14,DELIVERED
9408,802,2022-01-11,CANCELLED
9409,1189,2022-09-11,DELIVERED
9410,22,2023-09-12,DELIVERED
9411,883,2024-03-22,CANCELLED
9412,1490,2022-02-16,CANCELLED
9413,426,2022-11-12,DELIVERED
9414,624,2024-07-05,CANCELLED
9415,1143,2023-02-09,DELIVERED
9416,1053,2024-01-02,DELIVERED
9417,1291,2023-07-27,DELIVERED
9418,883,2022-04-30,CANCELLED
9419,1263,2022-02-17,DELIVERED
9420,1016,2022-07-18,RETURNED
9421,600,2024-01-20,DELIVERED
9422,1146,2022-08-09,DELIVERED
9423,717,2024-10-02,CANCELLED
9424,1466,2023-07-11,DELIVERED
9425,1969,2023-09-07,DELIVERED
9426,1012,2023-03-14,DELIVERED
9427,1984,2023-04-24,DELIVERED
9428,1574,2022-04-27,CANCELLED
9429,1611,2023-10-29,DELIVERED
9430,1933,2022-03-03,DELIVERED
9431,797,2024-06-13,DELIVERED
9432,180,2023-01-27,DELIVERED
9433,1637,2023-09-13,CANCELLED
9434,907,2022-07-05,DELIVERED
9435,1889,2024-10-26,DELIVERED
9436,912,2023-07-15,DELIVERED
9437,541,2023-12-28,DELIVERED
9438,1679,2024-04-05,DELIVERED
9439,1268,2023-03-15,DELIVERED
9440,810,2022-11-20,CANCELLED
9441,119,2022-11-03,DELIVERED
9442,1048,2024-03-09,DELIVERED
9443,1643,2022-12-05,DELIVERED
9444,456,2023-09-03,CANCELLED
9445,476,2024-01-04,DELIVERED
9446,831,2023-11-07,DELIVERED
9447,230,2023-01-18,CANCELLED
9448,1405,2023-12-30,DELIVERED
9449,1685,2023-04-27,DELIVERED
9450,131,2022-01-11,DELIVERED
9451,93,2023-03-06,DELIVERED
9452,636,2024-05-09,DELIVERED
9453,782,2024-05-24,DELIVERED
9454,614,2022-05-01,DELIVERED
9455,825,2023-06-16,DELIVERED
9456,942,2024-05-31,CANCELLED
9457,1194,2022-09-08,DELIVERED
9458,1805,2022-06-17,DELIVERED
9459,382,2022-12-30,DELIVERED
9460,693,2022-04-01,RETURNED
9461,487,2024-04-09,DELIVERED
9462,720,2024-04-17,CANCELLED
9463,1457,2022-05-24,DELIVERED
9464,1850,2022-04-01,DELIVERED
9465,1697,2023-09-12,DELIVERED
9466,1068,2023-03-30,DELIVERED
9467,764,2022-09-26,CANCELLED
9468,852,2024-04-01,DELIVERED
9469,1669,2023-04-03,DELIVERED
9470,647,2022-01-01,CANCELLED
9471,54,2022-12-09,DELIVERED
9472,1609,2024-09-13,DELIVERED
9473,1063,2022-01-24,DELIVERED
9474,1794,2022-03-05,DELIVERED
9475,1753,2023-08-26,CANCELLED
9476,1754,2024-08-11,DELIVERED
9477,1110,2022-07-09,RETURNED
9478,1145,2022-04-23,DELIVERED
9479,1873,2022-07-05,DELIVERED
9480,1245,2022-08-26,DELIVERED
9481,822,2024-02-05,DELIVERED
9482,730,2023-11-20,DELIVERED
9483,195,2023-04-01,CANCELLED
9484,1181,2024-04-23,DELIVERED
9485,167,2024-10-24,DELIVERED
9486,1353,2024-10-05,DELIVERED
9487,16,2022-01-24,DELIVERED
9488,1250,2022-10-30,DELIVERED
9489,418,2022-11-30,CANCELLED
9490,1941,2024-01-19,DELIVERED
9491,1881,2022-07-27,DELIVERED
9492,172,2022-11-11,RETURNED
9493,451,2023-03-02,CANCELLED
9494,153,2023-02-03,DELIVERED
9495,723,2022-12-01,RETURNED
9496,87,2023-06-28,DELIVERED
9497,107,2023-03-13,DELIVERED
9498,1385,2022-05-30,RETURNED
9499,965,2024-10-12,DELIVERED
9500,1139,2023-12-16,DELIVERED
9501,1468,2024-07-08,DELIVERED
9502,15,2024-03-06,DELIVERED
9503,140,2023-01-07,RETURNED
9504,1616,2022-09-26,CANCELLED
9505,1331,2023-04-16,RETURNED
9506,796,2024-01-29,RETURNED
9507,880,2023-10-14,DELIVERED
9508,192,2022-12-11,DELIVERED
9509,1136,2024-06-02,DELIVERED
9510,1318,2022-05-10,DELIVERED
9511,1842,2022-09-06,DELIVERED
9512,270,2023-04-17,RETURNED
9513,1259,2023-03-30,DELIVERED
9514,373,2023-10-27,DELIVERED
9515,1792,2024-11-06,CANCELLED
9516,1190,2022-10-05,DELIVERED
9517,1614,2022-11-05,DELIVERED
9518,1620,2023-08-06,CANCELLED
9519,699,2024-05-31,DELIVERED
9520,1409,2024-10-31,CANCELLED
9521,1734,2022-08-04,CANCELLED
9522,1806,2024-03-03,DELIVERED
9523,1169,2024-04-08,RETURNED
9524,100,2023-08-14,DELIVERED
9525,705,2022-12-01,DELIVERED
9526,289,2022-04-11,CANCELLED
9527,1624,2024-05-14,DELIVERED
9528,251,2024-04-09,CANCELLED
9529,1590,2022-07-31,RETURNED
9530,1823,2022-01-28,DELIVERED
9531,1531,2024-04-13,CANCELLED
9532,1795,2022-06-04,DELIVERED
9533,1024,2022-07-29,DELIVERED
9534,1648,2023-04-29,DELIVERED
9535,1155,2023-10-29,DELIVERED
9536,1160,2023-12-23,DELIVERED
9537,828,2022-01-24,DELIVERED
9538,1663,2023-11-12,CANCELLED
9539,1868,2024-10-24,DELIVERED
9540,1696,2022-09-27,DELIVERED
9541,936,2023-06-22,DELIVERED
9542,886,2023-03-28,DELIVERED
9543,1306,2023-12-15,DELIVERED
9544,84,2024-09-24,DELIVERED
9545,1246,2023-07-16,DELIVERED
9546,294,2022-02-02,DELIVERED
9547,736,2024-07-19,RETURNED
9548,1333,2024-06-26,RETURNED
9549,367,2023-10-10,CANCELLED
9550,1382,2024-12-28,DELIVERED
9551,832,2024-03-10,DELIVERED
9552,1799,2023-12-09,DELIVERED
9553,197,2024-03-11,RETURNED
9554,1981,2023-08-09,DELIVERED
9555,1075,2024-03-31,DELIVERED
9556,602,2024-02-08,RETURNED
9557,656,2022-01-30,DELIVERED
9558,1603,2024-03-04,DELIVERED
9559,1652,2024-07-02,RETURNED
9560,174,2022-09-05,CANCELLED
9561,793,2022-10-08,CANCELLED
9562,1107,2024-03-28,DELIVERED
9563,1573,2023-01-24,DELIVERED
9564,1070,2022-09-19,DELIVERED
9565,1928,2024-03-30,RETURNED
9566,1218,2024-04-25,DELIVERED
9567,95,2022-09-13,DELIVERED
9568,776,2022-11-19,CANCELLED
9569,1528,2024-10-02,CANCELLED
9570,605,2022-04-02,DELIVERED
9571,1837,2024-01-16,CANCELLED
9572,1019,2022-09-28,DELIVERED
9573,1469,2022-10-30,DELIVERED
9574,561,2023-01-03,RETURNED
9575,697,2022-11-07,DELIVERED
9576,1522,2024-03-10,CANCELLED
9577,2,2024-12-03,DELIVERED
9578,1715,2024-12-06,CANCELLED
9579,633,2024-03-10,RETURNED
9580,927,2023-01-04,DELIVERED
9581,1958,2022-04-26,DELIVERED
9582,308,2022-01-17,DELIVERED
9583,1860,2023-04-12,DELIVERED
9584,1572,2022-06-29,DELIVERED
9585,244,2024-11-20,DELIVERED
9586,1882,2024-04-27,DELIVERED
9587,1255,2023-04-16,DELIVERED
9588,306,2023-05-12,DELIVERED
9589,1487,2022-09-11,DELIVERED
9590,175,2022-10-28,RETURNED
9591,1186,2023-07-09,RETURNED
9592,1821,2023-04-09,CANCELLED
9593,1624,2023-07-22,RETURNED
9594,1313,2022-06-03,DELIVERED
9595,64,2024-09-21,DELIVERED
9596,544,2023-02-08,DELIVERED
9597,1301,2024-08-11,RETURNED
9598,987,2022-11-06,DELIVERED
9599,623,2022-04-03,CANCELLED
9600,198,2022-08-24,DELIVERED
9601,1088,2022-10-29,DELIVERED
9602,445,2024-10-04,DELIVERED
9603,1159,2024-11-24,DELIVERED
9604,224,2022-02-01,RETURNED
9605,1647,2024-02-24,DELIVERED
9606,637,2022-11-30,RETURNED
9607,705,2024-08-06,DELIVERED
9608,1263,2024-06-10,CANCELLED
9609,1392,2023-11-12,DELIVERED
9610,970,2024-07-13,RETURNED
9611,1590,2023-12-12,RETURNED
9612,855,2023-03-13,CANCELLED
9613,616,2024-10-25,DELIVERED
9614,1092,2022-10-22,DELIVERED
9615,1551,2024-10-08,CANCELLED
9616,306,2023-10-07,DELIVERED
9617,1532,2023-01-16,DELIVERED
9618,660,2023-02-19,DELIVERED
9619,139,2024-08-12,RETURNED
9620,1392,2023-01-18,DELIVERED
9621,679,2022-04-05,RETURNED
9622,516,2023-11-20,DELIVERED
9623,1135,2024-12-15,DELIVERED
9624,1971,2024-08-24,DELIVERED
9625,537,2024-06-22,DELIVERED
9626,892,2024-02-17,RETURNED
9627,1452,2022-04-01,DELIVERED
9628,1107,2024-10-11,DELIVERED
9629,1448,2024-10-22,DELIVERED
9630,1481,2022-09-22,DELIVERED
9631,968,2023-10-04,DELIVERED
9632,1401,2023-03-17,CANCELLED
9633,799,2024-01-08,DELIVERED
9634,211,2024-01-31,CANCELLED
9635,1453,2022-10-07,DELIVERED
9636,196,2022-03-12,DELIVERED
9637,606,2022-06-18,DELIVERED
9638,1956,2023-06-24,DELIVERED
9639,1302,2022-09-07,DELIVERED
9640,794,2022-06-17,DELIVERED
9641,587,2023-12-30,DELIVERED
9642,1615,2024-02-22,RETURNED
9643,722,2024-08-02,DELIVERED
9644,1908,2023-02-24,DELIVERED
9645,1219,2024-09-07,DELIVERED
9646,251,2024-01-13,DELIVERED
9647,1677,2023-05-13,RETURNED
9648,1609,2024-07-12,DELIVERED
9649,886,2024-08-15,DELIVERED
9650,52,2022-04-04,CANCELLED
9651,1622,2023-09-12,DELIVERED
9652,618,2024-10-13,DELIVERED
9653,1458,2023-12-30,CANCELLED
9654,1469,2024-04-26,DELIVERED
9655,1503,2024-12-22,DELIVERED
9656,190,2024-09-02,DELIVERED
9657,110,2022-09-25,DELIVERED
9658,1173,2022-11-11,DELIVERED
9659,523,2023-03-22,DELIVERED
9660,1881,2023-03-26,DELIVERED
9661,1006,2023-08-14,DELIVERED
9662,93,2023-03-08,DELIVERED
9663,329,2022-12-09,DELIVERED
9664,1784,2023-10-21,DELIVERED
9665,84,2024-06-18,DELIVERED
9666,923,2023-02-28,DELIVERED
9667,640,2024-12-11,DELIVERED
9668,812,2024-08-06,DELIVERED
9669,966,2024-10-13,DELIVERED
9670,941,2022-02-06,DELIVERED
9671,789,2024-04-21,RETURNED
9672,1562,2023-12-25,DELIVERED
9673,8,2024-07-09,DELIVERED
9674,1469,2022-10-13,DELIVERED
9675,1126,2022-11-13,DELIVERED
9676,1981,2023-01-06,CANCELLED
9677,1321,2022-09-18,DELIVERED
9678,1698,2023-03-12,RETURNED
9679,1032,2024-04-30,RETURNED
9680,1101,2022-12-04,DELIVERED
9681,1619,2023-06-20,CANCELLED
9682,274,2024-05-23,DELIVERED
9683,1619,2023-03-18,DELIVERED
9684,405,2022-01-23,RETURNED
9685,1479,2024-01-08,DELIVERED
9686,1718,2024-06-01,DELIVERED
9687,1357,2022-03-17,RETURNED
9688,822,2024-03-24,DELIVERED
9689,560,2023-12-23,RETURNED
9690,194,2023-01-08,DELIVERED
9691,1339,2023-06-26,DELIVERED
9692,697,2024-12-03,CANCELLED
9693,568,2022-07-07,DELIVERED
9694,1067,2023-09-26,RETURNED
9695,1635,2024-06-05,DELIVERED
9696,316,2023-06-20,DELIVERED
9697,60,2024-03-07,CANCELLED
9698,958,2022-06-30,DELIVERED
9699,1450,2022-02-08,DELIVERED
9700,1455,2023-04-07,CANCELLED
9701,517,2024-12-19,DELIVERED
9702,1412,2024-04-21,CANCELLED
9703,1187,2023-12-18,RETURNED
9704,1512,2024-02-02,DELIVERED
9705,529,2022-12-08,DELIVERED
9706,506,2024-10-20,DELIVERED
9707,405,2022-08-02,DELIVERED
9708,1748,2024-04-19,DELIVERED
9709,1412,2024-03-17,DELIVERED
9710,1017,2022-12-30,DELIVERED
9711,945,2024-05-25,DELIVERED
9712,976,2024-09-26,DELIVERED
9713,430,2024-01-10,CANCELLED
9714,871,2022-05-28,DELIVERED
9715,1589,2023-09-25,DELIVERED
9716,527,2022-05-30,DELIVERED
9717,451,2022-02-18,RETURNED
9718,1337,2023-09-02,DELIVERED
9719,1612,2024-10-03,RETURNED
9720,394,2023-02-15,DELIVERED
9721,27,2024-09-30,CANCELLED
9722,236,2024-01-15,RETURNED
9723,68,2022-07-12,DELIVERED
9724,459,2022-08-06,DELIVERED
9725,1077,2022-01-01,DELIVERED
9726,376,2023-02-12,DELIVERED
9727,515,2024-10-19,DELIVERED
9728,1553,2022-06-02,DELIVERED
9729,1199,2022-01-27,DELIVERED
9730,1770,2024-12-10,RETURNED
9731,200,2024-02-27,CANCELLED
9732,1859,2023-05-28,CANCELLED
9733,1442,2022-02-07,DELIVERED
9734,1288,2022-07-03,DELIVERED
9735,1855,2024-09-12,DELIVERED
9736,1355,2022-02-24,DELIVERED
9737,1256,2024-02-20,DELIVERED
9738,474,2024-03-03,DELIVERED
9739,75,2024-03-18,DELIVERED
9740,1641,2023-01-07,CANCELLED
9741,939,2023-01-07,DELIVERED
9742,459,2022-12-22,DELIVERED
9743,1043,2024-03-03,DELIVERED
9744,899,2022-11-21,RETURNED
9745,1867,2024-01-14,DELIVERED
9746,961,2022-08-01,DELIVERED
9747,1542,2024-01-16,DELIVERED
9748,1397,2024-06-28,DELIVERED
9749,322,2024-09-28,DELIVERED
9750,243,2022-08-25,DELIVERED
9751,632,2022-07-16,CANCELLED
9752,956,2024-10-19,DELIVERED
9753,1656,2023-01-10,CANCELLED
9754,1741,2024-04-27,DELIVERED
9755,1980,2024-05-18,DELIVERED
9756,833,2024-11-07,DELIVERED
9757,1098,2024-05-10,CANCELLED
9758,72,2024-12-08,DELIVERED
9759,1239,2024-08-29,DELIVERED
9760,711,2024-10-22,DELIVERED
9761,1983,2024-09-07,RETURNED
9762,1675,2023-08-24,CANCELLED
9763,1944,2023-02-03,RETURNED
9764,842,2023-07-15,DELIVERED
9765,1017,2022-04-15,DELIVERED
9766,412,2022-11-04,DELIVERED
9767,1720,2024-10-06,DELIVERED
9768,1813,2023-12-20,DELIVERED
9769,1656,2023-06-25,CANCELLED
9770,1062,2024-06-29,DELIVERED
9771,794,2024-02-28,DELIVERED
9772,1678,2023-06-27,RETURNED
9773,1525,2022-06-10,DELIVERED
9774,1725,2023-05-04,DELIVERED
9775,908,2023-06-02,RETURNED
9776,1327,2022-03-15,CANCELLED
9777,266,2023-06-03,DELIVERED
9778,747,2023-05-10,DELIVERED
9779,348,2022-01-12,DELIVERED
9780,559,2024-12-09,DELIVERED
9781,645,2023-04-10,DELIVERED
9782,530,2023-11-13,RETURNED
9783,486,2024-06-22,CANCELLED
9784,716,2023-07-27,DELIVERED
9785,1929,2022-03-08,CANCELLED
9786,988,2024-12-11,DELIVERED
9787,471,2024-12-25,DELIVERED
9788,1494,2024-12-28,DELIVERED
9789,826,2023-01-22,DELIVERED
9790,1244,2022-09-05,DELIVERED
9791,1231,2024-02-17,DELIVERED
9792,1517,2024-12-10,DELIVERED
9793,1882,2023-07-21,CANCELLED
9794,60,2024-08-30,DELIVERED
9795,429,2022-04-24,RETURNED
9796,1793,2023-07-17,DELIVERED
9797,3,2024-03-02,DELIVERED
9798,1661,2023-06-12,CANCELLED
9799,644,2022-07-31,DELIVERED
9800,1512,2022-10-17,DELIVERED
9801,1058,2023-04-17,RETURNED
9802,926,2024-06-03,DELIVERED
9803,1825,2023-08-20,RETURNED
9804,957,2023-07-30,DELIVERED
9805,546,2024-03-18,RETURNED
9806,1527,2022-03-18,DELIVERED
9807,1743,2022-10-07,RETURNED
9808,403,2024-08-29,DELIVERED
9809,688,2022-10-28,CANCELLED
9810,1452,2023-08-04,CANCELLED
9811,143,2022-04-20,RETURNED
9812,44,2023-01-02,DELIVERED
9813,894,2022-04-02,DELIVERED
9814,1093,2022-08-14,DELIVERED
9815,1222,2023-11-03,DELIVERED
9816,613,2024-11-26,DELIVERED
9817,1805,2024-08-03,DELIVERED
9818,1299,2024-08-19,DELIVERED
9819,403,2023-04-29,RETURNED
9820,45,2024-05-24,DELIVERED
9821,516,2023-03-17,RETURNED
9822,916,2024-01-31,DELIVERED
9823,1939,2024-08-26,DELIVERED
9824,431,2023-12-01,DELIVERED
9825,1656,2023-12-06,DELIVERED
9826,1574,2023-01-11,DELIVERED
9827,381,2024-08-15,DELIVERED
9828,827,2024-12-17,DELIVERED
9829,887,2024-08-21,DELIVERED
9830,175,2022-09-03,RETURNED
9831,1229,2023-01-09,DELIVERED
9832,1473,2024-03-28,RETURNED
9833,1767,2023-03-24,DELIVERED
9834,261,2023-01-20,DELIVERED
9835,520,2024-01-16,DELIVERED
9836,1205,2024-12-02,RETURNED
9837,1966,2022-07-29,DELIVERED
9838,1979,2023-03-01,RETURNED
9839,509,2024-10-17,DELIVERED
9840,1026,2024-07-02,DELIVERED
9841,1878,2024-10-31,CANCELLED
9842,24,2024-09-29,DELIVERED
9843,1554,2022-04-02,DELIVERED
9844,1544,2024-04-08,CANCELLED
9845,745,2022-09-01,RETURNED
9846,1677,2024-05-25,DELIVERED
9847,1016,2022-03-15,RETURNED
9848,1081,2023-02-24,CANCELLED
9849,1395,2023-09-10,DELIVERED
9850,1497,2023-07-05,DELIVERED
9851,402,2022-01-22,DELIVERED
9852,1060,2023-12-21,DELIVERED
9853,887,2023-11-04,DELIVERED
9854,1414,2022-01-15,RETURNED
9855,1798,2023-06-22,DELIVERED
9856,982,2023-01-14,DELIVERED
9857,1259,2022-01-21,DELIVERED
9858,1776,2024-07-14,DELIVERED
9859,1678,2024-11-02,DELIVERED
9860,1359,2024-03-09,CANCELLED
9861,525,2023-05-19,CANCELLED
9862,170,2024-05-26,DELIVERED
9863,1064,2023-10-29,CANCELLED
9864,1030,2023-07-01,RETURNED
9865,548,2022-03-27,DELIVERED
9866,1350,2023-10-09,RETURNED
9867,1204,2023-03-18,DELIVERED
9868,382,2022-03-10,DELIVERED
9869,1818,2024-02-01,DELIVERED
9870,1731,2023-12-02,DELIVERED
9871,1269,2022-04-21,DELIVERED
9872,741,2022-11-22,DELIVERED
9873,1868,2022-03-19,RETURNED
9874,1244,2024-04-03,DELIVERED
9875,449,2022-02-13,RETURNED
9876,1685,2022-12-05,RETURNED
9877,734,2024-03-29,DELIVERED
9878,1985,2022-01-07,RETURNED
9879,61,2024-06-20,DELIVERED
9880,1215,2022-08-29,CANCELLED
9881,564,2022-05-04,CANCELLED
9882,1399,2024-08-06,DELIVERED
9883,335,2022-02-22,DELIVERED
9884,1775,2024-01-02,DELIVERED
9885,1144,2023-10-31,DELIVERED
9886,599,2022-09-20,DELIVERED
9887,1361,2024-12-24,DELIVERED
9888,80,2024-02-27,RETURNED
9889,259,2022-04-24,DELIVERED
9890,1791,2022-09-12,CANCELLED
9891,67,2023-05-02,RETURNED
9892,115,2023-12-11,DELIVERED
9893,590,2024-07-07,DELIVERED
9894,1058,2024-01-06,DELIVERED
9895,1689,2024-09-21,DELIVERED
9896,1813,2023-02-23,DELIVERED
9897,1077,2022-11-04,DELIVERED
9898,1468,2023-11-06,DELIVERED
9899,671,2023-04-30,DELIVERED
9900,215,2024-02-07,RETURNED
9901,1098,2022-11-18,DELIVERED
9902,1761,2023-01-20,CANCELLED
9903,1783,2022-10-10,DELIVERED
9904,563,2022-09-27,DELIVERED
9905,1778,2022-07-21,DELIVERED
9906,379,2024-01-13,DELIVERED
9907,957,2024-05-07,CANCELLED
9908,1605,2024-12-13,DELIVERED
9909,163,2023-11-21,RETURNED
9910,1212,2022-03-26,DELIVERED
9911,1919,2024-11-17,DELIVERED
9912,867,2023-11-04,CANCELLED
9913,537,2024-10-24,DELIVERED
9914,212,2023-11-25,DELIVERED
9915,1452,2023-08-26,DELIVERED
9916,577,2022-08-24,RETURNED
9917,1732,2023-10-29,CANCELLED
9918,1046,2022-10-06,DELIVERED
9919,591,2024-04-13,CANCELLED
9920,85,2023-05-02,RETURNED
9921,55,2024-06-27,RETURNED
9922,846,2024-01-10,DELIVERED
9923,722,2023-03-07,DELIVERED
9924,682,2024-11-07,DELIVERED
9925,1759,2022-05-07,DELIVERED
9926,1458,2022-10-02,DELIVERED
9927,915,2024-06-17,CANCELLED
9928,615,2024-07-04,CANCELLED
9929,926,2024-10-14,RETURNED
9930,557,2024-02-02,DELIVERED
9931,369,2024-01-28,DELIVERED
9932,1451,2022-08-29,DELIVERED
9933,1054,2024-07-05,DELIVERED
9934,591,2023-05-24,DELIVERED
9935,963,2022-03-20,DELIVERED
9936,128,2023-08-07,RETURNED
9937,1829,2024-01-16,DELIVERED
9938,583,2023-09-28,DELIVERED
9939,1510,2024-05-02,DELIVERED
9940,544,2022-08-05,DELIVERED
9941,272,2023-02-09,DELIVERED
9942,699,2024-05-13,DELIVERED
9943,1001,2022-08-29,DELIVERED
9944,746,2023-03-29,DELIVERED
9945,62,2022-12-12,CANCELLED
9946,883,2024-07-03,DELIVERED
9947,1504,2022-02-12,DELIVERED
9948,254,2022-11-14,RETURNED
9949,314,2024-10-02,DELIVERED
9950,989,2024-03-24,DELIVERED
9951,1650,2022-05-09,RETURNED
9952,1674,2024-01-24,RETURNED
9953,1421,2023-02-18,DELIVERED
9954,1017,2022-04-12,DELIVERED
9955,580,2024-01-17,DELIVERED
9956,493,2023-08-17,DELIVERED
9957,1275,2023-11-20,RETURNED
9958,745,2024-06-10,CANCELLED
9959,1963,2022-09-09,DELIVERED
9960,1144,2023-03-16,DELIVERED
9961,1627,2024-09-17,DELIVERED
9962,1763,2024-04-29,DELIVERED
9963,111,2023-12-31,CANCELLED
9964,618,2022-07-07,DELIVERED
9965,855,2022-04-15,DELIVERED
9966,163,2024-08-28,DELIVERED
9967,1866,2023-11-07,DELIVERED
9968,1146,2023-10-20,CANCELLED
9969,192,2024-07-24,DELIVERED
9970,457,2024-03-11,DELIVERED
9971,1817,2022-04-05,CANCELLED
9972,1262,2023-05-12,RETURNED
9973,1369,2024-05-10,DELIVERED
9974,1180,2024-11-26,RETURNED
9975,1119,2023-12-19,DELIVERED
9976,51,2022-06-30,DELIVERED
9977,762,2023-02-08,DELIVERED
9978,191,2022-08-10,DELIVERED
9979,420,2022-12-21,DELIVERED
9980,832,2023-08-07,DELIVERED
9981,1252,2023-01-24,DELIVERED
9982,1503,2023-05-02,CANCELLED
9983,1927,2024-06-06,DELIVERED
9984,1204,2022-03-29,DELIVERED
9985,5,2023-04-29,DELIVERED
9986,1304,2024-07-05,DELIVERED
9987,1933,2022-05-09,DELIVERED
9988,1260,2023-03-09,DELIVERED
9989,581,2024-07-10,DELIVERED
9990,1542,2024-04-24,CANCELLED
9991,886,2024-04-07,DELIVERED
9992,1807,2023-07-14,RETURNED
9993,1648,2022-10-04,CANCELLED
9994,1114,2023-04-22,DELIVERED
9995,1433,2022-07-09,DELIVERED
9996,382,2024-04-08,DELIVERED
9997,985,2023-07-24,DELIVERED
9998,1672,2024-04-25,DELIVERED
9999,1738,2022-03-03,DELIVERED
10000,1328,2023-02-02,CANCELLED
